name,url,fileId,documentType,documentPurpose,documentIdentity,whenToUse,targetAudience,mainTopics,specificDetails,keyTakeaways,searchQueries,notToConfuseWith,productNames,competitorNames,customerNames,keyMetrics,keyFeatures,version,effectiveDate,status
"[Aniket] Agentic Platform Customer Deck","https://docs.google.com/presentation/d/1cZh9BEqucGuMreDLbi983jsJ6ieipm3ITB_ULLV2lBk/edit?usp=drivesdk","1cZh9BEqucGuMreDLbi983jsJ6ieipm3ITB_ULLV2lBk","second-call-deck","To sell and operationalize the AllyAI Agentic Platform in second-call customer discussions","This is the [Aniket] Agentic Platform Customer Deck – a comprehensive sales presentation showcasing CommerceIQ’s AllyAI-powered Agentic Platform, covering four AI agents (Content Agent, Media Agent, Shelf Agent, Sales Agent), their workflows, implementation plan (60-day deployment), case studies with quantified business impact (e.g., +168% sales, +55% ad sales growth, +10 pts PIM compliance in <2 weeks), incrementality measurement methodology, and a structured path from prototype to production deployment.","Use in second or third sales meetings when the customer wants detailed workflows, quantified ROI, case studies, and implementation timelines for Content, Media, Shelf, and Sales Agents.","Enterprise CPG sales leaders, ecommerce directors, retail media teams, and executive stakeholders evaluating CommerceIQ’s AI agents","AllyAI Agentic Platform overview; Content Agent – PDP compliance and optimization; Media Agent – Incrementality and iROAS optimization; Shelf Agent and Sales Agent positioning; 60-Day deployment and engagement plan; PIM compliance and workflow automation; Attribution models and incrementality fraction; Case studies and quantified business outcomes; Free agent availability and contract inclusions; AllyAI Context Engine and 2026 roadmap","2,000 active SKUs requiring 30,000 hours/year (15 FTEs); 6 updates per SKU per year at 30 minutes per update; +10 pts PIM compliance in <2 weeks; 90%+ PIM compliance across retailers; <1 min time to action vs 35 min industry average; 168% sales increase (pet category case study); 54% traffic increase and 1,115 bps conversion lift; 4.57% unit conversion increase and 4% net sales lift; +55% ad sales growth across 10 brands; +75% performance improvement and -12.8% CPC reduction; Incremental ROAS example: $2.14; Attribution windows: 3-, 7-, 14-, 30-day click; 1-, 7-, 14-, 30-day impression; Content Agent free for 1 retailer, 1 brand, 1 market; Newell achieved 100% PIM compliance in 60 days; 50+ signals used for keyword bid optimization","Manual PDP management at scale is operationally unsustainable without AI agents.; Incrementality (iROAS) is superior to traditional ROAS for media budget decisions.; Content and media optimization can drive measurable lifts in sales, traffic, and conversion within weeks.; CommerceIQ provides a structured 60-day path from prototype to production deployment.; AllyAI integrates compliance, content, media, and sales workflows into a unified agentic platform.","Agentic Platform customer deck; AllyAI Content Agent case studies; CommerceIQ 60 day deployment plan; PIM compliance improvement example; Incrementality vs ROAS explanation; iROAS optimization deck; Content Agent free retailer offer; Media Agent +55% sales growth example; Newell PIM compliance 100% case study; Pet category 168% sales lift example; CommerceIQ attribution windows explanation; AllyAI Context Engine overview; Shelf Agent included in DSA contract; Sales Agent Ask Ally Copilot inclusion; Second call deck for CommerceIQ agents","First Call Deck – high-level overview without deep workflow or metrics detail; Product Box – defines packaging, pricing, and positioning rather than detailed case studies and implementation; Standalone Media Agent Deck – focused only on advertising, not full agentic platform; Case Study Library – individual customer stories rather than full platform narrative","AllyAI; Content Agent; Media Agent; Shelf Agent; Sales Agent; Ask Ally; Copilot; AllyAI Context Engine","","Newell; Coke","+168% sales; +54% traffic; +1,115 bps conversion rate; +4.57% unit conversion; +4% net sales; +2.47% digital penetration; +55% ad sales growth; +75% performance improvement; -12.8% CPC reduction; Incremental ROAS: $2.14; +10 pts PIM compliance in <2 weeks; 90%+ PIM compliance","PDP Content Compliance and Optimization; Incrementality Fraction; iROAS Optimization; 50+ Signal Keyword Bidding; Attribution Window Customization; Workflow Mapping and Guardrails; Prototype-to-Production 60-Day Plan; Real-Time Optimizations; PIM Syndication Automation",,,"Active"
"ExpertIQ-Datasheet.pdf","https://drive.google.com/file/d/1fzWmkrGyBidwiC8ckT80ZUpfjJGV8Uul/view?usp=drivesdk","1fzWmkrGyBidwiC8ckT80ZUpfjJGV8Uul","datasheet","To explain and position CommerceIQ’s ExpertIQ credit-based advisory and advanced insights program for sales conversations.","This is the ExpertIQ-Datasheet.pdf – a product datasheet outlining CommerceIQ’s ExpertIQ program, a credit-based advanced insights and advisory service that extends beyond self-serve dashboards to provide specialized analytics, strategic deep dives, competitor benchmarking, NPD reviews, tentpole event analysis, and ongoing execution support delivered by a global expert team.","Use during sales or account expansion discussions when explaining ExpertIQ services, advanced analytics capabilities, credit structure, rollover policy, or sharing high-level proof points of impact.","Sales teams, Customer Success Managers, Account Executives, and prospective or existing CommerceIQ customers evaluating advisory services.","Overview of ExpertIQ program; Credit-based subscription model; Advanced insights and advisory services; Specialized analytics capabilities (NPD, tentpole, benchmarking); Global expert team support; Quarterly reporting and value alignment; Credit rollover policy; Customer collaboration model; Proven impact and case example; Why choose ExpertIQ (flexibility and transparent pricing)","Credit-based annual subscription model; Credits to be used within an annual period; Up to 10 unused credits can roll into a new contract; Advanced insights beyond self-serve dashboards; Specialized analytics: NPD review; Tentpole event analysis; Strategic deeper dives; Competitor benchmarking; 500+ insight packs delivered to a global beverage brand; 4,500+ action recommendations provided; 6–14 point YoY improvement in market-level scores; 8–25 point improvement at country level through search, content, taxonomy optimization; Global team with cross-market and cross-category expertise; Quarterly reporting value alignment; Clear and transparent pricing structure","ExpertIQ is a flexible, credit-based advisory service layered on top of CommerceIQ’s platform.; It delivers specialized analytics and strategic insights beyond standard dashboards.; The program has demonstrated measurable impact, including double-digit score improvements and thousands of actionable recommendations.","What is ExpertIQ?; ExpertIQ datasheet; CommerceIQ advisory services overview; ExpertIQ credit-based model; How do ExpertIQ credits work?; ExpertIQ NPD review support; CommerceIQ competitor benchmarking service; ExpertIQ tentpole event analysis; ExpertIQ case study global beverage brand; 500 insight packs CommerceIQ; ExpertIQ action recommendations example; ExpertIQ rollover policy; Advanced insights beyond dashboards CommerceIQ; ExpertIQ quarterly reporting structure; Why choose ExpertIQ CommerceIQ","ExpertIQ Product Box – which would detail internal positioning, packaging, and pricing tiers more comprehensively; ExpertIQ Second Call Deck – which would be a full presentation for deep-dive customer meetings; CommerceIQ Platform Datasheet – which focuses on the core software platform rather than advisory services","ExpertIQ; CommerceIQ","","Global beverage brand (unnamed)","500+ insight packs delivered; 4,500+ action recommendations; 6–14 point YoY improvement in market-level scores; 8–25 point score improvement at country level; Up to 10 credits eligible for rollover","Credit-based annual subscription; NPD review; Tentpole event analysis; Strategic deeper dives; Competitor benchmarking; Quarterly value reporting; Global expert advisory team",,,"Active"
"Content Agent Training Deck","https://docs.google.com/presentation/d/1JtVl-TJ1-2QUl0CLVzes_YZYDGZGd86AJlHVnPvhso0/edit?usp=drivesdk","1JtVl-TJ1-2QUl0CLVzes_YZYDGZGd86AJlHVnPvhso0","training-deck","Train and enable internal teams to position, deploy, and scale Content Agent.","This is the Content Agent Training Deck – a comprehensive internal product training and enablement presentation covering the vision, positioning, GTM rollout, implementation model, customer case studies, technical architecture, and adoption strategy for CommerceIQ’s Content Agent. It includes detailed workflow challenges, PIM-to-PDP compliance gaps, two-way PIM integrations, retailer-specific optimization logic, AI agent training capabilities, early access offers, and a Newell case study demonstrating 100% PIM compliance across 75 SKUs within 60 days.","Use for internal onboarding, sales enablement, QBR preparation, early access rollout planning, FDE alignment, or when preparing to pitch Content Agent to DSO/Copilot customers.","Internal sales, Customer Success Directors (CSDs), Forward Deployment Engineers (FDEs), product marketing, and enablement teams","Retail AI Agents vision and automation pivot; Digital Content Workflow Challenge (PIM–PDP gaps); Content Agent capabilities and retailer-specific optimization; Agent Training and brand context ingestion; Two-way PIM integration and FDE workflow; Newell case study (100% PIM compliance); Early Access offer and GTM rollout plan; Implementation keys and stakeholder alignment; Retailer guidelines and indexing optimization; Q1 deployment goals and enablement schedule","6,000+ SKUs covered on Amazon US alone; 35 minutes per SKU spent manually identifying and actioning gaps; 30+ minutes across 5+ systems to update a single SKU; 100% PIM compliance for 75 SKUs within 60 days (Newell); 80 SKUs aligned within 1 hour; Time to action reduced to <1 minute per SKU; CEO-level reporting delivered in <80 days; Two-way PIM integration with Salsify; Free for 1 retailer, 1 brand, 1 category for life of existing contract; Retailers supported: Amazon, Kroger, Costco, Walmart; Amazon requires minimum 3 compliant images to avoid suppression; Shorter titles rank higher on Walmart; Avoid ‘Made in USA’ claims on Amazon; brand-specific phrasing rules; Q1 goal: 100% of DSO & Copilot customers deploy 1 Content Agent; 29 meetings over 76 days with cross-functional strike team","Content Agent closes PIM-to-PDP compliance gaps with automation and two-way integration.; Manual content workflows are time-intensive and fragmented across systems; AI reduces time to <1 minute per SKU.; Retailer-specific indexing and guideline awareness drives conversion and visibility gains.; Successful implementation requires brand KPI ownership and technical PIM integration.; Early access is frictionless (no order form change) and strategically tied to Q1 adoption goals.","Content Agent training deck; How does Content Agent work?; Content Agent PIM integration details; Newell Content Agent case study; 100% PIM compliance example; Content Agent early access offer; DSO and Copilot content gaps; Two-way PIM integration Salsify CIQ; Retailer-specific content optimization Amazon Walmart; Content Agent Q1 deployment goal; AllyAI Context Engine examples; Content gap workflow automation; FDE workflow for Content Agent; 1-click syndication to retailers; Digital Shelf vs Copilot actionability limitations","Content Agent One-Pager – external high-level summary; Sales Agent Product Box – formal product definition and packaging; RMM Second Call Deck – advertising-focused customer presentation; Pricing Calculator – financial modeling tool","Content Agent; Digital Shelf Agent (DSA); Copilot; Sales Agent; Media Agent; Stock Agent; Ally AI Teammates; AllyAI Context Engine; CommerceIQ FDE","","Newell","6,000+ SKUs; 35 min per SKU manual effort; 30+ min across 5+ systems per SKU; 100% PIM compliance for 75 SKUs in 60 days; 80 SKUs aligned in 1 hour; <1 minute time to action per SKU; <80 days to CEO-level reporting; 29 meetings over 76 days; Q1 goal: 100% DSO & Copilot customers deploy 1 Content Agent","Two-way PIM integration; 1-click syndication to retail partners; Retailer-specific indexing optimization; Self-service Agent Training interface; Brand context ingestion via natural language; Content scoring logic customization; PIM source-of-gap identification; Compliance dashboards (PIM & PDP); Retailer guideline awareness engine",,"Q1 2026 rollout timeline referenced","Work In Progress"
"CommerceIQ Copilot for Amazon - Product Box August 25 Internal","https://docs.google.com/document/d/1N6kZbFtmBq8PV4wIeJ4r4J0WXzTiw4ENMc5erjpdQ0E/edit?usp=drivesdk",,"product-box","Define and align internal teams on Copilot for Amazon product scope, value, outcomes, and deployment model.","This is the CommerceIQ Copilot for Amazon – Product Box August 25 Internal - a comprehensive internal product definition and enablement document that outlines the AllyAI-powered Copilot suite (Content Agent, Media Agent, Sales Agent, Shelf Agent) for Amazon, including capabilities, workflows, case studies, measurable business outcomes, 60-day deployment plan, incrementality framework, PIM compliance automation, and commercial packaging (""free on 1 retailer, 1 brand, 1 market"").","Use during internal sales enablement, GTM alignment, executive briefings, solution scoping discussions, or when defining Copilot packaging and measurable outcomes for Amazon.","Sales leaders, account executives, solution consultants, forward deployed engineers, and GTM leadership involved in Copilot positioning and deployment.","Copilot for Amazon product definition; AllyAI Content Agent (PDP optimization & PIM compliance); Media Agent and incrementality optimization (iROAS); Sales Agent (Ask Ally) capabilities; Shelf Agent and DSA integration; 60-Day Content Agent Engagement Plan; Case studies and measurable SKU-level outcomes; PIM compliance automation across retailers; Incrementality Fraction and organic SOV framework; Commercial packaging and contract inclusions","2,000 active SKUs requiring 30,000 hours per year (15 FTEs); 6 updates per year per SKU at 30 minutes per update; +10 PIM compliance points in less than 2 weeks; 90%+ PIM compliance across retailers; Less than 1 minute time to action vs 35 min industry average; 4.57% unit conversion increase; 2.47% digital penetration increase; 4% Net Sales increase despite 2.04% ASP increase; 168% sales increase, 54% traffic increase, 1,115 bps conversion lift; Newell achieves 100% PIM compliance in 60 days; +55% ad sales growth across 10 brands; +75% campaign performance improvement; -12.8% CPC reduction; Incremental ROAS example: $2.14 with 95% Incrementality Fraction; Content Agent free on 1 retailer, 1 brand, 1 market for life of contract","Copilot unifies content, media, shelf, and sales intelligence under AI agents.; Content Agent automates PDP optimization and PIM compliance at massive scale.; Media Agent optimizes to incrementality (iROAS), not just ROAS, improving portfolio decisions.; Deployment is structured and measurable with a 60-day prototype-to-production model.; Commercial packaging lowers adoption friction with included/free components.","CommerceIQ Copilot for Amazon product box; AllyAI Content Agent PIM compliance metrics; 60 day Content Agent deployment plan; Copilot free on 1 retailer 1 brand 1 market; iROAS incrementality fraction explanation; Media Agent +55% sales growth case study; Newell 100% PIM compliance 60 days; 168% sales increase content optimization case study; 2,000 SKUs 30,000 hours manual PDP updates; Incremental ROAS vs ROAS example $2.14; AllyAI Context Engine advantage; Content Agent time to action less than 1 minute; Copilot agents drive sales share margin; Forward Deployed Engineer Copilot tuning; Organic SOV saturation advertising reduction","RMM Second Call Deck – customer-facing advertising deep dive; Sales Agent Product Box – focused only on presentation automation and CARS metrics; Media Agent standalone deck – retail media optimization only; Shelf Agent DSA documentation – focused specifically on shelf diagnostics","CommerceIQ Copilot for Amazon; AllyAI; Content Agent; Media Agent; Sales Agent; Shelf Agent; Ask Ally; AllyAI Context Engine","","Newell; Coke (Coca-Cola)","4.57% unit conversion increase; 2.47% digital penetration increase; 4% Net Sales increase; 2.04% ASP increase; 168% sales increase; 54% traffic increase; 1,115 bps conversion increase; +10 PIM compliance points in <2 weeks; 90%+ PIM compliance; +55% ad sales growth; +75% campaign performance lift; -12.8% CPC reduction; Incremental ROAS: $2.14; 95% Incrementality Fraction","PDP Content Compliance and Optimization; Score, optimize, and publish content in seconds; Incrementality Fraction modeling; iROAS automated optimization; Real-time optimizations; Organic SOV tracking; Working links with live sources; Prototype-to-production 60-day plan; Forward Deployed Engineer support; Cross-retailer attribution modeling (3, 14, 30 day click; 28 day impression)",,"August 25 (Internal)","Active"
"First Call Deck - Retail AI","https://docs.google.com/presentation/d/1KqFgvy7q1kWomwWKjYL6Qs_m8CADPQQ4TppG8GBTthI/edit?usp=drivesdk","1KqFgvy7q1kWomwWKjYL6Qs_m8CADPQQ4TppG8GBTthI","first-call-deck","Introduce and position the CommerceIQ Retail AI platform in first-call sales meetings.","This is the First Call Deck - Retail AI - a high-level introductory sales presentation that positions the CommerceIQ Retail AI platform as a unified sales AI solution for omnichannel commerce, covering digital shelf, retail media, sales data integration, AI-driven recommendations (AllyAI), case studies with quantified results (20% growth, +14 shelf score points, +55% ad sales, -12.8% CPC), and a structured engagement path from discovery to implementation.","Use during initial discovery or first sales calls with ecommerce, sales, or retail media leaders evaluating AI-driven commerce optimization.","Sales executives, ecommerce leaders, retail media teams, category managers, and digital commerce decision-makers evaluating AI-driven sales optimization platforms.","Retail omnichannel data fragmentation challenges; Digital shelf, retail media, and sales data unification; AI Context Engine and AllyAI capabilities; Goal-based optimization and sales plan gap forecasting; Case studies with quantified performance results; CommerceIQ platform pillars and differentiation; Automation and AI teammates; Implementation and onboarding roadmap; Digital commerce transformation services; P&L optimization and profit recovery","Grow digital shelf score by 10 points; Increase sales by 8%; +45% media spend in flea prevention; +25% canine joint support assortment growth; Average content score is 78; ABC accounts for 35% of all sales; New entrant has 5% Share of Voice; Personal Care Brand: 88% to 102% of sales plan (Q1 to Q2); 20% growth rate driven by AllyAI recommendations; Beverage brand: 500 insight packs in 3 minutes vs 54 in 6 weeks; +14 shelf score points improvement; +55% ad sales growth across 10 brands; +75% performance improvement metric cited; -12.8% CPC reduction; 3B+ automations, 2200+ brands, $40B+ sales driven","CommerceIQ Retail AI unifies sales, shelf, and media data into a single platform.; AllyAI provides contextual, goal-based recommendations tied to sales plans and KPIs.; AI-driven automation significantly improves sales performance, efficiency, and speed to insight.; The platform drives measurable results including sales growth, CPC reduction, and shelf score improvement.; CommerceIQ positions itself as a next-generation ecommerce sales management platform with AI teammates.","Retail AI first call deck; CommerceIQ Retail AI overview presentation; AllyAI sales AI platform overview; unified digital shelf and retail media platform deck; increase sales by 8% retail AI example; digital shelf score improvement case study; AI context engine commerce manager; CommerceIQ case study 20% growth rate; Beverage brand 500 insight packs 3 minutes; Retail AI omnichannel POS ePOS integration; goal based optimization retail media; CommerceIQ SoftBank funding slide; AI teammates ecommerce automation; Retail AI implementation timeline week 1 week 5; CommerceIQ difference unified platform total sales focus","Retail AI Second Call Deck – deeper technical, pricing, and architecture discussion; Retail AI Product Box – formal product definition and packaging document; AllyAI Case Study Library – detailed multi-customer success stories; RMM (Retail Media Management) specific deck – focused only on advertising execution","CommerceIQ AI Platform; Retail AI; AllyAI; Shelf Aware Media; Shelf Aware Sales; Amazon Sales Management; Retail Media Management","","Personal Care Brand; Beverage Brand","Increase sales by 8%; Grow digital shelf score by 10 points; 20% growth rate; +14 shelf score points; +55% ad sales growth; +75% performance improvement; -12.8% CPC reduction; 88% to 102% of sales plan; 3B+ automations; $40B+ sales driven","Unified platform (single pane of glass); AI Context Engine; AllyAI AI teammate; Goal-based optimization; Gap-to-plan forecasting; Retail Media incrementality model; Profit recovery; Digital shelf scorecard automation; Assortment strength analysis; Search optimization; Variation enforcement; 3P management; Price and promotional strategy optimization",,,"Active"
"Press Deck - Agentic Commerce","https://docs.google.com/presentation/d/1kNB0QuoC1EDCMB4JHxQO0nfTWPEeXfOV_oEjUxN4XzA/edit?usp=drivesdk",,"second-call-deck","To position and prove the value of CommerceIQ’s Agentic Commerce platform and AI agents with quantified outcomes and deployment roadmap.","This is the Press Deck - Agentic Commerce - a comprehensive external-facing presentation that introduces CommerceIQ’s AllyAI-powered Agentic Commerce platform, detailing four AI agents (Content Agent, Media Agent, Sales Agent, Shelf Agent), their workflows, 60-day deployment plan, quantified business outcomes (e.g., +168% sales lift, +55% ad sales growth, +10 pts PIM compliance in <2 weeks), and real-world case studies across retailers like Amazon, Walmart, and Target.","Use during second sales calls, executive briefings, press discussions, or when a prospect requests detailed proof of ROI, agent workflows, incrementality modeling, or a 60-day implementation plan.","Sales leaders, account executives, retail media teams, CPG brand executives, and press/analysts evaluating CommerceIQ’s Agentic Commerce platform.","Agentic Commerce platform overview; AllyAI Content Agent (PDP optimization & PIM compliance); AllyAI Media Agent (Incrementality & iROAS optimization); Sales Agent & Shelf Agent capabilities; 60-Day Engagement & Deployment Plan; Case studies and quantified business outcomes; Incrementality modeling and attribution frameworks; Operational inefficiencies in manual PDP management; Retailer integrations (Amazon, Walmart, Target); Available-now offers and contract inclusions","4.57% increase in unit conversion; 4% increase in net sales despite 2.04% ASP increase; 168% increase in sales (case study); 54% increase in traffic; 1115 bps increase in conversion rate; Newell achieves 100% PIM compliance in 60 days; +10 PIM compliance points in less than 2 weeks; 90%+ PIM compliance across retailers; 2,000 active SKUs requiring 30,000 hours/year (15 FTEs); 6 updates/year at 30 minutes/update; +55% ad sales growth across 10 brands; +75% performance lift and -12.8% CPC reduction; Incremental ROAS example: $21,400 estimated incremental sales, 95% incremental fraction, $2.14 iROAS; Attribution windows: 3-, 7-, 14-, 28-, 30-day click and impression; Content Agent free on 1 retailer, 1 brand, 1 market for life of contract","Agentic AI can replace thousands of manual PDP update hours with sub-minute automated optimization.; Incrementality-based media optimization (iROAS) drives more accurate budget allocation than standard ROAS.; Measurable business outcomes (sales lift, traffic growth, CPC reduction, compliance gains) are proven across brands.; A structured 60-day deployment plan enables rapid prototype-to-production rollout.; CommerceIQ integrates content, media, and sales workflows into a unified Agentic Commerce model.","Agentic Commerce deck; AllyAI Content Agent case study; CommerceIQ incrementality iROAS explanation; PIM compliance automation deck; 168% sales lift case study pet category; Newell 100% PIM compliance 60 days; CommerceIQ 60-day deployment plan; Media Agent +55% ad sales growth; Content Agent free retailer offer; Difference between ROAS and incremental ROAS; Organic SOV and incrementality phases; AllyAI Shelf Agent overview; Sales Agent Ask Ally capabilities; CommerceIQ Amazon Walmart Target integration; 30,000 hours PDP manual update problem","Sales Agent Product Box – defines packaging, pricing tiers, and SKU-style product definition; First Call Deck – high-level overview without deep metrics and case studies; Battle Cards – competitive comparison vs specific competitors; Training Deck – internal enablement materials for reps","AllyAI; Content Agent; Media Agent; Sales Agent; Shelf Agent; Ask Ally; CommerceIQ Incrementality","","Newell; Coke","+168% sales increase; +54% traffic increase; +1115 bps conversion rate increase; +55% ad sales growth; -12.8% CPC reduction; +10 PIM compliance points in <2 weeks; 90%+ PIM compliance; 4.57% unit conversion increase; 4% net sales increase; 95% incremental fraction; $2.14 incremental ROAS","PDP Content Compliance and Optimization; Incrementality Fraction modeling; iROAS automated optimization; Real-time media optimizations; Customizable click and impression attribution windows; Workflow mapping and guardrails; Prototype-to-production 60-day rollout; Forward Deployed Engineer support; Organic SOV tracking; Automated budget pacing",,,"Active"
"CommerceIQ-The-State-of-retail-Ecommerce-Q3-2025-report-Sept-va.pdf","https://drive.google.com/file/d/1DlVgZ7L64Ui_G9AS1lv-YdjY7gf59rnR/view?usp=drivesdk","1DlVgZ7L64Ui_G9AS1lv-YdjY7gf59rnR","enablement-guide","Provide Q3 2025 Amazon ecommerce benchmark insights across industries using CommerceIQ data.","This is the CommerceIQ The State of Retail Ecommerce Q3 2025 Report (September version) - a multi-industry performance report analyzing Amazon ecommerce trends from April 2024 to September 2025 using aggregated data from CommerceIQ’s REM Platform. It provides detailed YoY performance benchmarks across key metrics including Ordered Product Sales (OPS), Unit Margin, Ad Spend, ROAS, CPC, Revenue Loss Due to Out-of-Stock (OOS), On-Hand Inventory, Fill Rate, ASP, Discount %, Glance Views, and Conversion across major CPG and durable goods categories.","Use in executive sales conversations, QBRs, industry trend discussions, Prime Day performance analysis, and when providing benchmark data for Amazon category performance.","Sales teams, account executives, customer success managers, retail media strategists, and ecommerce executives engaging in Amazon-focused strategy discussions.","Q3 2025 ecommerce performance overview; OPS vs Unit Margin trends; Ad Spend, ROAS, and CPC analysis; Revenue Loss Due to Out-of-Stock (OOS); On-Hand Inventory and Fill Rate trends; Price Level vs Discount % dynamics; Glance Views and Conversion trends; Industry-specific deep dives; Q3 2024 vs Q3 2025 comparisons","Health & Personal Care OPS up 13.88% while unit margins declined 2.17% in July; Ad Spend up 33% YoY in Health & Personal Care; ROAS down 17.6%; CPC up 11.6%; Pet Products Ad Spend up 14.9% YoY; ROAS up 22.1%; CPC down 10.2%; Pet Products revenue loss from OOS up 139% YoY; Tools & Home Ad Spend up 47.6% YoY; ROAS down 16.2%; CPC up 14.5%; Furniture inventory down 52% YoY; Furniture PO Fill Rate up 26.5% YoY; Furniture ASP up 0.7% YoY; discounts down 3.8%; Furniture Glance Views down 29.5% YoY; conversion up 0.2%; Grocery revenue lost due to OOS up 108% YoY; Health & Personal Care On-Hand Inventory up 25.8% YoY; Fill Rate reached 91%, an 18-month high; Office Products CPC down 11.1% YoY; ROAS up 1.5%; Toys revenue lost due to OOS down 31% YoY; Health & Personal Care ASP down 4.3% YoY; discounts at 7.9%","Prime Day promotions drove OPS growth but pressured margins in several categories.; Advertising costs (CPC) are rising in competitive categories, reducing ROAS despite higher spend.; OOS-related revenue loss remains a major risk, with sharp increases in Grocery and Pet Products.; Fill rate improvements and inventory positioning vary widely by category.; Category-level dynamics differ significantly, requiring tailored ecommerce strategies.","CommerceIQ Q3 2025 ecommerce report; State of Retail Ecommerce Q3 2025; Amazon CPC trends Q3 2025; ROAS benchmarks by category 2025; Prime Day margin impact Q3 2025; Revenue loss due to OOS 2025 data; Health & Personal Care ecommerce trends Q3 2025; Pet Products ROAS improvement 2025; Tools & Home ad spend increase 2025; Furniture inventory decline 2025; Fill rate 18 month high 91%; Amazon glance views decline 2025; ASP vs discount trends Q3 2025; Office Products CPC decline 2025; Grocery OOS revenue spike 2025","CommerceIQ Product Sales Deck – focuses on platform features and capabilities rather than industry benchmarks.; Customer Case Study Library – highlights individual brand success stories instead of aggregate market data.; RMM or Retail Media pitch decks – focused on advertising solutions rather than macro ecommerce trends.","CommerceIQ REM Platform","","","OPS +13.88% YoY (Health & Personal Care); Unit Margin -2.17% (July, Health & Personal Care); Ad Spend +33% YoY (Health & Personal Care); ROAS -17.6% YoY; CPC +11.6% YoY; Pet ROAS +22.1% YoY; Pet CPC -10.2% YoY; Tools & Home Ad Spend +47.6% YoY; Fill Rate 91% (18-month high); Furniture Inventory -52% YoY; Grocery OOS Revenue Loss +108% YoY","Industry-level benchmark analysis; YoY Q3 2024 vs Q3 2025 comparisons; Ad performance metrics (Ad Spend, ROAS, CPC); OPS vs Unit Margin tracking; OOS revenue impact analysis; Inventory and fulfillment metrics; Price and discount trend analysis; Glance View and conversion tracking","Q3 2025 (September edition)","September 2025","Active"
"CommerceIQ-2025-Year-in-review-The State of-Retail-Ecommerce-report-Lookback.pdf","https://drive.google.com/file/d/1XAB1UbXwg2k47o339A7Cbix8Fo2aqJr5/view?usp=drivesdk",,"enablement-guide","Comprehensive 2025 capability summary and GTM enablement reference for CommerceIQ","This is the CommerceIQ 2025 Year in Review – The State of Retail Ecommerce Report (Lookback) - a comprehensive sales enablement and product capability overview document that summarizes CommerceIQ’s digital shelf, retail media, operations, profitability, and AI agent innovations across 2025. It includes detailed descriptions of Category and SKU-level analytics, content governance (Content Authority), digital shelf optimization agents, Amazon Copilot offer details, co-op deduction and recovery analytics, advertising and Share of Voice (SOV) metrics, inventory and forecasting KPIs, and a structured GTM rollout plan with webinar and deployment timelines.","Use for internal enablement, product overviews, explaining metric coverage, preparing for customer discussions on digital shelf, retail media, operations, or AI agents, and aligning on GTM rollout.","Sales teams, Customer Success Directors (CSDs), Marketing, Product Marketing, and GTM leadership","Category Page analytics and competitor benchmarking; SKU-level performance metrics (1P and 3P); Digital Shelf Content Agent and Amazon Copilot offers; Advertising performance and Share of Voice metrics; Operations and inventory forecasting KPIs; Content Authority and 3P content risk management; Co-op deductions and recovery analytics; Predictive OOS and Lost Buy Box diagnostics; Enablement & Outreach GTM schedule; Retailer syndication and PIM integration guidance","Content Agent free for 1 retailer, 1 brand, 1 category for life of contract; Retailers supported for automated syndication: Amazon, Kroger, Costco, Walmart; Forecast change alert triggered at >20% variance over next 6 weeks (ARAP mean forecast); ACoS metrics tracked at 1-day, 7-day, and 14-day intervals; Brand Halo Sales tracked at 1-day, 7-day, 14-day windows; SOV metrics across Page 1, Top 3, Top 10 placements; Predictive Out of Stock based on inventory and velocity (excluding outliers); Operational aging metrics: Units >90, >180, >365 days; Key profitability metrics: Contribution Margin, Contribution Profit, Net Pure Profit; Co-op Deduction Overview anchored to co-op invoice date; Lost Buy Box detection when Amazon is seller but 3P wins Buy Box; Definitions for Unavailable, OOS, and Suppressed PDP states; GTM outreach cadence with 4-email webinar sequence; Integration preference: Salsify PIM (others require deployment discussion); Metrics include ROAS, iACoS, IROAS, Incremental Sales, Incrementality Band","CommerceIQ provides end-to-end visibility across content, operations, advertising, and profitability.; AI agents (Content Agent, Amazon Copilot) are central to 2025 digital shelf optimization strategy.; Granular SKU-level and SOV analytics enable competitive benchmarking and incrementality measurement.; Operational risk detection (Predictive OOS, Lost Buy Box, forecast shifts) drives proactive revenue protection.; A structured GTM rollout plan aligns CSD, Marketing, and deployment teams for adoption.","CommerceIQ 2025 year in review; State of Retail Ecommerce report lookback; CommerceIQ Content Agent offer details; Amazon Copilot offer CommerceIQ; Digital Shelf Optimization customer offer; CommerceIQ SKU level metrics list; CommerceIQ Share of Voice metrics Page 1 Top 3; Predictive Out of Stock definition CIQ; Lost Buy Box detection CommerceIQ; Co-op deduction overview widget CIQ; CommerceIQ operations KPIs list; CommerceIQ advertising metrics ACoS ROAS IROAS; Retailer syndication Amazon Kroger Costco Walmart; Content Authority 3P seller PDP changes; CommerceIQ GTM webinar rollout schedule","CommerceIQ Second Call Deck – customer-facing deep dive presentation; CommerceIQ Product Box – concise positioning and packaging definition; Content Agent One-Pager – single-feature summary document; Retail Media Management (RMM) Deck – advertising-only focused presentation","CommerceIQ; Content Agent; Digital Shelf Optimization; Amazon Copilot","","","Contribution Margin; Net Pure Profit; Overall Content Score; Rep OOS %; PO Fill Rate; Weeks of Cover; Mean / P70 / P90 Forecast; ACoS (1/7/14 Day); ROAS; iACoS; IROAS; Brand Halo Sales (1/7/14 Day); Incremental Sales; Organic and Sponsored SOV (Top 3/Top 10/Page 1)","Category Page competitor benchmarking; SKU-level 1P/3P analytics; Predictive Out of Stock alerts; Lost Buy Box detection; 3P Variant identification; Content Authority monitoring; Co-op Deduction and Recovery Overview widgets; Retailer-specific automated syndication; AI-powered Content Optimization Engine enhancements; Enablement & Outreach GTM workflow",,"2025","Active"
"ExpertIQ Training Deck Internal","https://docs.google.com/presentation/d/1x0EnJT04my13Ug6EaB6tZsoTAgm-B2RSZ8bAbCANuGo/edit?usp=drivesdk","1x0EnJT04my13Ug6EaB6tZsoTAgm-B2RSZ8bAbCANuGo","training-deck","Train internal teams to position, sell, and deliver ExpertIQ Insights & Advisory services.","This is the ExpertIQ Training Deck Internal - a comprehensive internal sales and enablement presentation detailing ExpertIQ’s Insights & Advisory services, service tiers (Customer Success, Product Success, ExpertIQ), AMC and DSO analytics offerings, credit-based pricing model (starting at $25K annually), sample insight deliverables, and guidance for AEs on positioning, selling, and differentiating ExpertIQ from in-product AllyAI 1-click reports.","Use for AE onboarding, second-call preparation, ExpertIQ upsell strategy, pricing discussions, and internal clarification of service tiers and differentiation vs AllyAI.","Account Executives, Sales Leaders, Customer Success Managers, Product Success teams, and internal enablement stakeholders","ExpertIQ definition and JTBD; Service tiers: Customer Success, Product Success, ExpertIQ; Insights & Advisory offerings (AMC, DSO, NPD, benchmarking); Credit-based pricing and $25K annual subscription model; Plan / Do / Review business cycle; Share of Search and competitor benchmarking analysis; RFMD shopper cohorting and segmentation strategy; AMC Exposure Overlap and DSP vs Search analysis; Prime Day promotion and pricing comparisons; Sales process, collateral, and differentiation vs AllyAI","Annual subscription starts at $25K with volume discounts; Flexible credit allocation across insight services; Market Content Review: SWOT across 3 retailers, 3 categories, 3 brands; Brand A captures 42% of generic search terms; 31% organic share vs Competitor 2 at 19% (12% gap); 6% Champion shoppers, 10% Potential Champions; 61% repeat same ASIN behavior; 75% of repeat purchases concentrated in 10 SKUs; DSP as first touchpoint, Search as final conversion driver; Prime Day promotion comparison: 8 vs 9–10 products on promotion; Competitor promotional range 15–40% vs Brand A 20–30%; RFMD segmentation: Champion, Potential, Need Attention, Lost Champion, About to Churn; AllyAI generates executive-ready PowerPoint/Excel reports; Global team with multi-market expertise","ExpertIQ provides bespoke, action-oriented advisory beyond dashboards.; The service operates on a $25K+ credit-based annual subscription model.; AMC and advanced analytics uncover cross-channel impact (DSP + Search).; Shopper cohorting and hero SKU focus drive prioritized actions.; AEs must position ExpertIQ as strategic advisory vs in-product AI summaries.","What is ExpertIQ?; ExpertIQ training deck internal; ExpertIQ pricing $25K subscription; ExpertIQ credit allocation model; Difference between ExpertIQ and AllyAI; AMC add-on reports vs in-platform; Product Success vs ExpertIQ services; ExpertIQ share of search analysis example; RFMD segmentation example; DSP vs Search exposure overlap analysis; ExpertIQ sales collateral list; ExpertIQ rate card internal; ExpertIQ Prime Day analysis example; CommerceIQ advisory services overview","ExpertIQ Datasheet – external-facing summary document; ExpertIQ External Menu – client-ready report and credit list; AMC/DSO Report Examples – sample outputs only; AllyAI Product Documentation – focused on in-product AI reporting features","ExpertIQ; CommerceIQ; Product Success; Customer Success; AllyAI Media Teammate","Competitor 1; Competitor 2; Competitor 3; Competitor 4; Competitor 5","Brand A","$25K annual subscription starting price; 42% generic search share (Brand A); 31% organic share vs 19% Competitor 2; 6% Champion shoppers; 10% Potential Champions; 61% repeat same ASIN; 75% repeat purchases concentrated in 10 SKUs; 8 vs 9–10 products on promotion comparison; 15–40% vs 20–30% promotional discount ranges","Credit-based subscription model; Custom bespoke briefs; Market Content Review; SWOT digital shelf analysis; Competitor benchmarking; Tentpole event analysis; AMC Exposure Overlap Analysis; RFMD shopper segmentation; Share of Search analysis; AllyAI 1-click executive report generation",,,"Active"
"AllyAI Agent Product Hub","https://docs.google.com/document/d/1J6qBG6orf29KRgsdSigkNvOYBHyPUaNY3dqsPidoHRw/edit?usp=drivesdk",,"second-call-deck","To present the full AllyAI platform capabilities, proof points, and implementation plan to drive sales, share, and margin.","This is the AllyAI Agent Product Hub - a comprehensive sales enablement deck that defines, demonstrates, and operationalizes CommerceIQ’s AllyAI platform, including Content Agent, Media Agent, Shelf Agent, and Sales Agent, with detailed workflows, case studies, ROI metrics, implementation timelines, and a 60-day deployment plan.","Use in second-call or executive presentations when a prospect wants detailed proof, case studies, metrics, implementation steps, and ROI across Content, Media, Shelf, and Sales Agents.","Sales executives, account executives, solutions consultants, and revenue leaders presenting AllyAI to enterprise CPG brands and retail teams.","AllyAI platform overview (4 AI Agents); Content Agent PDP compliance and optimization; Media Agent incrementality and iROAS optimization; Shelf diagnostics and attainment; 60-day deployment and engagement plan; Case studies (Pet category, Newell); PIM compliance and workflow automation; Attribution models and incrementality fraction; Operational scale challenges (SKU and FTE burden); Forward Deployed Engineer implementation model","2,000 active SKUs requiring 30,000 hours per year (15 FTEs); 6 updates per year per SKU at 30 minutes per update; 30+ day feedback loop from PIM to retailer; +10 PIM compliance points in less than 2 weeks; 90%+ PIM compliance across retailers; Less than 1 minute time to action (vs 35 min industry average); 168% increase in sales (Pet case study); 54% increase in traffic; 1115 bps increase in conversion rate; 4.57% increase in unit conversion; 2.47% increase in digital penetration; 4% increase in net sales despite 2.04% ASP increase; +55% ad sales growth across 10 brands; -12.8% CPC reduction; Incremental ROAS example: $2.14 with 95% Incremental Fraction","AllyAI automates PDP optimization and reduces massive manual workload across retailers.; Incrementality-based media optimization (iROAS) prevents cannibalization and improves true profitability.; A structured 60-day deployment plan with FDE support drives measurable KPI movement quickly.; Content changes (e.g., title optimization) can generate triple-digit sales and conversion lifts.; The platform integrates content, media, and shelf diagnostics into one unified growth engine.","AllyAI Agent Product Hub deck; AllyAI Content Agent case study 168% sales increase; How does AllyAI improve PIM compliance?; CommerceIQ iROAS explanation; Incrementality fraction vs ROAS; AllyAI 60 day implementation plan; Content Agent Amazon Walmart Target; Newell 100% PIM compliance 60 days; AllyAI Media Agent CPC reduction; CommerceIQ pet category case study; AllyAI SKU optimization results; Forward Deployed Engineer AllyAI; Shelf Agent included in DSA contract; Sales Agent Ask Ally Copilot; AllyAI measurable KPI movement examples","Sales Agent Product Box (focuses specifically on Sales Agent packaging and pricing); Content Agent One-Pager (narrow overview without cross-agent platform detail); Media Agent Battle Card (competitive positioning vs other retail media platforms); RMM Second Call Deck (retail media only, not full AllyAI multi-agent platform)","AllyAI; Content Agent; Media Agent; Shelf Agent; Sales Agent; Ask Ally; CommerceIQ Incrementality","","Newell; Purina; Tidy Cats; Coke","168% increase in sales; 54% increase in traffic; 1115 bps increase in conversion rate; 4.57% increase in unit conversion; 2.47% increase in digital penetration; 4% increase in net sales; 2.04% ASP increase; +55% ad sales growth; +75% campaign performance growth; -12.8% CPC reduction; 95% Incremental Fraction; $2.14 Incremental ROAS; 30,000 hours per year (15 FTEs); 90%+ PIM compliance","PDP Content Compliance and Optimization; Content scoring and gap identification; Automated title recommendations; Incrementality-based budget optimization (iROAS); Keyword bid optimization using 50+ signals; Multi-attribution modeling (3/7/14/30 day click & impression); Forward Deployed Engineer onboarding; 60-day prototype to production plan; Shelf Score Attainment; Working links with live sources",,,"Active"
"Stackline Competitive Battle Card (Updated August 2025)","https://docs.google.com/presentation/d/1wBd8aMTqORuzwH4q7CfLqWxliJXMYuv8YbwFRps9Dgg/edit?usp=drivesdk","1wBd8aMTqORuzwH4q7CfLqWxliJXMYuv8YbwFRps9Dgg","battle-card","Equip sales teams to win competitive deals against Stackline","This is the Stackline Competitive Battle Card (Updated August 2025) – an internal sales battle-card outlining how CommerceIQ positions against Stackline across market share, digital shelf, retail media, automation, AI-driven recommendations, pricing, historical data depth, and scenario planning. It includes competitor background (founded 2014, $180MM Series B, 26 countries), product comparisons (Atlas, Beacon, Shopper OS vs Copilot, ESM, PRA, RMM), win/loss analysis, pricing benchmarks ($60K–$700K+), discovery/FUD questions, and talk tracks for displacing Stackline in competitive deals.","When Stackline (Atlas, Beacon, Shopper OS) is in the deal, during RFP prep, objection handling on market share depth, or competitive strategy sessions","CommerceIQ Sales, Account Executives, Sales Engineers, Customer Success, and Revenue Leadership","Stackline company overview and funding; Product comparison: Atlas, Beacon, Shopper OS vs CIQ products; Why we win vs Why we lose analysis; Market share and historical data depth comparison; AI, automation, and Copilot differentiation; Scenario planning and roadmap gaps; Pricing benchmarks and packaging comparison; Discovery questions and FUD talk tracks; Incrementality and retail media optimization positioning; UI flexibility and workflow automation comparison","Founded 2014; CEO Michael Lagoni; Series B; $180MM raised (2021); Investors: Goldman Sachs, TA Associates; Operates in 26 countries; Known clients: Nestlé, Unilever, Google, Sony, Philips, Conair, J&J; Atlas CI stores 2+ years historical data per category/ASIN; Atlas pricing estimate: $250K–$700K/year; Beacon Pro pricing: $60K–$250K/year; CommerceIQ incrementality model uses 50+ variables; Stackline scenario planning: stock-outs, RMM investment, promotions; Copilot via Ally enables auto-upload vs manual notification workflows; PRA automation vs Stackline managed service profit recovery; Retailers referenced: Amazon, Walmart, Target, Kroger, Instacart; Share of Voice / Share of Search granularity advantage; Transparency Dashboard for data accuracy","Stackline leads in historical market share depth and scenario modeling.; CommerceIQ differentiates on AI-driven automation, actionability, and real-time workflows.; Pricing can be competitive, but CIQ positions as premium SaaS with stronger automation ROI.; Discovery should focus on actionability, automation gaps, and stale data risks.; Scenario planning and historical depth are acknowledged roadmap considerations.","Stackline vs CommerceIQ comparison; Atlas vs CommerceIQ Market Share; Beacon Pro vs Copilot; Stackline pricing comparison; Stackline historical data depth; CommerceIQ vs Stackline scenario planning; How to compete against Stackline; Stackline automation capabilities; Stackline profit recovery automation; Stackline incrementality measurement; Stackline UI customization flexibility; Stackline clients list; Atlas pricing estimate; Why we lose to Stackline; CommerceIQ win strategy vs Stackline","CommerceIQ Product Overview Deck – broad platform overview, not competitor-specific; RMM Second Call Deck – retail media deep dive only; Market Share Datasheet – feature-level MS explanation without competitive framing; Copilot Product Box – product definition document, not competitive positioning","Atlas; Beacon; Beacon Pro; Shopper OS; Shopper Analytics; Copilot; Ally; ESM; RMM; PRA; DSA; Transparency Dashboard","Stackline","Nestlé; Unilever; Google; Sony; Philips; Conair; J&J; EltaMD; Simply Good Foods; Sleep Innovation; Kellanova","$180MM Series B funding (2021); 26 countries; 2+ years historical data per category/ASIN (Atlas); $250K–$700K/year Atlas pricing estimate; $60K–$250K/year Beacon Pro pricing; 50+ variable neural network incrementality model","Scenario Planning (What-if modeling); Share of Voice and Share of Search analytics; Automated content uploads; Automated ticketing; Profit Recovery Automation (PRA); Copilot AI recommendations; Dynamic taxonomy customization; Transparency Dashboard; Retail media automation; Historical market share database",,"August 2025","Active"
"CommerceIQ-Quarterly-Industry-Trends-2025-Q1-report-April-2025-va","https://docs.google.com/presentation/d/1iy4dRWKUOY-97vb00f9hDXszQ74XBQkreNICPMD5JBw/edit?usp=drivesdk","1iy4dRWKUOY-97vb00f9hDXszQ74XBQkreNICPMD5JBw","enablement-guide","Provide quarterly Amazon industry benchmarks and category-level ecommerce performance insights for sales and executive conversations.","This is the CommerceIQ-Quarterly-Industry-Trends-2025-Q1-report-April-2025-va - a comprehensive quarterly industry performance report analyzing Amazon ecommerce trends across major product categories using aggregated CommerceIQ REM Platform data from October 2023 to March 2025. The report covers total industry benchmarks and deep-dive category analyses including ad spend, ROAS, CPC, revenue loss due to out-of-stock (OOS), inventory levels, traffic (glance views), pricing, discount rates, order volume, and margin performance for Q1 2025 vs. Q1 2024.","Use in QBRs, executive briefings, prospecting outreach, industry trend discussions, and when positioning CommerceIQ as a data-driven strategic partner.","Sales teams, account executives, customer success managers, retail media strategists, and ecommerce executives using industry benchmarks in customer and prospect conversations.","Total Industry Overview – State of Ecommerce Q1 2025; Ad Spend, ROAS, and CPC Trends; Revenue Loss Due to Out-of-Stock (OOS) and RepOOS%; On Hand Inventory Trends; Traffic (Glance Views) and Order Volume; Pricing, ASP, and Discount Rate Changes; OPS vs. Unit Margin %; Category-by-Category Performance Recaps (Q1 2024 vs Q1 2025)","ROAS declined YoY despite increased ad spend; OOS revenue loss increased 2.5% YoY in total industry; RepOOS% moved down from Prime Day peak of 4.1% toward Amazon’s 2% benchmark; Unit margins declined 7% across multiple categories; Health & Personal Care ad spend up 10% YoY; ROAS down 30% (March vs March); Home & Kitchen ad spend up 25% YoY; ROAS improved 2.5% YoY in March; Toys ad spend down 11% YoY; peak periods delivered stronger ROAS; Furniture revenue lost due to OOS increased 192% in March YoY; Home & Kitchen OOS revenue losses up 43% YoY; Office Products OOS revenue loss down 25% YoY; Tools & Home OOS revenue loss down 32%; Beauty order volume up 40% YoY; traffic up 14%; Pet Products inventory up 31% YoY, 18-month high; Patio, Lawn & Garden inventory up 16% YoY; Health & Personal Care gross margin up 12.5% in March, 18-month positive trend","Ad efficiency is under pressure in several categories as ROAS declines despite higher spend.; Inventory health and OOS management remain critical, with significant revenue impact in categories like Furniture and Home & Kitchen.; Traffic and demand are uneven across categories, with Beauty and Tools & Home showing resilience.; Margin pressure is widespread, though select categories show 18-month improvement trends.","CommerceIQ Q1 2025 industry trends report; State of ecommerce Q1 2025 Amazon; ROAS trends 2025 Amazon YoY; Amazon OOS revenue loss Q1 2025; RepOOS% benchmark vs Amazon 2%; Category ad spend ROAS CPC Q1 2025; Health & Personal Care ROAS decline March 2025; Home & Kitchen OOS increase 43%; Furniture OOS revenue increase 192%; Beauty order volume growth 40% YoY; Pet Products inventory 18-month high; Tools & Home margin improvement Q1 2025; Amazon glance views growth by category 2025; Q1 2025 ecommerce margin trends; CommerceIQ REM Platform aggregated data report","CommerceIQ Product Deck – focuses on platform features and capabilities rather than industry benchmarks.; Customer QBR Template – provides account-specific performance analysis instead of aggregated industry data.; Case Study Library – contains individual brand success stories rather than macro category trends.; RMM Sales Deck – focuses on Retail Media Management product positioning and pricing.","CommerceIQ REM Platform","","","ROAS decline YoY; Ad spend increase up to 25% YoY (Home & Kitchen); ROAS down 30% (Health & Personal Care, March YoY); OOS revenue loss up 43% (Home & Kitchen); OOS revenue loss up 192% (Furniture, March YoY); Beauty order volume up 40% YoY; Pet Products inventory up 31% YoY; Unit margins down 7% across multiple categories; Gross margin up 12.5% in March (Health & Personal Care); RepOOS% trending toward 2% benchmark","Ad Spend | ROAS | CPC trend analysis; Revenue Loss Due to OOS tracking; RepOOS% benchmarking; On Hand Inventory analysis; Glance Views traffic tracking; OPS vs. Unit Margin % comparison; ASP vs. Discount % analysis; Category-level Q1 YoY recaps",,"April 2025","Active"
"First Call Deck - Agentic Commerce","https://docs.google.com/presentation/d/1OTAKoxgOvSILDwYb6ev6mzJoVm9EBH8eePk3XL5v_mE/edit?usp=drivesdk",,"first-call-deck","Introduce Agentic Commerce and secure interest in Digital Shelf Content Agent pilot","This is the First Call Deck - Agentic Commerce - a high-level sales presentation introducing CommerceIQ’s Agentic Commerce vision, including Digital Shelf Content Agent, category and SKU analytics capabilities, AI-powered compliance and content authority monitoring, operational and advertising metrics coverage, and a customer GTM rollout plan with webinar and deployment timeline.","Use during initial prospect meetings, CSD-led account expansion conversations, webinar promotion efforts, or when pitching the no-risk Content Agent offer.","Sales leaders, CSDs, Account Executives, and Sales Enablement teams introducing Agentic Commerce to enterprise retail brands","Agentic Commerce vision and positioning; Category-level competitive performance analytics; SKU-level performance and attribute analytics; Digital Shelf Content Agent offer; Retailer compliance and content authority monitoring; Operational risk detection (OOS, LBB, Forecast changes); Advertising and Share of Voice metrics; Co-op deduction and accrual recovery overview; Enablement & Outreach GTM schedule; Amazon Copilot and PIM integration","Category Page with estimated competitor sales and market share trends; SKU Page with 1P and 3P sales, units sold, ASP, brand and attribute breakdown; Content Agent free for 1 retailer, 1 brand, 1 category for life of contract; Retailers supported: Amazon, Kroger, Costco, Walmart; Preferred PIM: Salsify; other PIMs require deployment discussion; Predictive OOS based on sales velocity excluding outliers; Forecast change alert if next 6-week forecast shifts >20% (ARAP mean forecast); Lost Buy Box detection when Amazon loses to 3P seller; Suppressed listings identified by 'dog page' issue; Metrics: Contribution Margin, Net Pure Profit, Overall Content Score; Advertising metrics: ROAS, iACoS, CTR, CPC, Brand Halo Sales (1/7/14 days); Share of Voice metrics: Organic & Sponsored SOV (Top 3, Top 10, Page 1); Co-op Deduction Overview anchored to invoice date; Email cadence: 4-step webinar campaign; Deployment milestones including dates such as 12/15, 1/13, 2/2","Agentic Commerce combines content, operations, advertising, and financial controls into one AI-driven system.; The Content Agent offer lowers adoption friction with a no-risk, no-contract-change pilot.; The platform provides deep SKU-level diagnostics across sales, OOS risk, buy box, and forecast volatility.; Retailer-specific compliance and 3P content authority risks are proactively monitored.; GTM includes structured webinar outreach and phased deployment.","First Call Deck Agentic Commerce; Digital Shelf Content Agent overview deck; Agentic Commerce sales presentation; Content Agent free offer details; Amazon compliance AI agent pitch; Category and SKU analytics deck; Predictive OOS and Lost Buy Box monitoring; Share of Voice metrics overview; Co-op deduction recovery overview deck; Amazon Copilot offer presentation; Salsify PIM integration Content Agent; Agentic Commerce GTM schedule; Retailer content authority monitoring; 3P seller content modification risk deck; CommerceIQ first call AI agent deck","Agentic Commerce Second Call Deck – deeper technical and ROI discussion; Content Agent Product Box – formal product definition and packaging; RMM Deck – focused specifically on retail media management; Battle Cards – competitive comparison one-pagers","Agentic Commerce; Digital Shelf Content Agent; Amazon Copilot","","","Forecast change threshold >20% over next 6 weeks; Brand Halo Sales (1 Day, 7 Days, 14 Days); ACoS (1 Day, 7 Days, 14 Days); Organic & Sponsored SOV (Top 3, Top 10, Page 1); Contribution Margin; Net Pure Profit; PO Fill Rate; Weeks of Cover","Category Page competitive insights; SKU-level 1P and 3P analytics; Predictive Out of Stock detection; Lost Buy Box monitoring; 3P Variant identification; Suppressed listing detection; Retailer-specific content compliance updates; Co-op Deduction Overview widget; Webinar-driven GTM rollout plan",,,"Work In Progress"
"Agent Product Hub","https://docs.google.com/document/d/1J6qBG6orf29KRgsdSigkNvOYBHyPUaNY3dqsPidoHRw/edit?usp=drivesdk",,"enablement-guide","Central reference for Agent product capabilities, metrics, and GTM execution","This is the Agent Product Hub – a comprehensive sales enablement and product reference document outlining the capabilities, metrics, GTM plan, customer offers, and implementation framework for CommerceIQ’s AI-powered digital shelf and content agents. It consolidates product functionality (Category Page, SKU-level analytics, Content Authority, Predictive OOS, Share of Voice, Deduction Recovery), retailer coverage (Amazon, Walmart, Kroger, Costco), free offer structure (1 retailer, 1 brand, 1 category), and detailed operational, advertising, sales, and forecasting metrics available within the Agent ecosystem.","Use during sales preparation, CSD account planning, GTM rollout discussions, implementation scoping, or when clarifying specific metric definitions and commercial offer details.","Sales, Customer Success Directors (CSDs), Marketing, GTM teams, and Solutions Consultants","Category Page competitive analytics; SKU-level metrics and attributes; Content Authority and 3P risk monitoring; Predictive Out of Stock and forecast change alerts; Share of Voice (Organic, Sponsored, Total); Advertising performance and incrementality metrics; Operations and inventory management metrics; Deduction and co-op recovery overview; Digital Shelf Optimization Customer Offer; GTM schedule and deployment plan","Free for 1 retailer, 1 brand, 1 category for life of existing contract; Retailers: Amazon, Kroger, Costco, Walmart (automated syndication supported); Salsify preferred PIM; others require deployment discussion; Predictive OOS based on velocity excluding outliers; Forecast change alert if >20% shift over next 6 weeks (ARAP mean forecast); Unavailable vs OOS vs Suppressed definitions; Lost Buy Box due to 3P pricing issues; Revenue Lost due to Unavailability (WOC >2); Contribution Margin, Net Pure Profit tracking; Organic & Sponsored SOV (Top 3, Top 10, Page 1); ACoS (1/7/14 days), ROAS, IROAS, Incremental Sales; Brand Halo Sales (1/7/14 days); Units Older Than 90/180/365 Days; Co-op invoice anchored Deduction & Recovery Overview; 4-email outreach cadence plus webinar","The Agent suite provides end-to-end digital shelf intelligence across content, availability, advertising, and profitability.; It integrates competitive benchmarking (Category & SOV) with operational forecasting and inventory risk detection.; The commercial offer lowers adoption friction with a no-order-form free tier for one retailer/brand/category.; The Hub serves as the single source of truth for metrics, definitions, and GTM rollout details.","Agent Product Hub overview; Content Agent free offer details; Digital Shelf Optimization customer offer; Predictive Out of Stock definition; Lost Buy Box monitoring; SKU level metrics 1P 3P sales; Share of Voice Top 3 Top 10 Page 1 metrics; Co-op deduction recovery widget; Revenue lost due to unavailability WOC >2; Amazon forecast change 20% alert; Retailers supported for automated syndication; Salsify PIM requirement for Content Agent; GTM schedule for Agent rollout; Brand Halo Sales 14 days definition; Content Authority 3P seller risk","Agent Product Box – focuses on positioning and value proposition rather than detailed metric inventory; First Call Deck – high-level introductory sales presentation; Battle Cards – competitive comparison summaries; Pricing Calculator – financial modeling tool only","Agent Product Hub; Content Agent; Digital Shelf Optimization Agent; Amazon Copilot Offer; CIQ Content Optimization Engine","","","Contribution Margin; Net Pure Profit; Revenue Lost due to Unavailability; Rep OOS %; PO Fill Rate; Weeks of Cover; Mean / P70 / P90 Forecast; ACoS (1/7/14 days); ROAS; IROAS; Organic & Sponsored SOV (Top 3/Top 10/Page 1); Brand Halo Sales (1/7/14 days)","Category Page competitive benchmarking; SKU-level 1P and 3P analytics; Predictive Out of Stock detection; Lost Buy Box identification; 3P Variant detection; Content Authority monitoring; Deduction & Recovery Overview widgets; Automated syndication support; Incrementality measurement; Forecast variance alerts",,,"Active"
"Agent Pitch - Customer PresentationV3","https://docs.google.com/presentation/d/1vnbulKXEam0skTM35j-t9NZjGPizzUqtPIofBmSJElQ/edit?usp=drivesdk","1vnbulKXEam0skTM35j-t9NZjGPizzUqtPIofBmSJElQ","second-call-deck","Drive expansion and upgrade conversations by quantifying value and presenting the CIQ AI Platform with AllyAI Agents.","This is the Agent Pitch - Customer Presentation V3 - a comprehensive customer-facing sales deck that presents CommerceIQ’s AllyAI-powered CIQ AI Platform, quantifies delivered business value (e.g., $4.3M annual value, +8.5% YoY units, +276bps CVR, 10,000 automated tickets, $1.5M sales recaptured), and outlines the 2026 upgrade path across Content, Shelf, Sales, and Media Agents with implementation timelines, packaging comparisons, and account-specific customization guidance.","Use in QBRs, renewal discussions, second sales calls, executive presentations, CIQ AI Platform upgrade pitches, and when explaining incrementality vs ROAS or AllyAI Agent capabilities.","Account Executives, Customer Success Directors, Sales Leaders, and executives presenting to enterprise retail brand customers.","Partnership value recap and quantified ROI; Macro, retailer, category, brand, and persona context; AllyAI Content, Shelf, Sales, and Media Agents; Incrementality vs ROAS optimization methodology; Digital Shelf automation and compliance; Retail Media Management and attribution models; Packaging comparison (DSO, Copilot, RMM tiers); 2026 CIQ AI Platform upgrade vision; Implementation timeline and responsibilities; Available-now offers and contract inclusions","$4.3M value delivered in last 12 months; +8.5% YoY units ordered; +276bps CVR increase; 10,000 automated tickets and 2.5K hours saved; +46% YoY improvement in revenue lost to OOS; $1.5M sales recaptured; Shelf Agent generates reports in <10 minutes; 500 shelf insight packs generated globally for Coca-Cola; SOV tracking for 200 keywords per retailer; Incremental fraction example: 50%; Example: $10K ad spend → $13K incremental sales; ROAS examples: $7.8, $3.5, $2.60, $2.25; Custom attribution windows: 3/14/30-day click, 1/7/14/30-day impression; Built-in Catalog Management across 5 markets; Production deployment within 60 days","CommerceIQ delivers measurable financial impact across sales, automation, and profit recovery.; AllyAI Agents automate content, shelf, sales, and media workflows with real-time insights.; Incrementality-based optimization outperforms traditional ROAS-only strategies.; Customers are being upgraded to a unified CIQ AI Platform in 2026.; Many agent capabilities are already included under existing contracts.","Agent Pitch Customer Presentation V3; CIQ AI Platform 2026 upgrade deck; AllyAI Content Agent customer presentation; Shelf Agent example Coca-Cola 500 insight packs; Incrementality vs ROAS explanation deck; CommerceIQ $4.3M value delivered example; DSO Plus vs Performance comparison slides; Copilot Plus vs Performance packaging; RMM Core capabilities and Media Agent; SOV tracking 200 keywords per retailer; Digital shelf automation presentation; PIM compliance automation overview; Retail media incrementality fraction example; Available now Content Agent free 1 retailer 1 brand; 60 day production deployment timeline CIQ","Sales Agent Product Box – defines Sales Agent positioning and pricing only; RMM Second Call Deck – focused solely on Retail Media Management; DSO Product Overview – digital shelf only without full AI Platform narrative; Battle Cards – competitive comparison documents","CIQ AI Platform; AllyAI; AllyAI Content Agent; AllyAI Shelf Agent; AllyAI Sales Agent; AllyAI Media Agent; AllyAI Sales Teammate; AllyAI Category Teammate; Copilot - Plus; Copilot - Performance; DSO - Core; DSO - Plus; DSO - Performance; RMM - Core","","Coca-Cola","$4.3M value delivered; +8.5% YoY units ordered; +276bps CVR; 10,000 automated tickets; 2.5K hours saved; +46% YoY OOS revenue improvement; $1.5M sales recaptured; ROAS $7.8; ROAS $3.5; Incremental fraction 50%; $10K spend → $13K incremental sales","PDP content validation and optimization (SEO/AEO); Digital Shelf Insights and Automated Reporting; Side-by-side action comparison; Incrementality-based optimization; Customizable attribution windows; Rules-based ROAS automation; Guided Campaign Builder; Full Category Discovery; Competitor Tracking; Built-in Catalog Management; PIM Compliance Automation; AMS Integration","V3",,"Active"
"DSO Product Description_v2.1_Jul2025_INTERNAL","https://docs.google.com/document/d/1nmzdRQLvuUUsVg9YefmjRxavjlxY_wiJPr7ECrVb8Fo/edit?usp=drivesdk","1nmzdRQLvuUUsVg9YefmjRxavjlxY_wiJPr7ECrVb8Fo","product-description","Define the official scope, coverage, and operational framework of the DSO product.","This is the DSO Product Description_v2.1_Jul2025_INTERNAL - the official internal Service Description document defining the scope, coverage, features, data collection methodology, analytics types, retailer support, scorecards, AI capabilities, add-ons, and limitations of CommerceIQ’s Digital Shelf Optimization (DSO) product. It details how DSO collects publicly available data from 1,450+ retailer websites, categorizes products using the CommerceIQ Standard Taxonomy, delivers single-store and multi-store analytics, and provides scorecards, actionability, and AI-driven insights.","Use for scope clarification, procurement reviews, legal alignment, sales enablement requiring detailed feature coverage, retailer support questions, crawl frequency discussions, and internal product governance conversations.","Internal sales teams, solutions consultants, product managers, legal/compliance teams, and customer success managers","Digital Shelf Optimization scope and methodology; CommerceIQ Standard Taxonomy and product categorization; Category coverage and product discovery methods; Single-Store vs Multi-Store Analytics; Data collection frequency and crawl logic; Scorecards and reporting structure; Retailer support and syndication governance; Feature availability limitations and constraints; AI Retail Context Engine and Business Intelligence; Add-ons, product packages, and PIM connectivity","Data collected from 1,450+ retailer websites; Each product assigned to a single category via proprietary ML algorithm; Category scans include up to 50 pages per node; Search term scans focus on first page of key category search terms; Relevance criteria include brand name, search ranking, sales rank, client subscriptions; Weekly crawl frequency for branded SKUs (default); Up to 2x/week crawl frequency depending on crawl load; Daily crawls available for limited number of stores per retailer; Scorecards updated daily with monthly data lock; Analytics available at SKU-level granularity; Aggregation available at brand, manufacturer, category, retailer, country levels; Multi-store analytics contingent on retailer not restricting store-level data; Retailer blocking acknowledged as unavoidable risk in scraping; Feature variability due to retailer API/site changes and system outages; Powered by CommerceIQ AI Retail Context Engine and Custom Reporting Solution","DSO is a web-scraping-based digital shelf analytics product with structured taxonomy and ML classification.; Coverage includes both single-store and multi-store analytics with clearly defined crawl frequencies.; Feature availability and retailer support are dynamic and subject to retailer constraints.; Scorecards provide standardized reporting with daily updates and monthly consistency locks.; This document formally defines scope, limitations, and governance for internal alignment.","DSO Product Description v2.1 July 2025; Digital Shelf Optimization service description; How does CommerceIQ collect digital shelf data?; How many retailers does DSO support?; DSO crawl frequency branded SKUs; Difference between single-store and multi-store analytics; CommerceIQ Standard Taxonomy details; What is Multi-Location Analytics in DSO?; DSO scorecard update frequency; Retailer blocking and scraping limitations; DSO feature availability by retailer; DSO PIM integration capabilities; CommerceIQ AI Retail Context Engine in DSO; DSO add-ons and product packages; Effective date of DSO v2.1","DSO Sales Deck – focuses on value proposition and ROI storytelling for prospects; DSO One-Pager – high-level marketing summary; DSO Battle Card – competitive positioning against other digital shelf vendors; DSO Training Deck – instructions on how to use DSO platform features","CommerceIQ Digital Shelf Optimization; Digital Shelf Analytics; Multi-Location Analytics; AI Retail Context Engine","","","1,450+ retailer websites covered; Up to 50 pages scanned per category node; 1x/week crawl frequency (default); Up to 2x/week crawl frequency; Up to 1x/day crawl for limited stores; Daily scorecard updates with monthly data lock","Category scans; Search term scans; Deep crawls (PDP crawls); Single-Store Analytics; Multi-Store Analytics; Scorecards; Product tagging and ML classification; Brand filtering mechanisms; PIM connectivity; Custom Reporting Solution","V2.1.2025","2025-07-16","Active"
"First Call & Content Agent Certification","https://docs.google.com/presentation/d/1dvFn0dg_IphiLRNTMMuljNhZ2lMEKGebDxoRILMObE0/edit?usp=drivesdk","1dvFn0dg_IphiLRNTMMuljNhZ2lMEKGebDxoRILMObE0","enablement-guide","Standardize and certify sales delivery of the 1st Call and Content Agent pitch and demo.","This is the First Call & Content Agent Certification - a formal sales certification program outlining the required pitch structure, demo flow, scoring criteria, resources, timelines, and pricing guidance for certifying sellers on the 1st Call Agentic Commerce pitch and the AllyAI Content Agent pitch and demo.","Use when preparing for certification, scheduling a dry run, submitting recordings, aligning on demo flow, or clarifying scoring, deadlines, and packaging guidance for Content Agent.","Sales representatives, sales managers, and product marketing managers responsible for certifying and coaching on the 1st Call and Content Agent pitch and demo.","1st Call Pitch – Agentic Commerce requirements; 2nd Call Content Agent Pitch structure; Content Agent Demo flow and script; Certification scoring and submission process; Deadlines and feedback timeline; Dry run requirements (48 hours prior to first opportunity); Enablement and resource links; Content Agent pricing and packaging overview; Managed Services vs Agents Only model; Integration and regional pricing structure","Passing grade: 70%; Recordings due by Friday, Feb 20; Feedback provided by Friday, Feb 27; Two required recordings: 1st Call pitch and Content Agent pitch + demo; Reviewers: Sales manager + PMM; Demo must show SKU prioritization; Demo must explain PIM and PDP content evaluation; Demo must show accepting and publishing a change; Customer stories: Coke, Retail Media, Newell; Integrations: Out-of-the-box Salsify; others on request; Regions for pricing: NA, EU9, ROW; Managed Services includes Agents; Managed Services priced on par with agencies; Dry run required 48 hours before first opportunity; Submission via Google Form with password-protected Zoom links","Certification requires structured delivery of both pitch and live demo with a minimum 70% score.; The Content Agent demo must clearly show prioritization, evaluation logic, and publishing workflow.; Managed Services packaging is a strategic entry point to access content agency budgets.; Preparation includes mandatory dry runs and use of the latest messaging and decks.; Certification is tightly managed with defined deadlines, reviewers, and resubmission requirements.","Content Agent certification requirements; 1st Call Agentic Commerce certification; Content Agent demo script requirements; Content Agent passing score; How to submit certification recordings; Content Agent dry run process; Content Agent pricing NA EU9 ROW; Managed Services vs Agents Only Content Agent; Newell Content Agent case study for pitch; Coke Retail Media 1st call story; Content Agent PIM PDP demo flow; AllyAI Content Agent certification deadline; Sales certification 70% passing grade; GTM Enablement AllyAI Content Agent resources","Content Agent Pitch Deck – customer-facing slides only; Demo Script – detailed talk track for product walkthrough; Product Box – Content Agent – product definition and positioning document; Content Agent Datasheet – external marketing one-pager","AllyAI Content Agent; Agentic Commerce","","Coke; Retail Media; Newell","Passing grade: 70%","AI Shelf story; SKU prioritization; PIM content evaluation; PDP content evaluation; Suggested improvement reasoning; Accept and publish workflow; Out-of-the-box Salsify integration",,"Friday, Feb 20 (recording deadline referenced)","Active"
"Product Box: AllyAI SalesAgent & Services","https://docs.google.com/document/d/1GKR5i2wDDEBKIzuGGhx8R3Joqka6qV2GAAqh2JzOKlw/edit?usp=drivesdk","1GKR5i2wDDEBKIzuGGhx8R3Joqka6qV2GAAqh2JzOKlw","product-box","Define the full scope, capabilities, and positioning of AllyAI Sales Agent & Services.","This is the Product Box: AllyAI SalesAgent & Services – a comprehensive product definition document outlining the full capabilities, retailer coverage, AI skills, automation features, and service extensions of the AllyAI Sales Agent, including Gap to Plan diagnostics, Profit Recovery Automation (PRA), content and variation authority automation, automated deck creation, Ask AllyAI conversational analytics, and upcoming Deep Reasoning Sales Diagnostics.","Use when clarifying what Sales Agent includes, explaining PRA capabilities, detailing AI skills like Ask Ally or Sales Diagnostics, confirming retailer/region support, or aligning on product scope before pricing or implementation discussions.","Sales teams, solutions consultants, customer success managers, and product marketing professionals supporting AllyAI Sales Agent","Gap to Plan diagnostics (media, content, availability); Ask AllyAI conversational analytics; Sales Diagnostics with Deep Reasoning (end of Q1); Profit Recovery Automation (PRA); Deductions, shortages (PQV), price variance (PPV), and chargebacks; Shipment Tracker and financial reconciliation; Content, Duplicate ASIN, and Variation Authority automation; Automated Deck Creation and executive reporting; Retailer and regional support (Amazon, Walmart roadmap); Custom Agent Branding and Self-Serve Agent Training","Media Gap Closure reallocates spend from lower-performing SKUs and estimates incremental investment required; Content Compliance Gap Closure detects PIM and retailer requirement mismatches; Content Efficacy Gap Closure analyzes competitor listings and semantic themes; Availability Gap Closure forecasts stockouts and quantifies SKU/store-level sales impact; Available for Amazon in US, Canada, EU5, Australia; PRA supported in US, EU9, Brazil, Mexico, Australia; Sales Diagnostics available end of Q1; Walmart scoped for Q2 (delivery TBD); Shortages tracked as % of shipped COGS; Price Variance (PPV) with PO- and ASIN-level dispute tracking; Chargebacks filterable by issue type; Automated one-click PowerPoint exports with GenAI summaries; Duplicate ASIN automation auto-submits Amazon tickets; Variation Authority merges orphaned 1P variants under parent ASIN; Early Access includes free Content Agent for life of contract","Sales Agent is an AI-powered commerce copilot that moves from insight to prescriptive action.; It integrates performance diagnostics, financial recovery, brand protection, and reporting into one agent framework.; It reduces analyst workload through autonomous problem solving and automated reporting.; It is currently Amazon-focused with expanding regional and retailer coverage.","What is AllyAI Sales Agent?; Sales Agent product box; What retailers does Sales Agent support?; Difference between Ask Ally and Sales Diagnostics; What is Profit Recovery Automation PRA?; Does Sales Agent automate chargebacks and shortages?; Sales Agent Gap to Plan explanation; Can AllyAI auto-generate PowerPoint decks?; Content Authority automation Amazon; Duplicate ASIN removal automation; Variation Authority merge ASINs; Shipment Tracker Amazon Vendor Central; PRA regional support EU9 Brazil Mexico; Sales Agent Early Access pricing; Autonomous problem solving AI commerce","Copilot Product Box – focused specifically on reporting capabilities for ESM, PRA, and Market Share; Sales Agent First Call Deck – high-level introductory presentation; Sales Agent Second Call Deck – detailed customer-facing sales presentation; Training Materials and Pricing Menu – operational and commercial documentation","AllyAI Sales Agent; Ask AllyAI; Sales Diagnostics; Profit Recovery Automation (PRA); Retailer Copilot; Content Agent","","","Shortages as a percentage of shipped COGS; 90-day conversion trend analysis; Phase 1 and Phase 2 dispute recovery tracking","Gap to Plan; Media Gap Closure; Content Compliance Gap Closure; Content Efficacy Gap Closure; Availability Gap Closure; Automated Deck Creation; Duplicate ASIN Automation; Content Authority Automation; Variation Authority Automation; Shipment Tracker; Deductions Overview; Price Variance (PPV); Chargebacks Monitoring; Interactive RCA Refinement; Self-Serve Agent Training",,,"Active"
"AI Goal Optimizer - External Customer Deck","https://docs.google.com/presentation/d/19HptMAE3kaQhsIQsMd0x-cSL1_sHOzb6cAHebMBa2J4/edit?usp=drivesdk","19HptMAE3kaQhsIQsMd0x-cSL1_sHOzb6cAHebMBa2J4","second-call-deck","Drive second-call product deep dives and prove incrementality-driven AI optimization value","This is the AI Goal Optimizer - External Customer Deck - a comprehensive sales presentation detailing CommerceIQ’s AI-powered budget allocation and bid optimization solution, featuring AllyAI Media Teammate, real-time incrementality modeling, and case studies from Pilgrim’s Pride and 10 cross-brand implementations across Amazon and Walmart. The deck covers product capabilities, five-step setup workflow, incrementality-based optimization methodology, performance results (+75% ad sales growth, -12.8% CPC reduction, +55% incremental efficiency), and dashboard demonstrations for customer-facing sales conversations.","Use during second sales meetings, product walkthroughs, incrementality discussions, Amazon/Walmart retail media optimization pitches, and performance proof conversations.","Sales executives, account executives, retail media specialists, and prospective enterprise customers evaluating AI-driven campaign optimization for Amazon and Walmart.","AI Goal Optimizer product overview; Incrementality modeling and digital shelf integration; AllyAI Media Teammate capabilities; Five-step campaign setup process; Real-time budget monitoring and hourly bid optimization; Rules-Based Automation vs AI optimization comparison; Case studies (Pilgrim’s Pride, 10-brand analysis); Retailer coverage (Amazon & Walmart); Optimization dashboard and pacing visibility; Industry challenges in retail media management","4000+ optimizations per day with AI vs <10 human-only; Uses 50+ data signals across media, sales, inventory, digital shelf; +75% ad sales growth across industries; -12.8% CPC reduction; +55% improvement in incremental sales efficiency; Pilgrim’s Pride testimonial from Aaron Conkey; Finalist in Walmart Connect Partner Network Awards; Hourly bid adjustments; Daily budget reallocation; Optimization metrics: ROAS, iROAS, SOV; Custom budget allocation example: 30% over 5 days; Efficient Bid Frontier model; Phase 1–3 Organic SOV saturation model; Available for Amazon & Walmart (others coming soon); Two optimization paths: Rules-Based Automation or Goal Optimization with AllyAI","AI Goal Optimizer drives incremental growth, not just ROAS efficiency.; AllyAI enables large-scale, signal-rich bid and budget automation.; Incrementality modeling connects media performance with digital shelf dynamics.; Proven results include sales growth, CPC reduction, and improved iROAS.; Setup is structured through a clear five-step optimization workflow.","AI Goal Optimizer external deck; CommerceIQ incrementality modeling presentation; AllyAI Media Teammate demo deck; AI Goal Optimizer case study Pilgrim’s Pride; How CommerceIQ optimizes iROAS; AI retail media budget reallocation deck; Incrementality vs ROAS sales presentation; Amazon Walmart AI bid optimization deck; CommerceIQ 50+ signals optimization; Efficient Bid Frontier explanation; AI Goal Optimizer five step setup; Rules based automation vs AllyAI comparison; CPC reduction case study CommerceIQ; Retail media AI second call deck; Organic SOV saturation model presentation","AI Goal Optimizer One-Pager – shorter high-level summary without detailed workflow and case studies; Internal AllyAI Training Deck – focused on rep enablement rather than external storytelling; CommerceIQ Pricing Deck – contains pricing and packaging details not included here; Retail Media Management Overview Deck – broader platform overview beyond AGO specifically","AI Goal Optimizer; AllyAI Media Teammate; AllyAI Media Teammate II; CommerceIQ Incrementality Modeling","","Pilgrim’s Pride","+75% ad sales growth; -12.8% CPC reduction; +55% incremental sales efficiency improvement; 4000+ optimizations per day; <10 optimizations per day (human only); <100 optimizations per day (rules-based automation)","Real-time budget performance monitoring; Hourly bid adjustments; Daily dynamic budget allocation; Incrementality-based optimization; Efficient Bid Frontier modeling; Digital shelf signal integration; Five-step campaign setup workflow; Custom seasonality budget allocation; Spend constraints by keyword and campaign type; Optimization dashboard with pacing visibility",,,"Active"
"Media Agent 1-Click Report MBR MoM Example Generic ","https://docs.google.com/presentation/d/1rA9tZCkZpMBQ8onkwwQEIs3yliAMGMk9fvtptU1UpCs/edit?usp=drivesdk","1rA9tZCkZpMBQ8onkwwQEIs3yliAMGMk9fvtptU1UpCs","enablement-guide","Showcase example output of the Media Agent 1-Click automated MBR report","This is the Media Agent 1-Click Report MBR MoM Example Generic - a comprehensive sample Monthly Business Review (MBR) report generated by the Media Agent that showcases automated Month-over-Month (MoM) and Quarter-over-Quarter (QoQ) analysis across Share of Voice (SOV), Ad Spend, Ad Sales, IROAS, campaign performance, keyword performance, and SKU-level conversion metrics. It demonstrates how the 1-Click Report auto-generates executive summaries, category-level Organic and Paid SOV insights, incremental ROAS analysis, campaign type breakdowns, and top winner/loser diagnostics in a client-ready format.","Use when demonstrating Media Agent’s automated reporting capabilities, especially for MoM/QoQ MBR discussions, SOV tracking, IROAS diagnostics, and client-ready executive summaries.","Sales executives, account executives, customer success managers, and solutions consultants demonstrating Media Agent reporting capabilities","Executive Summary (MoM) performance recap; Organic Share of Voice (Page 1) analysis; Paid and Total Share of Voice (Page 1); Quarter-over-Quarter and Month-over-Month comparisons; Most Incremental Non-Branded Keywords; Incremental ROAS (IROAS) and Incremental Fraction analysis; Campaign Type performance breakdown; Top Loser Keyword and Campaign diagnostics; Top Converting Ad SKUs (14-day conversion); Brand vs Brand competitive performance tracking","Ad Spend increased by 8.98% to $XX; IROAS decreased by 35.67% to $X.X; Ad Sales decreased by 12.48% to $XX; Brand 1 Ad Sales up 23.56% driven by 893.59% Ad Spend increase; Total SOV (Page 1) increase of 2.40% to 11.80%; Total SOV (Page 1) decrease of 2.50% to 5.30%; Organic SOV increase of 1.90% to 10.40%; Organic SOV decrease of 1.90% to 6.60%; Incremental Fraction decreased by 6.08% to 75.47%; Ad Spend increased by 421.00% for a specific keyword; IROAS decreased by 70.76% for Keyword 1; Top Loser Keyword 1 down 70.76%; Ad Conversion 14 days declined by 4.52%; SKU 2 Ad Conversion down 8.78%; Keyword Types: GENERIC and COMPETITOR_BRANDED","The Media Agent auto-generates executive-ready MBRs with clear MoM and QoQ performance narratives.; It integrates Organic, Paid, and Total Share of Voice (Page 1) for competitive category insights.; It surfaces actionable diagnostics such as top loser keywords, declining IROAS, and SKU-level conversion drops.; It connects Ad Spend, Incremental Fraction, IROAS, and Ad Sales into cause-and-effect storytelling.","Media Agent 1-Click Report example; MBR MoM sample report; automated monthly business review example; Media Agent SOV report sample; Organic SOV Page 1 reporting example; Total SOV quarter over quarter analysis; IROAS decline analysis example; incremental ROAS keyword diagnostics; top loser keyword IROAS report; campaign type performance MoM; ad conversion 14 days SKU report; non-branded keyword incremental ROAS; brand vs brand SOV comparison report; client-ready advertising executive summary; CommerceIQ Media Agent reporting template","Media Agent Product Box – defines positioning, pricing, and packaging rather than showing report output; Media Agent First Call Deck – high-level overview of capabilities; Media Agent Second Call Deck – detailed feature walkthrough and ROI discussion; Competitive Battle Cards – focused only on competitor comparisons","Media Agent; 1-Click Report","","","Ad Spend (+8.98%, +421.00%, +893.59%); Ad Sales (-12.48%, +23.56%); IROAS (-35.67%, -70.76%, +61.29%); Incremental Fraction (75.47%, 82.04%); Organic SOV (Page 1) (+1.90%, -1.90%); Total SOV (Page 1) (+2.40%, -2.50%); Ad Conversion 14 days (-4.52%, -8.78%)","1-Click automated MBR generation; Executive Summary (MoM); Organic SOV (Page 1) reporting; Paid and Total SOV tracking; Incremental ROAS (IROAS) analysis; Incremental Fraction reporting; Keyword Type segmentation (GENERIC, COMPETITOR_BRANDED); Top Loser Keyword identification; Campaign Type performance breakdown; SKU-level Ad Conversion (14-day) analysis",,,"Work In Progress"
"Product Box: Content Agent","https://docs.google.com/document/d/1fOQ1xZG1lxsJ-lhCAXnWBFYNh4FsELJB_fcEMCOdRmU/edit?usp=drivesdk","1fOQ1xZG1lxsJ-lhCAXnWBFYNh4FsELJB_fcEMCOdRmU","product-box","Define and package the AllyAI Content Agent for sales, product, and GTM alignment.","This is the Product Box: Content Agent – a comprehensive product definition and sales enablement document outlining the AllyAI Content Agent’s capabilities, integrations, agentic skills (SEO, AEO, GEO, Content Compliance), retailer and PIM requirements, syndication workflows, service offerings, availability, early access pricing model, and performance outcomes (including 10+ point compliance lifts to 90%+ PIM compliance).","Use when qualifying Content Agent opportunities, explaining capabilities to prospects, scoping PIM integrations, discussing SEO/AEO/GEO strategy, or clarifying system requirements and compliance guarantees.","Sales teams, GTM leaders, product marketing, solution consultants, and FDE teams positioning or scoping Content Agent opportunities.","Product definition and positioning of Content Agent; Agent Skills: SEO, AEO, GEO, Content Compliance; Retailer-specific optimization (Amazon, Walmart); PIM integrations and system requirements; Syndication workflows and limitations; Autopilot vs Co-pilot operating modes; Performance guarantees (90% PIM compliance); AI engine monitoring (ChatGPT, Perplexity, Gemini); Agency and managed services offerings; Availability, SLAs, and Early Access pricing model","10+ point compliance improvements to over 90% PIM compliance; 90% PIM Compliance guarantee; Amazon Rufus (beta) optimization; Walmart Sparky (Q2 availability); Monitoring AI engines: ChatGPT, Perplexity, Gemini; Two-way synchronization between PIM and PDP in one click; Autopilot mode (not yet available to customers); Co-pilot mode (human-in-the-loop approval); Salsify integration live; Stibo and ProCat integrations targeted by end of Q1; New PIM integrations require 3–4 weeks of FDE time; Available in 110 countries where DSO is active; Non-English SLA: 2–3 weeks (Feb), 1–2 weeks (March), decreasing in Q2; Early Access: free for life of contract for 1 brand/category and 1 retailer; Backfill of Amazon SKU properties required in Salsify before syndication","Content Agent automates compliance, optimization, and syndication across the digital shelf using AI.; It optimizes not only for traditional search but also retailer chatbots and generative AI engines.; Strong integration and PIM requirements must be met for publishing to retailer PDPs.; Demonstrated ability to lift compliance to 90%+ with measurable business outcomes.; Flexible packaging with Early Access model and optional managed services.","What is the Content Agent product?; Content Agent PIM integrations supported; How does Content Agent optimize for Amazon Rufus?; Walmart Sparky optimization Q2 details; Content Agent 90% PIM compliance guarantee; Autopilot vs Co-pilot mode Content Agent; Does Content Agent require DSO?; Salsify integration with Content Agent; Content Agent availability countries; Content Agent SLA for non-English markets; Generative Engine Optimization CommerceIQ; AI share of voice monitoring ChatGPT Gemini; Content Agent agency services; Early Access pricing Content Agent; Newell case study Content Agent compliance lift","RMM Second Call Deck – detailed advertising platform presentation; Sales Agent Product Box – defines Sales Agent, not Content Agent; Content Agent Case Study (e.g., Newell) – customer proof only; Pricing Calculator – financial modeling tool for deal sizing; Battle Cards – competitive comparison documents","AllyAI Content Agent; CommerceIQ Retail Context Engine; Ask AllyAI; Amazon Rufus; Walmart Sparky; Salsify; Stibo; ProCat","","Newell","10+ point compliance improvement; 90%+ PIM compliance; 3–4 weeks for new PIM integration; 110 countries supported; 2–3 week SLA (Feb), 1–2 week SLA (March)","Content Compliance; Search Engine Optimization (SEO); Answer Engine Optimization (AEO); Generative Engine Optimization (GEO); Two-way PIM-PDP synchronization; Autopilot mode; Co-pilot mode; Retailer-specific guideline enforcement; AI Share of Voice monitoring; Automated QBR PowerPoint generation",,,"Active"
"AllyAI Media Agent & Services","https://docs.google.com/presentation/d/1kt0aXqqNaR3eKwuTFxab5muYVq5l-H2PllQ3XVr4YFs/edit?usp=drivesdk","1kt0aXqqNaR3eKwuTFxab5muYVq5l-H2PllQ3XVr4YFs","second-call-deck","Demonstrate and sell AllyAI’s incrementality-based retail media optimization capabilities.","This is the AllyAI Media Agent & Services - a comprehensive retail media sales presentation detailing CommerceIQ’s AI-powered incrementality-based bid and budget optimization solution, including iROAS automation framework, proprietary Incrementality metrics, digital shelf signal integration, phased automation model, and performance results such as +55% improvement in incremental sales efficiency, +75% ad sales growth, and -12.8% CPC reduction.","Use in second-call or deep-dive retail media discussions when buyers want methodology, incrementality proof, automation details, and performance validation.","Retail media directors, ecommerce leaders, performance marketing teams, and sales executives conducting second-call solution deep dives.","AllyAI Media Agent overview; Incrementality Fraction (IF) and Incremental ROAS (iROAS); Retail Media + Digital Shelf integration; 4-Phase iROAS automation framework; AI vs Human vs Rules-based optimization comparison; Attribution window variability across retailers; Organic Share of Voice (SOV) impact; Bid shifting and cannibalization reduction; Performance proof points and brand results; Proprietary CIQ Incrementality Metrics","+55% improvement in incremental sales efficiency across 10 brands; +75% ad sales growth across industries; -12.8% CPC reduction; 4000+ optimizations per day with AI; <10 optimizations/day human only; <100 optimizations/day human + rules; Uses 50+ data signals (media, digital shelf, inventory, sales); $100K Oreo ad spend example; ROAS $8 with 25% IF = $200K incremental sales; ROAS $5 with 80% IF = $400K incremental sales; 3, 7, 14, 28, 30-day click and impression attribution windows; Same SKU vs same brand vs related item attribution differences; Four automation phases (incremental keywords → SOV growth → bid reduction → reallocation); Efficient Bid Frontier discovery; Keyword-by-keyword automation reacting to digital shelf changes","ROAS alone is insufficient; incrementality-driven optimization drives higher total sales.; AI-driven automation dramatically outperforms human or rules-based bid management.; Digital shelf signals materially impact paid media incrementality.; iROAS automation increases organic rank while reducing cannibalization.; CommerceIQ’s approach maximizes total portfolio sales without increasing budget.","AllyAI Media Agent overview; CommerceIQ incrementality automation deck; What is iROAS vs ROAS?; Incrementality Fraction explanation; Retail media AI bid optimization; How does CommerceIQ reduce cannibalization?; 4000 optimizations per day retail media; Digital shelf + retail media integration; Incremental ROAS case study example; Oreo $100K ad spend incrementality example; AI vs rules-based retail media optimization; Phase 1 Phase 2 iROAS automation model; Retail media attribution differences 14 day click 30 day impression; Efficient bid frontier CommerceIQ; Increase organic SOV with paid search automation","Media Agent Product Box (high-level product packaging and positioning); Retail Media One-Pager (short summary of capabilities); Incrementality Case Study (single brand deep dive); Sales Agent Product Box (different product focused on sales presentations)","AllyAI Media Agent; CommerceIQ Incrementality; CIQ Incrementality Metrics","","Oreo","+55% incremental sales efficiency; +75% ad sales growth; -12.8% CPC reduction; 4000+ optimizations per day; Incremental Factor 25% vs 80%; ROAS $8 vs ROAS $5 examples; $200K vs $400K incremental sales","Incrementality Fraction (IF); Incremental ROAS (iROAS); 4-Phase automation model; Efficient Bid Frontier; Keyword-by-keyword automation; Retail Media + Digital Shelf signal integration; 50+ signal optimization engine; Automatic bid shifting based on SOV",,"February 2026","Active"
"Shelf Agent Training","https://docs.google.com/presentation/d/13wWsiBNRTIVucyWrBcIeLgQtC9eu--6YxKpKY1pWmfU/edit?usp=drivesdk","13wWsiBNRTIVucyWrBcIeLgQtC9eu--6YxKpKY1pWmfU","training-deck","Train internal teams on Shelf Agent positioning, capabilities, and differentiation.","This is the Shelf Agent Training - an internal enablement deck that defines, positions, and differentiates AllyAI Shelf Agent within the CommerceIQ AI Platform, detailing its digital shelf data foundation (DSO), agent skills, outcomes, separation from Content Agent, side-by-side comparisons with agencies, and real-world enterprise use cases such as Coca-Cola operating across 33 countries and 355 retailers.","Use for onboarding sales reps, preparing for digital shelf strategy conversations, differentiating Shelf Agent vs Content Agent, or positioning against digital shelf agencies.","Internal sales, solutions consultants, customer success managers, and GTM enablement teams","CommerceIQ AI Platform & Agents architecture; Shelf Agent positioning and capabilities; Separation of Shelf Agent from Content Agent; Digital Shelf Insights and Insight Packs; PDP Content Compliance and Optimization; DSO vs PIM data foundations; Agency vs AI comparison; Enterprise global use case (Coca-Cola); Outcomes and performance metrics; Budget alignment (Software vs Agency budgets)","Shelf Agent built on DSO data; Content Agent built on PIM and PDP content data; Create business reports in <10 minutes; Increase shelf scores 10+ points; Drive retail readiness across CAARS; 90%+ PIM compliance across retailers; +10 pts PIM compliance in less than 2 weeks; Less than 1 min time to action (vs 35 min industry avg); Coke operates in 33 countries across 355 retailers; 500 shelf insight packs delivered worldwide in minutes; Analyzes availability, assortment, ratings, search signals; Optimizes titles, bullets, images, attributes; Syndicates updates to retailers; Insight Packs provide scores, insights, actions; More features, Lower Price positioning vs agencies","Shelf Agent focuses on digital shelf performance analytics and action prioritization using DSO data.; Content Agent focuses on PDP compliance and optimization using PIM data.; Shelf Agent replaces agency reporting with automated Insight Packs and next best actions.; The solution delivers measurable improvements such as +10 shelf score points and rapid report generation.","What is AllyAI Shelf Agent?; Shelf Agent vs Content Agent difference; How does Shelf Agent use DSO data?; Digital Shelf Insight Packs explanation; Increase shelf score by 10 points; Create business reports in under 10 minutes; CommerceIQ digital shelf capabilities; Replace digital shelf agency with AI; PIM vs DSO data explanation; Coca-Cola 33 countries 355 retailers example; 90% PIM compliance how?; CAARS retail readiness; Automated digital shelf reporting; Shelf Agent outcomes and metrics; CommerceIQ AI Platform agents overview","Content Agent Product Box – focuses on PDP compliance, pricing, and packaging details; Sales Agent Deck – focuses on CARS/CAARS storytelling and executive business reviews; Media Agent / RMM Deck – focuses on retail media optimization and advertising performance; Digital Shelf Agency proposals – external service documents rather than AI product training","AllyAI Shelf Agent; AllyAI Content Agent; Sales Agent; Media Agent; Inventory Agent; CommerceIQ AI Platform; Retail Context Engine; Insight Services; Content Services; Media Services; Sales Services","","Coca-Cola (Coke)","Create business reports in <10 minutes; Increase shelf scores 10+ points; +10 pts PIM compliance in less than 2 weeks; 90%+ PIM compliance across retailers; Less than 1 min time to action (35 min industry avg); 33 countries; 355 retailers; 500 insight packs delivered in minutes","Digital Shelf Insights; Automated Reporting; Insight Packs; Prioritized next best actions; PDP Content Compliance; Content Optimization (titles, bullets, images, attributes); Retailer Syndication; Availability and Assortment Analysis; Ratings and Search Signal Analysis",,,"Active"
"Demo_Content Agent","https://docs.google.com/document/d/13uwOSAVOPNJALbyX3givIDoAdRi987o48V_iUfQ8_Qg/edit?usp=drivesdk","13uwOSAVOPNJALbyX3givIDoAdRi987o48V_iUfQ8_Qg","talk-track","Provide a structured, repeatable demo narrative for AllyAI Content Agent.","This is the Demo_Content Agent - a structured demo script and talk track for presenting AllyAI’s Content Agent, explaining how it continuously compares PIM data to live retailer PDPs, flags high-impact content issues, recommends improvements based on keyword trends and retailer rules, and enables teams to approve and publish optimized updates in minutes to improve SEO, AEO, and GEO performance without adding headcount.","Use during live product demos, sales calls requiring a Content Agent walkthrough, onboarding new sales reps on messaging, or when a prospect asks how Content Agent works in practice.","Sales representatives, sales engineers, and customer-facing teams demoing AllyAI Content Agent to ecommerce, digital shelf, and content operations leaders.","Introduction hook for PDP optimization confidence; Shift from SEO to AEO and GEO; Retailer search and generative search landscape; PIM vs live PDP inconsistencies; Continuous monitoring and comparison; High-impact issue identification and prioritization; AI-driven content recommendations; Retailer rule and keyword trend alignment; Approval and publishing workflow; Operational efficiency without added headcount","Continuous comparison of PIM to live PDPs; Flags highest-impact content issues; Recommends improvements based on trends and retailer rules; Approval and publishing completed in minutes; Optimizes for SEO (Search Engine Optimization); Optimizes for AEO (Answer Engine Optimization); Optimizes for GEO (Generative Engine Optimization); Addresses retailer search algorithms; Accounts for AI assistants and answer engines; Includes retailer chatbots and generative search experiences; Highlights manual Amazon title updates as example of inconsistency; Describes keyword trend shifts over time; Mentions retailer guideline changes; Eliminates manual SKU auditing; Prevents reactive fixes after performance drops","Content Agent automates ongoing PDP optimization across retailers.; It proactively identifies and prioritizes high-impact content gaps.; It aligns PDP content with evolving SEO, AEO, and GEO requirements.; It reduces manual audits and operational overhead without adding headcount.; It transforms content management from reactive to continuous optimization.","Content Agent demo script; How to demo AllyAI Content Agent; Content Agent talk track; PIM vs PDP comparison tool demo; How Content Agent optimizes SEO AEO GEO; Retail PDP content optimization demo; Content Agent workflow explanation; How to explain AEO and GEO in sales call; Continuous PDP monitoring solution; Retailer rule-based content optimization; Automated PDP issue detection demo; How to reduce manual SKU audits; Content governance across retailers demo; AI content recommendations for ecommerce; Demo script for retail content optimization","Content Agent Product Box – defines packaging, pricing, and positioning rather than demo flow.; Content Agent First Call Deck – high-level overview presentation without detailed demo script.; Content Agent Second Call Deck – deeper feature, implementation, and pricing walkthrough.; Content Agent Case Studies – customer proof and quantified performance results.","AllyAI Content Agent; Content Agent","","","","Continuous PIM to PDP comparison; High-impact issue flagging; AI-driven content recommendations; Retailer rule-based optimization; Keyword trend-based recommendations; Approval and publish workflow; SEO optimization; AEO optimization; GEO optimization",,,"Active"
"Content Agent Messaging Framework","https://docs.google.com/document/d/1RQIltQVN7XE4uEUHziILcqDtpqHkEkDbjH22KRknIeU/edit?usp=drivesdk","1RQIltQVN7XE4uEUHziILcqDtpqHkEkDbjH22KRknIeU","enablement-guide","Provide persona-specific sales messaging for positioning Content Agent to Commercial and Sales buyers","This is the Content Agent Messaging Framework - a structured sales messaging guide that outlines how to position AllyAI’s Content Agent to Commercial and Sales buyers, including core value propositions, persona-specific pain points, differentiated positioning, and recommended talk tracks for customer conversations.","Use when preparing for calls, presentations, or proposals involving Sales, Commercial, or Category stakeholders evaluating Content Agent","Sales reps, Account Executives, Customer Success Managers, Sales Enablement teams","Content Agent positioning for Commercial / Sales buyers; Persona-specific pain points; Value propositions aligned to commercial KPIs; Messaging pillars and narrative framework; Talk tracks for sales conversations; Differentiation and competitive positioning; Objection handling guidance; Business impact framing (revenue, efficiency, performance)","Target persona: Commercial / Sales Buyer; Product: AllyAI Content Agent; Focus on revenue growth positioning; Emphasis on sales efficiency improvements; Alignment to retailer performance outcomes; Connection to CARS metrics (Content, Availability, Ratings & Reviews, Share of Search); Guidance for first call and follow-up messaging; Pain points such as manual analysis and reactive retailer requests; Framing Content Agent as strategic sales enabler; Support for retailer-ready insights and joint business planning; Objection handling strategies; Narrative guidance for VP-level stakeholders","How to position Content Agent as a revenue-driving tool for Sales teams; How to align product messaging to Commercial buyer priorities; How to translate product capabilities into business outcomes; How to consistently articulate differentiation in sales conversations","Content Agent messaging framework; How to position Content Agent to Sales; Commercial buyer messaging for Content Agent; Content Agent talk track; Content Agent value proposition for Sales leaders; How to pitch Content Agent to VP of Sales; Content Agent sales enablement messaging; Content Agent persona messaging; AllyAI Content Agent positioning guide; Content Agent objection handling for Sales buyers; Content Agent revenue impact messaging; CARS metrics messaging for Sales","Content Agent Product Box – defines product scope, pricing, and packaging; Content Agent First Call Deck – visual presentation for initial prospect meetings; Content Agent Second Call Deck – detailed feature and ROI presentation; Content Agent Battle Card – competitive comparison document","AllyAI Content Agent","","","","Persona-specific messaging framework; Commercial buyer talk tracks; Objection handling guidance; Value proposition alignment to CARS metrics",,,"Active"
"Case Study Slide Library - Copilot, DSO, RMM, Ally","https://docs.google.com/presentation/d/1AKgrmgU_a3wvFJPsMfhjshmIIDURdtxEnfnRuyOSYOE/edit?usp=drivesdk",,"case-study-library","Provide quantified cross-product proof points and deployment frameworks to accelerate enterprise sales cycles.","This is the Case Study Slide Library - Copilot, DSO, RMM, Ally - a comprehensive, modular sales enablement deck containing multi-product case studies, quantified business outcomes, agent capability overviews, workflow diagrams, attribution models, and a 60-day deployment plan for CommerceIQ’s AllyAI platform (Content Agent, Media Agent, Sales Agent, Shelf/DSA capabilities). It compiles real performance metrics (e.g., +168% sales lift, +55% ad sales growth, 90%+ PIM compliance, -12.8% CPC reduction, +4% net sales) alongside process maps and engagement plans to support customer conversations from discovery through production deployment.","Use during second calls, executive business reviews, late-stage validation discussions, ROI justification conversations, or when a prospect asks for measurable results, PIM compliance proof, incrementality modeling examples, or a deployment timeline.","Account Executives, Sales Leaders, Solution Consultants, Customer Success Directors, and Forward Deployed Engineers supporting enterprise retail media and digital shelf clients.","Content Agent case studies and PDP optimization; Media Agent performance and incrementality modeling; PIM compliance and DSA/Shelf workflows; 60-Day Content Agent engagement and deployment plan; Attribution models (click and impression windows); Operational workload automation (SKU scale challenges); AllyAI Context Engine and 2026 platform focus; Cross-agent positioning: Content, Media, Sales, Shelf","4.57% increase in unit conversion; 2.47% increase in digital penetration; 4% increase in net sales despite 2.04% ASP increase; 168% sales increase after title optimization; 54% traffic increase; 1115 bps conversion rate lift; Newell achieves 100% PIM compliance in 60 days; +10 pt PIM compliance improvement in <2 weeks; 90%+ PIM compliance across retailers; 2,000 active SKUs requiring 30,000 hours/year (15 FTEs); 6 updates per year at 30 mins/update; +55% ad sales growth across 10 brands; -12.8% CPC reduction; Incremental ROAS examples: 7.8, 5.4, 3.5; 95% Incremental Fraction with $21,400 estimated incremental sales","AI-driven PDP optimization can deliver triple-digit sales lifts and significant conversion gains.; Incrementality-based media optimization (iROAS) provides more accurate performance measurement than standard ROAS.; Manual SKU and PIM management at scale is operationally unsustainable without automation.; A structured 60-day engagement model accelerates deployment from discovery to production.; Cross-agent integration (Content, Media, Sales, Shelf) drives sales, share, and margin holistically.","Content Agent case study sales lift; 168% sales increase AllyAI; PIM compliance 100% in 60 days Newell; Media Agent incrementality example; iROAS explanation with Incremental Fraction; CommerceIQ 60-day deployment plan; AllyAI CPC reduction example; Content Agent free retailer offer; 30,000 hours SKU management automation; Pet category PDP optimization example; Incremental ROAS vs ROAS comparison; Attribution windows 3 14 30 day click; Forward Deployed Engineer engagement plan; AllyAI Context Engine overview; Cross-product case studies Copilot DSO RMM","RMM First Call Deck – high-level advertising overview without deep case study metrics; Sales Agent Product Box – defines Sales Agent positioning and packaging only; Pricing Calculator – commercial modeling tool without case studies; Competitive Battle Cards – focused on competitor comparisons rather than proof points","AllyAI; Content Agent; Media Agent; Sales Agent; Shelf Agent; Copilot; DSA; CommerceIQ Incrementality; Ask Ally","","Newell; Coke","+168% sales; +54% traffic; +1115 bps conversion rate; +4.57% unit conversion; +2.47% digital penetration; +4% net sales; -12.8% CPC; +55% ad sales growth; 95% Incremental Fraction; 100% PIM compliance in 60 days","PDP Content Compliance and Optimization; Incrementality Fraction modeling; iROAS optimization; Real-time optimizations; Attribution window customization; Workflow mapping and guardrails; Forward Deployed Engineer support; AllyAI Context Engine",,,"Active"
"Profitero Competitive Battle Card_101525 (Updated Oct 2025)","https://docs.google.com/presentation/d/1esvEvZ79ebaKdfF32_u7Jiq_CyOwCnjtBhw0O0s3AaY/edit?usp=drivesdk",,"battle-card","Equip sales teams to competitively position AllyAI against Profitero and legacy DSA solutions using quantified proof points.","This is the Profitero Competitive Battle Card_101525 (Updated Oct 2025) – a comprehensive sales enablement battle card detailing AllyAI’s four AI Agents (Content Agent, Media Agent, Shelf Agent, and Sales Agent), their quantified business outcomes, 60-day deployment plan, competitive positioning against manual workflows and legacy DSA processes, and customer proof points including SKU-level conversion lifts, PIM compliance improvements, incrementality optimization, and media efficiency gains.","Use in competitive deals against Profitero, during second/late-stage calls requiring ROI proof, in renewal/expansion discussions, or when prospects question incrementality, compliance automation, or operational scalability.","Sales executives, account executives, customer success managers, and competitive strategy teams","AllyAI four-agent platform overview; Content Agent PDP compliance and automation; Media Agent incrementality optimization (iROAS); 60-Day Content Agent deployment plan; PIM compliance and digital shelf workflows; Manual workflow inefficiencies vs automation; Attribution models (click and impression windows); Case studies with quantified SKU outcomes; Commercial packaging and availability offers; Context Engine and 2026 platform direction","2,000 active SKUs requiring 30,000 hours/year (15 FTEs); 6 updates per SKU per year at 30 minutes per update; <1 minute time to action vs 35-minute industry average; +10 PIM compliance points in less than 2 weeks; 90%+ PIM compliance across retailers; 4.57% increase in unit conversion; 2.47% increase in digital penetration; 4% increase in Net Sales despite 2.04% ASP increase; 168% sales increase, 54% traffic increase, 1,115 bps CVR lift; +55% ad sales growth across 10 brands; +75% campaign performance improvement; -12.8% CPC reduction; ROAS examples: $7.8 and $3.5; Incremental ROAS example: $2.14 with 95% Incrementality Fraction; 60-day plan: Day 1 kickoff → Day 7 workflow map → Day 30 prototype → Day 45 validate → Day 60 deploy","AllyAI replaces manual digital shelf workflows with agent-driven automation at scale.; Content Agent materially improves compliance, conversion, and net sales within weeks.; Media Agent optimizes to incremental ROAS, not vanity ROAS, improving efficiency and reducing cannibalization.; Deployment is structured, measurable, and production-ready within 60 days.; Commercial incentives lower adoption barriers (free Content Agent on 1 retailer).","Profitero vs AllyAI competitive comparison; Content Agent PIM compliance results; AllyAI 60-day deployment plan; incremental ROAS vs ROAS explanation; AllyAI Media Agent case studies; digital shelf automation ROI metrics; PDP optimization automation metrics; AllyAI battle card October 2025; Content Agent free retailer offer details; Media Agent incrementality fraction example; AllyAI CPC reduction statistics; pet category Content Agent case study; SKU conversion lift AllyAI; Sales Agent Copilot inclusion details; AllyAI vs DSA workflow comparison","AllyAI First Call Deck – high-level introductory overview without deep metrics; AllyAI Product Box – formal product definition and packaging document; Media Agent Deep Dive Deck – media-only technical explanation; Case Study Library – collection of standalone customer stories without competitive framing","AllyAI; Content Agent; Media Agent; Shelf Agent; Sales Agent; CommerceIQ Incrementality; Copilot; Context Engine","Profitero","Newell; Coke (Coca-Cola)","4.57% unit conversion increase; 2.47% digital penetration increase; 4% Net Sales increase; 2.04% ASP increase; 168% sales increase; 54% traffic increase; 1,115 bps conversion lift; +55% ad sales growth; +75% performance improvement; -12.8% CPC reduction; ROAS $7.8; ROAS $3.5; Incremental ROAS $2.14; 95% Incrementality Fraction; +10 PIM compliance points in <2 weeks","PDP Content Compliance and Optimization; Score, optimize, and publish content in seconds; Incrementality Fraction modeling; iROAS-based automated budget pacing; Real-time optimizations; Attribution windows (3, 14, 30 day click; 1–30 day impression); 60-Day Engagement Plan; Workflow mapping and guardrails; Prototype-to-production deployment; Context Engine insights","101525","October 2025","Active"
"AllyAI Sales Agent 2nd Call Deck","https://docs.google.com/presentation/d/1QZ2oSNQ9BVFRcntLSIkrJZjGFhEIJCvk00oD2MRIzL4/edit?usp=drivesdk","1QZ2oSNQ9BVFRcntLSIkrJZjGFhEIJCvk00oD2MRIzL4","second-call-deck","Demonstrate detailed capabilities and quantified impact of AllyAI Sales Agent in second-stage sales conversations.","This is the AllyAI Sales Agent 2nd Call Deck – a detailed follow-up sales presentation that showcases the AllyAI Sales Agent for Amazon, including gap-to-plan forecasting, root cause analysis across traffic/conversion/inventory, AI-driven recommendations (search, content, media, pricing, inventory), case studies with quantified results (+20% YoY growth, +101% pacing to plan, -3.5% TACoS), geo support, data integrations (AVC/AMS), and positioning against common CPG ecommerce challenges like data overload and contracting margins.","Use in second call or deep-dive meetings with Amazon-focused sales, ecommerce, or omnichannel leaders evaluating AllyAI for gap-to-plan management and performance diagnostics.","Sales leaders, ecommerce directors, omnichannel leaders, and analytics heads at CPG and consumer brands selling on Amazon.","Gap to Plan Management and Forecasting; Root Cause Analysis (Traffic, Conversion, Inventory); AI-Driven Recommendations (Search, Content, Media, Pricing); Media Optimization and Budget Reallocation; Out-of-Stock Risk Identification; Share of Voice (Organic and Paid) Diagnostics; Case Studies and Quantified Results; Amazon-Specific Sales and Data Integrations; Business Challenges for CPG Ecommerce Teams; Ask AllyAI Prompts and AI Analyst Capabilities","76% of CPG ecommerce leaders cite data overload and lack of actionability as blockers; SKU sales down -41% YoY tied to drop in glance views and lost Buy Box; Brand C decline in rank on 'term 1' driving SOV drop; Personal Care Brand achieved +20% YoY growth; 88% missing plan before AllyAI; +101% pacing to plan after; 3.5% reduction in Total Advertising Cost of Sale (TACoS); Neural network model optimizing 1000s of keyword bids using 50+ signals; Geo support: US, Canada, EU5, Australia; AVC/AMS data support: US, CA, Mexico, Brazil, Australia, EU9; Market Share coverage: US, CA, EU5; AI trained on 100k+ hours of commerce scenarios; Identification of missing search themes per SKU; Media underspent vs overspent diagnostics; Root cause decision tree for SOV decline; Example prompts: pacing to plan, SKU revenue drivers, 90-day conversion trends, pricing adjustments, replenishment guidance","AllyAI Sales Agent connects pacing-to-plan forecasting with root cause diagnostics and prescriptive actions.; The platform unifies shelf, media, pricing, and inventory signals to explain underperformance at SKU level.; AI-driven recommendations can materially improve growth (+20% YoY), pacing (+101%), and efficiency (-3.5% TACoS).; Designed to reduce data overload and accelerate commercial decision-making for Amazon sales teams.","AllyAI Sales Agent second call deck; AllyAI gap to plan presentation; Root cause analysis Amazon SKU deck; AllyAI +20% YoY case study; AllyAI 3.5% TACoS reduction example; AI sales agent for Amazon forecasting; Pacing to plan Amazon AI tool; AllyAI media optimization neural network 50 signals; AllyAI share of voice decline analysis; AllyAI lost Buy Box impact example; AllyAI Sales Teammate vs Media Teammate; AllyAI geo support EU5 US Canada; Amazon AVC AMS data support AllyAI; Sales Agent jobs to be done deck; AllyAI SKU-level diagnostics presentation","AllyAI First Call Deck – high-level overview without deep diagnostics and case study metrics.; AllyAI Media-Only Deck – focused exclusively on bidding and retail media optimization.; AllyAI Product Datasheet – short feature summary without detailed storytelling or quantified results.; AllyAI Case Study One-Pagers – individual customer stories rather than full capability overview.","AllyAI Sales Agent; AllyAI Sales Teammate; AllyAI Media Teammate; Sales Agent for Amazon","","Personal Care Brand; Consumer Goods manufacturer; Worldwide Toy Manufacturer; Household Appliance Manufacturer","-41% YoY sales decline example; +20% YoY growth; 88% missing plan before; +101% pacing to plan after; -3.5% TACoS; 76% cite data overload; 100k+ hours of commerce training data; 50+ signals in bid optimization model","Gap to Plan Management; Projected Pacing to Plan; Root Cause Decision Tree; SKU-Level Insights; Share of Voice Diagnostics (Organic and Paid); AI Search Theme Identification; Content Improvement Recommendations; Media Budget Reallocation; Neural Network Bid Optimization; Out-of-Stock Risk Identification; Ask AllyAI Prompt Interface",,,"Active"
"RMM First Call Deck April 25 - Part 1","https://docs.google.com/presentation/d/1GyFpDLARvcNMuQ21qi2HBOasIbglMfeBzFGMsP085EI/edit?usp=drivesdk",,"first-call-deck","Introduce CommerceIQ RMM and Digital Shelf capabilities in an initial sales conversation","This is the RMM First Call Deck April 25 - Part 1 - a first-call sales presentation introducing CommerceIQ’s Retail Media Management (RMM), Digital Shelf Optimization, and AI Content Agent capabilities, including category and SKU-level analytics, advertising and operations metrics, content governance, deduction recovery widgets, and a structured GTM rollout plan with webinar outreach and deployment timelines.","Use during first discovery calls, early-stage prospect meetings, webinar follow-ups, or when introducing the Content Agent free offer and RMM analytics breadth.","Sales representatives, Customer Success Directors (CSDs), Sales Engineers, and GTM marketing teams","Category-level competitive benchmarking; SKU-level performance analytics (1P and 3P); Advertising and Share of Voice (SOV) metrics; Operations and inventory forecasting diagnostics; Digital Shelf Optimization and Content Authority; Content Agent free offer structure; Amazon Copilot Offer; Co-op Deduction and Recovery Overview widgets; Enablement & Outreach GTM schedule; Implementation keys and deployment sequencing","Estimated competitor sales and market share at category level; 1P and 3P sales and units at SKU level; ASP by SKU, brand, manufacturer, category, color, age group; Predictive Out of Stock based on sales velocity; Change in Amazon Forecast when 6-week forecast shifts >20%; Lost Buy Box (LBB %) detection when 3P wins over Amazon; Organic and Sponsored SOV (Page 1, Top 3, Top 10); ACoS (1-day, 7-day, 14-day) and ROAS/iROAS metrics; Brand Halo Sales (1-day, 7-day, 14-day); Inventory aging: Units >90, >180, >365 days; Revenue Lost due to Unavailability (WOC > 2); Mean, P70, P90 Forecast metrics; Content Agent free for 1 retailer, 1 brand, 1 category for life of contract; Retailers supported for syndication: Amazon, Kroger, Costco, Walmart; Co-op Deduction Overview anchored to co-op invoice date","CommerceIQ provides end-to-end visibility across sales, advertising, operations, and digital shelf.; The platform proactively identifies revenue leakage via OOS, Buy Box loss, and forecast changes.; Content governance is critical due to 3P seller authority over PDP changes.; The Content Agent offer lowers adoption risk with a free tier under existing contracts.; RMM integrates advertising performance with incrementality and SOV insights.","RMM First Call Deck April 25 Part 1; CommerceIQ RMM first call presentation; Category page competitor market share CommerceIQ; SKU level 1P 3P metrics CommerceIQ; Predictive Out of Stock ARAP forecast 20 percent change; Lost Buy Box LBB percentage definition; Organic and Sponsored SOV metrics list; Content Agent free offer 1 retailer 1 brand; Digital Shelf Optimization customer offer details; Amazon Copilot Offer CommerceIQ; Co-op Deduction Overview widget explanation; Revenue Lost due to Unavailability WOC greater than 2; Incrementality Band and iROAS definition; Enablement outreach webinar email sequence RMM; Retailers with automated syndication Amazon Kroger Costco Walmart","RMM Second Call Deck – deeper feature walkthrough and ROI/pricing discussion; Sales Agent Product Box – formal product definition and packaging; RMM Battle Cards – competitive comparison sheets; Digital Shelf Datasheet – short-form product summary","Retail Media Management (RMM); Content Agent; Digital Shelf Optimization; Amazon Copilot","","","Contribution Margin; Net Pure Profit; Overall Content Score; Revenue Lost due to Unavailability; Lost Buy Box (LBB %); Mean/P70/P90 Forecast; ROAS; ACoS (1, 7, 14 days); Brand Halo Sales (1, 7, 14 days); Organic and Sponsored SOV (Top 3, Top 10, Page 1)","Category Page benchmarking; SKU Page detailed breakdown; Predictive Out of Stock detection; 3P Variant identification; Forecast variance alerts (>20%); Co-op Deduction Overview widget; Recovery Overview for Accruals; Content Authority monitoring; Automated syndication (Amazon, Kroger, Costco, Walmart)",,"April 2025","Active"
"AllyAI Category Teammate","https://docs.google.com/presentation/d/1uUruwGH6HqqgV_OA-q-NOe_pg6bVMDo3A5rHRq2hj1s/edit?usp=drivesdk",,"second-call-deck","Drive second-call advancement by proving quantified ROI and structured deployment of AllyAI agents.","This is the AllyAI Category Teammate - a comprehensive sales enablement deck that positions AllyAI’s suite of AI Agents (Content Agent, Media Agent, Shelf Agent, and Sales Agent) as an AI-powered digital commerce teammate, detailing end-to-end workflows, 60-day deployment plans, case studies with quantified results (e.g., +168% sales, +54% traffic, +1115 bps conversion lift), PIM compliance improvements (90%+ compliance, +10 pts in <2 weeks), incrementality-based media optimization (iROAS), and operational efficiency gains (30,000 hours/year manual effort eliminated across 2,000 SKUs).","Use in second meetings, deep-dive demos, pilot discussions, PIM compliance conversations, incrementality/iROAS strategy reviews, or when formalizing a 60-day AI agent engagement plan.","Sales executives, account executives, solutions consultants, retail media leads, and digital commerce decision-makers evaluating AllyAI deployment.","AllyAI multi-agent platform overview; Content Agent (PDP compliance and SEO optimization); Media Agent (Incrementality and iROAS optimization); Shelf Agent and Sales Agent capabilities; 60-Day Content Agent Engagement Plan; PIM compliance and workflow automation; Incrementality Fraction and attribution models; Case studies and quantified outcomes; Operational inefficiencies in manual PDP management; Available-now contract inclusions and offers","2,000 active SKUs requiring 30,000 hours/year (15 FTEs); 6 updates per SKU per year at 30 minutes per update; +4.57% unit conversion, +2.47% digital penetration, +4% net sales despite 2.04% ASP increase; 168% sales lift, 54% traffic increase, 1115 bps conversion increase; +10 pts PIM compliance in <2 weeks; 90%+ compliance across retailers; <1 minute time to action vs 35 min industry average; Newell achieves 100% PIM compliance in 60 days; Media Agent: +55% ad sales growth, +75% performance growth, -12.8% CPC; Incremental ROAS example: $2.14; Incremental Fraction up to 95%; Attribution windows: 3, 7, 14, 30-day click; 1, 7, 14, 30-day impression; ROAS examples: $7.8 and $3.5; Free Content Agent on 1 retailer, 1 brand, 1 market for life of contract; Shelf Agent included in DSA contract; Sales Agent 'Ask Ally' in Copilot contract; Forward Deployed Engineer assigned for tuning agents; Phased incrementality model (Phase 1–3 with organic SOV impact)","Manual PDP management at scale is operationally unsustainable; AllyAI automates and compresses feedback loops.; Content Agent drives measurable conversion, traffic, and compliance improvements within weeks.; Media Agent optimizes for incrementality (iROAS), not just ROAS, reducing cannibalization and improving efficiency.; Deployment follows a structured 60-day prototype-to-production model with defined KPIs and ownership.; AllyAI positions itself as a long-term AI teammate embedded in workflows, not just a reporting tool.","AllyAI Category Teammate deck; Content Agent PIM compliance case study; AllyAI 60-day deployment plan; Incrementality Fraction explanation; iROAS vs ROAS CommerceIQ; 168% sales lift case study AllyAI; Newell 100% PIM compliance; Content Agent free retailer offer; AllyAI Media Agent CPC reduction; How AllyAI optimizes PDP titles; Forward Deployed Engineer AllyAI; Shelf Agent DSA contract inclusion; Ask Ally Sales Agent Copilot; AllyAI attribution windows 30 day click; 2,000 SKU 30,000 hour PDP management problem","AllyAI Product Box – high-level positioning and packaging overview without deep case studies; Content Agent Datasheet – single-agent feature summary without multi-agent narrative; Media Agent One-Pager – focused only on advertising optimization; Sales Agent Deck – focused solely on decision acceleration use cases","AllyAI; Content Agent; Media Agent; Shelf Agent; Sales Agent; Ask Ally; Copilot; CommerceIQ Incrementality","","Newell; Coke","+4.57% unit conversion; +2.47% digital penetration; +4% net sales; +168% sales; +54% traffic; +1115 bps conversion; +10 pts PIM compliance in <2 weeks; 90%+ PIM compliance; -12.8% CPC; +55% ad sales growth; +75% performance growth; ROAS $7.8; ROAS $3.5; Incremental ROAS $2.14; 95% Incremental Fraction","PDP Content Compliance and Optimization; Incrementality Fraction modeling; iROAS automated optimization; Real-time keyword bid optimization (50+ signals); Attribution window customization; 60-Day Engagement Plan; Workflow mapping and guardrails; Prototype-to-production deployment; Forward Deployed Engineer support; Score, optimize, and publish in seconds",,,"Active"
"AllyAI Content Agent_2nd Call Slides","https://docs.google.com/presentation/d/15zKFbgUa2SS6H98tRWMQUEhsnxgAipegF8eErhLLjow/edit?usp=drivesdk","15zKFbgUa2SS6H98tRWMQUEhsnxgAipegF8eErhLLjow","second-call-deck","Advance second-call opportunities by quantifying PDP inefficiency and positioning AllyAI Content Agent as the AI-driven compliance solution.","This is the AllyAI Content Agent_2nd Call Slides - a detailed second-call sales presentation covering the AllyAI Content Agent solution, the shift from Digital Shelf to AI Shelf, PDP (Product Detail Page) content compliance challenges across retailers, quantified operational inefficiencies (30,000 hours/year, 35 minutes per update), and the product’s ability to score, optimize, and publish content in seconds to achieve 90%+ PIM compliance and +10 compliance points in under two weeks. The deck includes a Newell case example (100% PIM compliance in 60 days), workflow comparisons (Before/After Digital Shelf Agency vs Content Agent), and positioning around AI-driven retail discovery (AEO, GEO, retailer AI shelf gatekeepers).","Use in second sales meetings after discovery, when presenting ROI, operational savings, compliance improvements, AI Shelf narrative, or when engaging enterprise brands managing thousands of SKUs across multiple retailers.","Sales team, account executives, sales engineers, and revenue leaders presenting to enterprise CPG brands and retail content teams","AI Shelf vs Digital Shelf positioning; PDP content compliance challenges; Operational inefficiency (hours, FTEs, updates); Broken Digital Shelf Agency workflows; AllyAI Content Agent capabilities; PIM compliance improvement metrics; Retailer and AI gatekeeper landscape (AEO, GEO); Newell case example; Before/After workflow transformation; Demo and call-to-action","2,000 active SKUs; 6 updates per year per SKU; 30–35 minutes per update (industry average); 30,000 hours per year (15 FTEs); 5 retailers and 5 systems referenced; 30+ day feedback loop in current workflow; +10 PIM compliance points in less than 2 weeks; 90%+ PIM compliance across retailers; Less than 1 minute time to action; Newell achieves 100% PIM compliance in 60 days; C.A.R.S: PDPs x Retailers framework; AEO examples: Rufus, Sparky; GEO examples: ChatGPT, Gemini; Agentic protocols: UCP, MCP (e.g., Marty); Inputs behind every PDP update: brand, legal, retailer, search, promotions, conversion","Manual PDP updates at scale are operationally unsustainable.; AI-driven automation can reduce update time from 35 minutes to under 1 minute.; AllyAI Content Agent materially improves PIM compliance (90%+ and +10 points in <2 weeks).; The AI Shelf is redefining retail discovery, making optimized PDP content mission-critical.; Large enterprises like Newell can achieve 100% compliance within 60 days using AllyAI.","AllyAI Content Agent second call deck; Content Agent ROI slides; PDP compliance automation presentation; AI Shelf sales deck; Newell PIM compliance case study; 30,000 hours 15 FTE content updates; reduce 35 minute PDP updates to 1 minute; 90% PIM compliance across retailers; Digital Shelf Agency workflow problems; CARS PDPs x Retailers framework; AEO GEO retail AI shelf slides; Content gap identification automation; PIM compliance improvement in 2 weeks; enterprise SKU content automation deck; AllyAI vs manual PDP process","AllyAI Content Agent First Call Deck – high-level overview without deep metrics and workflow breakdown; AllyAI Content Agent Product Box – commercial packaging and pricing definition; AllyAI Technical Datasheet – integration and architecture details; AllyAI Sales Agent Deck – focused on CARS analytics rather than PDP compliance automation","AllyAI Content Agent","Digital Shelf Agency (DSA)","Newell","2,000 active SKUs; 30,000 hours per year; 15 FTEs; 6 updates per year; 30–35 minutes per update; Less than 1 minute time to action; +10 PIM compliance points in <2 weeks; 90%+ PIM compliance; 100% PIM compliance in 60 days; 30+ day feedback loop","PDP content scoring; Content gap identification; Automated content optimization; Automated publishing to retailers; Cross-retailer PIM compliance management; Media Data integration; Agency Services support",,,"Active"
"DSO_2nd Call Deck","https://docs.google.com/presentation/d/13ivKA010WzowgssKSpEkZnpk_px9OFaZECiWDHJLKkg/edit?usp=drivesdk",,"second-call-deck","Demonstrate detailed AllyAI capabilities and quantified ROI for second-stage sales conversations.","This is the DSO_2nd Call Deck – a comprehensive second-call sales presentation covering CommerceIQ’s AllyAI platform, including Content Agent, Media Agent, Shelf Agent, and Sales Agent, with detailed workflows, case studies, KPI outcomes, incrementality measurement, PIM compliance automation, and a 60-day implementation plan. It includes quantified results such as +4% net sales, +168% sales lift, +55% ad sales growth, -12.8% CPC reduction, 90%+ PIM compliance, and production deployment within 60 days.","Use during second sales meetings after discovery when the prospect wants detailed workflows, case studies, KPI proof, deployment timeline, and contract inclusions.","Enterprise sales teams, solution consultants, and retail brand decision-makers evaluating AllyAI after initial discovery","AllyAI multi-agent platform overview; Content Agent PDP optimization and PIM compliance; Media Agent incrementality and iROAS optimization; Shelf Agent diagnostics and attainment; Sales Agent (Ask Ally) decision acceleration; 60-Day Content Agent deployment roadmap; Case studies and quantified business outcomes; Manual workflow challenges and FTE burden; Attribution models and incrementality fraction modeling; Contract inclusions and available-now offers","2,000 active SKUs requiring 30,000 hours/year (15 FTEs); 6 updates per SKU per year at 30 minutes per update; +4.57% unit conversion, +2.47% digital penetration, +4% net sales; 168% increase in sales, 54% increase in traffic, 1,115 bps conversion lift; Newell achieved 100% PIM compliance in 60 days; +10 PIM compliance points in less than 2 weeks; 90%+ PIM compliance across retailers; Less than 1 min time to action vs 35 min industry average; +55% ad sales growth across 10 brands; +75% campaign performance improvement; -12.8% CPC reduction; Incremental ROAS example: $2.14; ROAS examples: 5.4, 7.8, 3.5; 3-, 14-, 30-day click attribution; 28-day impression attribution; Content Agent free on 1 retailer, 1 brand, 1 market for life of contract","Manual PDP management at scale is operationally unsustainable and prone to failure.; Content Agent materially improves compliance, conversion, and speed to action.; Media optimization must be based on incrementality (iROAS), not standard ROAS.; AllyAI agents can be deployed from kickoff to production in 60 days.; Quantified case studies demonstrate measurable sales, traffic, and efficiency gains.","DSO second call deck; AllyAI Content Agent case study; PIM compliance automation results; incrementality vs ROAS explanation; iROAS optimization example; 60 day AI agent deployment plan; Newell PIM compliance 100%; Content Agent free retailer offer; Media Agent CPC reduction; 168% sales increase case study; 90% PIM compliance across retailers; AllyAI attribution models 3 14 30 day; Forward Deployed Engineer deployment; Shelf Agent DSA inclusion; Sales Agent Ask Ally Copilot contract","First Call Deck – high-level overview without deep KPI proof or implementation detail; Product Box – defines positioning and packaging but not full workflows and case studies; Battle Card – competitive comparison focused, not end-to-end deployment; One-Pager – summary asset without detailed metrics and roadmap","AllyAI; Content Agent; Media Agent; Shelf Agent; Sales Agent; Ask Ally; CommerceIQ Incrementality","","Newell; Coke (Coca-Cola)","+4.57% unit conversion; +2.47% digital penetration; +4% net sales; 168% sales increase; 54% traffic increase; 1,115 bps conversion increase; 90%+ PIM compliance; +55% ad sales growth; -12.8% CPC reduction; Incremental ROAS $2.14","PDP content scoring and optimization; Automated title recommendations; Incrementality Fraction modeling; iROAS-based budget optimization; Real-time media optimizations; Attribution window customization (3/14/30-day click, 28-day impression); Workflow mapping and guardrails; Forward Deployed Engineer support; PIM compliance tracking; Organic SOV saturation modeling",,,"Active"
"AC Copilot - Competitive Intelligence","https://docs.google.com/presentation/d/1Y4UywKXgAam6FGYGCBJebZPMR2PX-cxajdE8hlIIY14/edit?usp=drivesdk","1Y4UywKXgAam6FGYGCBJebZPMR2PX-cxajdE8hlIIY14","enablement-guide","Equip sales teams with structured competitive positioning and objection-handling guidance.","This is the AC Copilot - Competitive Intelligence enablement guide - a comprehensive competitive battlecard-style document equipping sales teams with detailed comparisons between CommerceIQ (CIQ) and key competitors across Market Share (MS), eCommerce Sales Management (ESM), and Profit Recovery Analytics (PRA), including FUD questions, feature differentiators, automation capabilities, AI strengths, and product-by-product positioning guidance.","Use in competitive deal cycles, RFP responses, late-stage evaluations, renewal defense, objection handling against Stackline, Profitero, Supplypike, Dimetyd, Flywheel, or Amazon Market Share tools.","Account Executives, Sales Directors, Sales Engineers, Revenue Enablement, and Competitive Intelligence teams","Market Share (MS) Competitive Comparisons; eCommerce Sales Management (ESM) Capabilities; Profit Recovery Analytics (PRA) Comparisons; AI-Driven Predictive Analytics & Automation; Out-of-Stock (OOS) Forecasting & Vendor Initiated Orders (VIOs); Sales Leakage Prevention & Suppressed ASIN Automation; Dynamic vs Fixed Categorization Methodology; Customizable Reporting & SKU-Level Insights; Unified Platform vs Point Solutions; FUD Questions for Competitive Selling","Stackline Beacon & Beacon Pro (launched 2023); Stackline Atlas (Market Share product); Amazon Market Share solution comparison; Data Impact Amazon Market Share comparison; Profitero Autopilot (via Salsify integration); Dimetyd Platform (PRA competitor); Supplypike Platform & Services; Flywheel Retail Operations / Onespace / Whytespider; Discover & Guide (ESM comparison); Dynamic categorization using thousands of search terms; Vendor Initiated Orders (VIOs) for OOS mitigation; Automated dispute process (multiphase); Suppressed ASIN, Andon Cord, malicious 3P variant detection; Lost Buy Box identification; Integration with PIM and DAM systems","CommerceIQ differentiates through AI-powered predictive automation across MS, ESM, and PRA.; CIQ provides a unified, item-level, single source of truth vs fragmented competitor tools.; Automation (sales leakage defense, dispute workflows, OOS forecasting) is a core competitive moat.; Dynamic categorization and customizable reporting offer deeper, more flexible insights than fixed competitor models.; The document equips sales teams with structured FUD questions to drive competitive displacement.","CIQ vs Stackline Beacon comparison; CommerceIQ vs Profitero Autopilot; CIQ profit recovery vs Supplypike; Dimetyd vs CommerceIQ PRA; How does CIQ prevent sales leakage?; CommerceIQ OOS forecasting and VIO; Dynamic vs fixed categorization Stackline; CIQ competitive intelligence guide; CommerceIQ vs Flywheel Retail Operations; How to position CIQ against Amazon Market Share; CIQ automated dispute process details; Suppressed ASIN automation CIQ; CommerceIQ unified platform vs point solutions; CIQ SKU-level forecasting capabilities; FUD questions for eCommerce sales management","RMM Second Call Deck – customer-facing advertising presentation; Product Box – defines product packaging, pricing, and positioning; Pricing Calculator – models ROI and cost scenarios; Case Study Library – contains customer success metrics and stories","CommerceIQ Market Share; CommerceIQ eCommerce Sales Management (ESM); CommerceIQ Profit Recovery Analytics (PRA); Stackline Beacon; Stackline Beacon Pro; Stackline Atlas; Profitero Autopilot; Dimetyd Platform; Supplypike Platform & Services; Retailer Excellence; Discover & Guide; Flywheel Retail Operations; Shelf Intelligent Content","Stackline; Profitero; Supplypike; Dimetyd; Flywheel; Data Impact; Amazon Market Share; Retailer Excellence","","100% / 75% / 50% / 0% capability comparison scale; Beacon & Beacon Pro launched 2023","Vendor Initiated Orders (VIOs); Predicted OOS Forecasts & Actions; Sales Leakage Defense; Automated Multiphase Dispute Process; Dynamic Categorization; Customizable Reporting & Insights; SKU-Level Forecasting; Suppressed ASIN Detection; Andon Cord Resolution; Lost Buy Box Identification; PIM/DAM Integration; AI-Powered Predictive Analytics",,,"Active"
"Product Box: Shelf Agent","https://docs.google.com/document/d/1az4xXzI0P9ZEkA8hYegZlJ6sDRBS_1_JJZntf0DK1DI/edit?usp=drivesdk","1az4xXzI0P9ZEkA8hYegZlJ6sDRBS_1_JJZntf0DK1DI","product-box","Define and position Shelf Agent as the AI intelligence layer on top of DSO for sales and scoping alignment.","This is the Product Box: Shelf Agent - a comprehensive sales enablement document defining AllyAI Shelf Agent as the intelligence layer on top of Digital Shelf Optimization (DSO), detailing its AI-powered insights, automated reporting capabilities, retailer and country-level analytics, required DSO dependency, supported geographies/retailers, agent skills (Ask AllyAI, Brand Insights, Retailer Insights, Country Insights, AllyAI Takeaways, Automated Reporting), and optional ExpertIQ managed services.","Use when positioning Shelf Agent, explaining DSO dependency, outlining AI capabilities, detailing reporting features, or clarifying what is included vs optional services.","Sales teams, solutions consultants, account executives, customer success managers, and product marketing teams positioning Shelf Agent with enterprise CPG brands.","Shelf Agent product overview and positioning; Dependency and inclusion of Digital Shelf Optimization (DSO); Agent Skills (Ask AllyAI, Brand Insights, Retailer Insights, Country Insights, AllyAI Takeaways, Automated Reporting); Retailer and country-level performance diagnostics; Automated Insight Packs and executive-ready PowerPoint reporting; Supported geographies and retailers; Optional ExpertIQ Agency Services; Differentiation from Content Agent; Share of shelf, share of voice, and out-of-stock monitoring; Conversational AI workflows and automated analysis","Shelf Agent requires active Digital Shelf Optimization (DSO) data and cannot be purchased standalone; DSO measures content, availability, assortment, ratings & reviews, search, pricing, and promotions; Includes monitoring for share of shelf and share of voice; SKU-level out-of-stock detection by retailer; Pricing compliance exception tracking; Driver analysis linking digital shelf shifts to sales and engagement changes; Ask AllyAI enables conversational interrogation in plain language; Automated Insight Packs include executive summary, performance drivers, prioritized actions, and export-ready PowerPoint; Reporting cadences: weekly, monthly, quarterly, ad hoc; Filtering by retailer, country, category, timeframe, and SKU; Country Insights consolidate cross-retailer performance within a market; Retailer Strategy, Market Review, Event Strategy, Launch Strategy service offerings; Available in all markets where DSO coverage exists (see Digital Shelf Analytics – Supported Features and Retailers, Section 1.2); Updated: 02-26-26 and supersedes prior versions; Differentiation: Shelf Agent recommends changes; Content Agent executes updates","Shelf Agent is the AI intelligence layer built on top of DSO and cannot function without it.; It transforms complex digital shelf data into prioritized, retailer-specific actions and executive-ready reports.; It eliminates manual reporting cycles through conversational AI and automated Insight Packs.; It supports global, regional, and market-level decision-making with country and cross-retailer rollups.; Optional agency services extend Shelf Agent insights into strategic planning and execution support.","What is AllyAI Shelf Agent?; Does Shelf Agent require DSO?; Can I buy DSO without Shelf Agent?; Shelf Agent vs Content Agent difference; Ask AllyAI capabilities; Shelf Agent automated reporting Insight Packs; Retailer-specific digital shelf diagnostics; Country-level digital shelf rollups; Share of shelf and share of voice monitoring; Out-of-stock detection by SKU and retailer; Shelf Agent supported retailers and geographies; Digital Shelf Optimization dependency for Shelf Agent; ExpertIQ services with Shelf Agent; Executive-ready PowerPoint digital shelf reports; AllyAI Takeaways feature explanation","Digital Shelf Optimization (DSO) Product Description – defines the data measurement foundation, not the AI intelligence layer.; Content Agent Product Box – focuses on content execution and syndication rather than insight generation.; Shelf Agent Sales Deck or Demo Deck – presentation format for customer meetings rather than structured product definition.; Digital Shelf Analytics Supported Features and Retailers document – lists coverage details only.","AllyAI Shelf Agent; Digital Shelf Optimization (DSO); Ask AllyAI; AllyAI Takeaways; Brand Insights; Retailer Insights; Country Insights; Automated Reporting; ExpertIQ Services; Content Agent","","","Share of shelf monitoring; Share of voice monitoring; Out-of-stock detection by SKU and retailer; Pricing compliance exceptions; Weekly, monthly, quarterly reporting cadences","Conversational AI data interrogation (Ask AllyAI); Auto-summarized performance narratives (AllyAI Takeaways); Executive-ready Insight Packs with PowerPoint export; Retailer-specific diagnostics; Country-level rollups; Driver analysis linking digital shelf to sales; One-click automated reporting; Filtering by retailer, country, category, timeframe, SKU",,"02-26-26","Active"
"AI Goal Optimizer Media Agent Sell Sheet June 2025","https://drive.google.com/file/d/1YmUoZAs9usjPyYIv1WgLSBUGXdeF56K0/view?usp=drivesdk","1YmUoZAs9usjPyYIv1WgLSBUGXdeF56K0","one-pager","Position AI Goal Optimizer as an AI-driven incrementality-focused media solution with quantified proof points.","This is the AI Goal Optimizer Media Agent Sell Sheet June 2025 - a customer-facing one-pager that introduces CommerceIQ’s AI Goal Optimizer powered by AllyAI Media Teammate, detailing its multi-goal optimization capabilities (ROAS, iROAS, SOV), AI-driven budget reallocation, incrementality focus, and proven performance metrics including +75.6% ROAS increase, +88.7% impression growth, -38.4% CPC reduction, +57.9% average lift, up to 40% click growth, and 77.1% time savings in campaign management.","Use in prospect or customer conversations when discussing AI media optimization, incrementality (iROAS), budget reallocation, or performance proof points; ideal as a follow-up leave-behind after a discovery or demo call.","Sales representatives, account executives, retail media strategists, and digital marketing decision-makers evaluating AI-driven media optimization.","AI Goal Optimizer overview; AllyAI Media Teammate AI agent; Multi-goal optimization (ROAS, iROAS, SOV); Incrementality and net-new revenue focus; Dynamic budget reallocation and bid adjustments; Performance metrics and quantified results; Campaign Optimizer interface and automation rules; Customer testimonial (Pilgrim’s Pride)","Optimizes for ROAS, iROAS (incremental ROAS), and SOV; Powered by AllyAI Media Teammate; Uses deep learning across 50+ data points; Dynamically reallocates budgets across campaigns; +75.6% average increase (ROAS-related metric); +88.7% impression growth; -38.4% average CPC reduction; +57.9% average performance increase; Up to 40% increase in clicks; 77.1% time savings in day-to-day management; Prevents organic sales cannibalization; Focus on net-new revenue generation; Updated Campaign Optimizer with custom pacing and automation rules; Customer quote from Aaron Conkey at Pilgrim’s Pride","AI Goal Optimizer is positioned as the industry’s first AI-driven incrementality-focused media solution.; It enables multi-goal optimization across ROAS, iROAS, and SOV simultaneously.; The product delivers significant measurable improvements in ROAS, impressions, CPC, clicks, and time savings.; It differentiates through real-time AI budget reallocation and portfolio-level optimization.","AI Goal Optimizer sell sheet June 2025; CommerceIQ iROAS optimization one pager; AllyAI Media Teammate overview; incremental ROAS optimization document; retail media AI budget reallocation tool; AI-driven SOV optimization solution; Pilgrim’s Pride CommerceIQ case quote; CPC reduction AI media case study; multi-goal ROAS iROAS SOV optimization; CommerceIQ Media Agent sell sheet; AI campaign optimizer 50+ data points; real-time bid adjustment AI solution; net-new revenue media optimization tool; CommerceIQ impression growth statistics","AI Goal Optimizer Product Demo Deck – provides detailed UI walkthroughs and workflows rather than a high-level value summary.; CommerceIQ Pricing Sheet – outlines commercial terms and packaging, not product capabilities and results.; Retail Media Management Second Call Deck – broader platform overview beyond just AI Goal Optimizer.","AI Goal Optimizer; AllyAI Media Teammate; Campaign Optimizer","","Pilgrim’s Pride; Aaron Conkey","+75.6% average increase; +88.7% impression growth; -38.4% CPC reduction; +57.9% average increase; Up to 40% clicks increase; 77.1% time savings","Multi-Goal Selection (ROAS, iROAS, SOV); Dynamic budget reallocation; Real-time bid adjustments; Deep learning across 50+ data points; Incrementality optimization; Custom pacing and automation rules",,"June 2025","Active"
"AllyAI Content Agent_datasheet.pdf","https://drive.google.com/file/d/18mgP0-_5ARrVL1yO2HE3rS6C9fuMO7jb/view?usp=drivesdk","18mgP0-_5ARrVL1yO2HE3rS6C9fuMO7jb","datasheet","Provide a sales-ready overview of AllyAI Content Agent capabilities and proven outcomes.","This is the AllyAI Content Agent_datasheet.pdf – a product datasheet outlining the capabilities, AI skills, managed services, integrations, and proven outcomes of CommerceIQ’s AllyAI Content Agent, including agent and analyst skills, workflow automation, retailer optimization, and quantified performance results (10+ point PIM compliance increase in 2 weeks, 100%+ PIM compliance across major retailers, 35 min to 1 min ticket creation time reduction).","Use in first-call follow-ups, executive summaries, prospect emails, high-level product overviews, and when validating ROI or compliance improvement claims.","Sales teams, account executives, customer success managers, and prospective brand stakeholders evaluating retail content optimization solutions.","AllyAI Content Agent overview; AI Agent Skills (optimization and validation); AI Analyst Skills (analytics and insights); Search, Answer, and Generative Engine Optimization; Retailer compliance and syndication; Integrated DAM, PIM, retailer, and PDP workflow; Managed Services offerings; Content strategy and consulting services; Proven outcomes and quantified results; PDP performance improvement","Content Search Engine Optimization; Answer Engine Optimization (AEO); Generative Engine Optimization (GEO); Optimization for Amazon Rufus and Walmart Sparky; AI share of voice and answer ranking tracking; Ask Ally natural language Q&A; Ally Takeaways auto-summarized insights; Automated Reporting in brand templates; Dashboard pinning and drill-down trend analysis; Integration with DAM, PIM, retailer data, and PDPs; Managed Services: Retailer Content Ops, Content Syndication, Content Optimization; 15,000 SKUs in global home & kitchen manufacturer case; 10+ point increase in PIM compliance in 2 weeks; 100%+ PIM compliance across major retailers; Ticket creation time reduced from 35 minutes to 1 minute","AllyAI Content Agent combines AI validation, optimization, and analytics in a single workflow.; The platform improves retailer compliance and discoverability across search, chatbots, and answer engines.; AI-driven automation reduces manual cycle time and operational inefficiencies.; CommerceIQ augments the software with optional managed services support.; Proven results include double-digit compliance gains and significant operational time savings.","What is AllyAI Content Agent?; AllyAI Content Agent datasheet; How does Ally improve PIM compliance?; CommerceIQ content optimization solution overview; Amazon Rufus optimization tool; Walmart Sparky content optimization; AI share of voice tracking retail; Reduce PDP cycle time automation; Content syndication without API support; Ask Ally analytics feature; Ally Takeaways automated insights; Content Agent managed services; PIM compliance case study 15000 SKUs; Ticket creation time reduction content ops; Search Engine Optimization and AEO for retailers","AllyAI Content Agent Second Call Deck – deeper feature walkthrough and pricing discussion; AllyAI Product Box – positioning and packaging document defining product strategy; Competitive Battle Cards – side-by-side comparison with competitors; Dedicated Case Study Deck – expanded customer success stories with narrative detail","AllyAI Content Agent; Ally; Ask Ally; Ally Takeaways; CommerceIQ Managed Services","","Global home & kitchen manufacturer (unnamed)","10+ point increase in PIM compliance in 2 weeks; 100%+ PIM compliance across major retailers; 15,000 SKUs deployed; 35 minutes to 1 minute ticket creation time reduction","AI Agent Skills; AI Analyst Skills; Content Search Engine Optimization; Answer Engine Optimization (AEO); Generative Engine Optimization (GEO); Compliance Optimization; AI share of voice tracking; Ask Ally natural language querying; Ally Takeaways automated summaries; Automated Reporting; Dashboard pinning; DAM, PIM, retailer, and PDP integration; Retailer Content Ops; Content Syndication; Content Strategy and Consulting Services",,,"Active"
"CommerceIQ-ContentStyleGuide.pdf","https://drive.google.com/file/d/13o95ZN7b287KQbJ4qogNlaB6kLpM_S4H/view?usp=drivesdk","13o95ZN7b287KQbJ4qogNlaB6kLpM_S4H","enablement-guide","Standardize and govern all CommerceIQ written communications","This is the CommerceIQ Copy & Content Style Guide (CommerceIQ-ContentStyleGuide.pdf) - a comprehensive brand writing and editorial standards document outlining CommerceIQ’s voice, tone, grammar rules, formatting conventions, digital asset guidelines, industry naming standards, and legal/compliance guardrails for all customer-facing content. It defines how CommerceIQ communicates across website copy, sales materials, emails, social media, press releases, and executive-authored content.","Use when creating or editing website pages, sales decks, email campaigns, social posts, press releases, executive content, metadata, or any public-facing CommerceIQ material","Marketing team, content writers, sales enablement, BDRs, executives, and anyone creating customer-facing content for CommerceIQ","Brand voice and tone principles; General writing style rules (clarity, conciseness, active voice); Headline formatting and capitalization standards; Punctuation and grammar conventions; Abbreviations and acronym usage rules; Industry and category capitalization standards; Digital asset guidelines (web, email, social); Competition and legal guardrails; Words to avoid and preferred terminology; Style guide exceptions for SMEs, executives and BDRs","Hierarchy of style: CommerceIQ style > AP style > Editor’s discretion; Always use contractions (you’ll, we’ll, it’s); Spell out numbers less than 10 in body copy (AP style); No Oxford commas unless necessary for clarity; Sentence case for headlines; title case only in press releases; No periods at the end of headlines or subheadlines; Use “&” in headlines; “and” in body copy; 165-character max for meta descriptions; 45-character max for email subject lines (including emojis); Preferred 150-word limit for email body copy; Cite acronyms on first reference (e.g., Retail Media Management (RMM)); Do not use internal abbreviation “CIQ” in public-facing content; Brands treated as singular nouns (e.g., Nestle expanded its...); Banned/replaced words: clients → customers, utilize → use; Do not mention competitor names in metadata or public content","CommerceIQ writing must be customer-first, clear, concise and conversational.; Strict formatting and capitalization rules ensure brand consistency.; Digital channels (web, email, social) have defined character and formatting limits.; Legal and competitive guardrails prevent misuse of competitor names or brand assets.; This is the governing authority for all CommerceIQ written communications.","CommerceIQ brand voice guidelines; CommerceIQ style guide rules; CommerceIQ headline formatting rules; Does CommerceIQ use Oxford comma?; CommerceIQ email subject line character limit; CommerceIQ meta description length; How to reference RMM in CommerceIQ copy; CommerceIQ capitalization rules; CommerceIQ words to avoid; CommerceIQ abbreviation policy; CommerceIQ social hashtag formatting; CommerceIQ industry category capitalization list; CommerceIQ punctuation standards; CommerceIQ passive voice policy; CommerceIQ digital asset guidelines","Product positioning decks – describe product features and value propositions, not writing standards; Sales call decks (First Call or Second Call) – used for prospect meetings, not brand governance; Battle cards – competitive comparison documents; Case study library – customer proof and metrics documents","CommerceIQ; Retail Media Management (RMM)","","","165-character meta description limit; 45-character email subject line limit; 150-word preferred email body length; Numbers less than 10 spelled out in body copy","Brand voice framework; Headline formatting standards; Punctuation and grammar rules; Abbreviation and acronym policy; Digital asset character limits; Industry capitalization list; Competition and legal guardrails; Style hierarchy (CommerceIQ > AP > Editor discretion)",,,"Active"
"Product Success Plan + Training Deck Internal WIP","https://docs.google.com/presentation/d/1OLdvvxuSFyc2eeBgmazj8dpf13yogTtqkzPnfOP8hmg/edit?usp=drivesdk","1OLdvvxuSFyc2eeBgmazj8dpf13yogTtqkzPnfOP8hmg","training-deck","Enable Sales and CSD teams to sell and position Product Success, Success Plan+, and ExpertIQ services.","This is the Product Success Plan + Training Deck Internal WIP - a comprehensive internal sales enablement and training presentation covering CommerceIQ’s Product Success service model, including Success Plan (foundational services), Success Plan+ (enhanced enablement and training), and ExpertIQ (advanced insights and advisory services). The deck outlines the selling process, service packaging, onboarding model, regional coverage, credit-based insight menu, example analytics outputs (AMC, DSP/Search overlap, share of search, content benchmarking), and how to position ExpertIQ versus in-product AllyAI 1-click reports.","Use during AE onboarding, internal enablement sessions, second-call preparation for advisory discussions, renewal upsell planning, or when clarifying service packaging and differentiation between Success Plan, Success Plan+, ExpertIQ, and AllyAI.","Account Executives (AEs), Customer Success Directors (CSDs), Product Success Managers (PSMs), and Sales Enablement teams","Success Plan service model (foundational); Success Plan+ enhanced enablement and upskilling; ExpertIQ Insights & Advisory services; Sales and discovery process (Discovery, Triage, Briefing, Review); Onboarding and regional PSM coverage model; Credit-based subscription and insight menu; Sample analytics outputs (AMC, share of search, overlap analysis); Competitive benchmarking and content analysis; AllyAI 1-click reports vs ExpertIQ differentiation; Roles and responsibilities (AE vs CSD)","5 regional PSM support areas: NAM, LATAM, EMEA, MENA, APAC; 200 insight projects delivered monthly; 11 years average team tenure; Experts from Deloitte, McKinsey, Kantar, Nielsen, Dunnhumby, PwC, JP Morgan; Business/Brand Planning deep dive example: 8–50 credits; 3-stage New Product Review: Pre, During, Post; 31% organic share of search for Brand A vs 19% Competitor 2 (12% gap); 3–4% paid search gap vs key competitors; 75% of repeat buyers focused on 10 SKUs; 6% Champion shoppers; 10% Potential Champions; AMC RFMD cohorting (Recency, Frequency, Monetary, Diversity); DSP + Search exposure overlap driving higher ROAS and spend; Tentpole / Key Event Plan-Do-Review cycle; Credit-based annual subscription with add-on capability; AllyAI Media Teammate generates executive-ready PPT/Excel reports","Success Plan is foundational; Success Plan+ and ExpertIQ are value-added upsell services.; ExpertIQ provides bespoke, credit-based advanced analytics beyond in-product dashboards.; Clear differentiation exists between AI-generated quick insights (AllyAI) and human-led strategic advisory (ExpertIQ).; Sales and Product Success must collaborate through a defined discovery and quarterly planning process.; Advanced analytics (AMC, share of search, cohorting) drive actionable SKU, shopper, and media strategy decisions.","What is Success Plan+?; Difference between Success Plan and ExpertIQ; CommerceIQ Product Success services overview; How to sell ExpertIQ; ExpertIQ credit model explained; Success Plan onboarding model; PSM regional coverage model; AMC RFMD reporting example; DSP and Search overlap analysis example; Share of search competitive analysis example; AllyAI vs ExpertIQ difference; Product Success selling process; ExpertIQ insights menu; Tentpole event review services; Champion vs Potential Champion shopper segmentation","ExpertIQ External Datasheet (customer-facing high-level overview only); ExpertIQ Menu & Rate Card (pricing details only); AllyAI Product Documentation (feature-specific AI capabilities); Standalone Case Study Decks (customer proof only)","CommerceIQ; Success Plan; Success Plan+; ExpertIQ; AllyAI Media Teammate","Competitor 1; Competitor 2; Competitor 3; Competitor 4; Competitor 5","","200 insight projects delivered monthly; 11 years average tenure; 31% organic share of search (Brand A); 19% organic share (Competitor 2); 12% organic search gap; 3–4% paid search gap; 75% repeat buyers focused on 10 SKUs; 6% Champion shoppers; 10% Potential Champions","Credit-based annual subscription model; 3-stage New Product Review; Tentpole Plan-Do-Review cycle; AMC RFMD cohorting; Exposure Overlap Analysis (DSP + Search); Content benchmarking; Retailer algorithm analysis; Price execution tracking; 1-click AI executive report generation (PPT/Excel)",,,"Work In Progress"
"Stackline Comparison","https://docs.google.com/presentation/d/1loydBk1pPRdeXHN16ASUrkAfd_tu71SuGqeFDoPu35E/edit?usp=drivesdk","1loydBk1pPRdeXHN16ASUrkAfd_tu71SuGqeFDoPu35E","battle-card","Equip sales teams with a detailed competitive comparison against Stackline","This is the Stackline Comparison - a comprehensive competitive comparison and sales battlecard document contrasting CommerceIQ vs. Stackline (Atlas / Market Share) across digital shelf measurement, market share data, scraping frequency, retailer coverage, integrations, data transparency, and 2023 roadmap capabilities.","Use in competitive sales cycles when Stackline Atlas or Stackline Market Share is mentioned, during late-stage evaluations, objection handling around data accuracy or retailer coverage, or when positioning CommerceIQ’s differentiators.","Sales executives, account executives, sales engineers, customer success leaders involved in competitive deals against Stackline","YoY Market Share by Brand (Atlas); Category Sales & Seasonality Analysis; YoY Paid Share & Competitive Ad Impact; Organic Traffic by Brand; Retailer Breadth & Omnichannel Coverage; Scraping Frequency & Data Refresh Rates; Share of Voice & Keyword Coverage; Store-Level Data & Heat Maps; Revenue Estimation & Market Share Projections; 2023 Product Roadmap & Integrations","550+ retailers across 50+ countries; Digital shelf measurement on 50+ mobile apps; Scraping frequency 1x–6x/day; top SKUs 24x/day; Stackline data refresh 1x per week; CommerceIQ data refresh 2x per week; Thousands of keywords monitored vs ~250 standard; 90% data accuracy (CommerceIQ); 6 weeks from contract to go-live; 5 simple onboarding inputs; Amazon Market Share available; Walmart/Target launching Q1 2023; Revenue estimation model with weekly competitor sales; Store-level data for Walmart, Target, Kroger; AMC integration & Amazon Marketing Stream hourly data; Expansion to Home Depot, Flipkart, Mercado Libre; Honeywell vs Hunter Fan share shift example","CommerceIQ differentiates on retailer breadth, scraping frequency, and keyword coverage.; Stackline is perceived as Amazon-heavy with weekly refresh and data trust concerns.; CommerceIQ provides revenue estimation and deeper integrations for root cause analysis.; CommerceIQ’s roadmap emphasizes automation, global expansion, and advertising integrations.","CommerceIQ vs Stackline comparison; Stackline Atlas vs CommerceIQ; Stackline market share data accuracy; CommerceIQ scraping frequency vs Stackline; Stackline weekly refresh limitation; CommerceIQ retailer coverage 550+; Stackline keyword coverage 250 terms; CommerceIQ revenue estimation model; Stackline customer pain points data trust; CommerceIQ AMC integration roadmap; Stackline 1P vs 3P filtering; CommerceIQ store-level data Walmart Target; Stackline omnichannel vs Amazon focus; Honeywell vs Hunter Fan market share example; CommerceIQ onboarding timeline 6 weeks","CommerceIQ First Call Deck – high-level product overview without detailed competitive breakdown; CommerceIQ Product Box – defines product positioning and value proposition narrative; CommerceIQ Pricing Calculator – focuses on pricing and ROI modeling rather than competitive positioning; CommerceIQ Case Study Library – contains customer success stories rather than side-by-side competitor analysis","CommerceIQ; Stackline Atlas; Stackline Market Share; Amazon Marketing Stream; AMC (Amazon Marketing Cloud)","Stackline","Honeywell; Hunter Fan","550+ retailers; 50+ countries; 50+ mobile apps; 1x–6x/day scraping; 24x/day SKU tracking; 1x per week data refresh (Stackline); 2x per week data refresh (CommerceIQ); 90% data accuracy; 6 weeks onboarding; 250 keywords standard (Stackline)","YoY Market Share by Brand; Category Sales with Seasonality & PoP; YoY Paid Share Bar Graph; Organic Traffic by Brand; Revenue Estimation Model; 1P vs 3P Delineation; Store-Level Heat Maps; Proprietary Content Score; AMC Integration; Amazon Marketing Stream Integration",,,"Active"
"CommerceIQ Copilot for Amazon - Product Features ","https://docs.google.com/presentation/d/1BH5OgDHepWhXc8Tb8NwRzb1Gwa-Y-fzvf-abaD5zZrE/edit?usp=drivesdk",,"enablement-guide","To enable sales and solution teams to articulate CommerceIQ Copilot’s AI agent capabilities, outcomes, and deployment model.","This is the CommerceIQ Copilot for Amazon – Product Features document - a comprehensive product enablement deck detailing the capabilities, workflows, outcomes, and implementation model for CommerceIQ’s AllyAI-powered agents (Content Agent, Media Agent, Sales Agent, Shelf Agent) designed to drive sales, share, margin, PIM compliance, SEO/AEO, and incrementality optimization across Amazon and other major retailers.","Use during second-call deep dives, product capability walkthroughs, Amazon-focused solution discussions, or when quantifying ROI and deployment timelines for AllyAI agents.","Sales teams, solution consultants, forward deployed engineers (FDEs), customer success managers, and retail media leaders engaging Amazon-focused brands.","AllyAI Agent Ecosystem (Content, Media, Sales, Shelf); PDP Content Compliance and Optimization; Incrementality Optimization and iROAS Framework; 60-Day Deployment and Engagement Plan; Retailer Integrations (Amazon, Walmart, Target); PIM Compliance and Workflow Automation; Attribution Models and Measurement Windows; Operational Efficiency and FTE Reduction; Case Studies and Quantified Business Outcomes; 2026 Product Focus and AllyAI Context Engine","2,000 active SKUs requiring 30,000 hours/year (15 FTEs); 6 updates per year at 30 minutes per update; +10 PIM compliance points in less than 2 weeks; 90%+ PIM compliance across retailers; <1 minute time to action vs 35-minute industry average; 168% sales increase (Pet category case study); 54% traffic increase and 1115 bps conversion lift; 4.57% unit conversion increase and 4% net sales growth; Newell achieved 100% PIM compliance in 60 days; +55% ad sales growth across 10 brands; -12.8% CPC reduction; Incremental ROAS example: $2.14 with 95% incrementality fraction; Attribution windows: 3-, 7-, 14-, 28-, 30-day click/impression; Content Agent free on 1 retailer, 1 brand, 1 market; Optimization across 1,000s of keywords using 50+ signals","CommerceIQ Copilot operationalizes AI agents to automate PDP compliance, media optimization, and sales insights at scale.; Incrementality-based optimization (iROAS) provides more accurate performance measurement than traditional ROAS.; Content Agent significantly reduces manual workload while improving compliance and conversion metrics.; A structured 60-day deployment plan ensures measurable KPI movement before full rollout.; The platform integrates content, media, and sales workflows into a unified AI-driven retail operating system.","CommerceIQ Copilot product features; AllyAI Content Agent capabilities; How does CommerceIQ improve PIM compliance?; CommerceIQ iROAS vs ROAS explanation; CommerceIQ 60-day deployment plan; Content Agent case studies Amazon; Newell PIM compliance 60 days; CommerceIQ incrementality optimization framework; Media Agent keyword optimization 50 signals; CommerceIQ Copilot included agents; Content Agent free retailer offer; PDP optimization automation Amazon; Incremental ROAS example CommerceIQ; CommerceIQ Shelf Agent DSA inclusion; AllyAI Context Engine advantage","CommerceIQ First Call Deck – high-level overview without detailed metrics and workflows; CommerceIQ Pricing Calculator – focuses on commercial modeling and ROI math only; Standalone Case Study Library – contains customer stories without full product architecture; Sales Agent Product Box – defines Sales Agent positioning and packaging specifically","CommerceIQ Copilot for Amazon; AllyAI; Content Agent; Media Agent; Sales Agent; Shelf Agent; Ask Ally; AllyAI Context Engine","","Newell; Coke","4.57% increase in unit conversion; 2.47% increase in digital penetration; 4% increase in Net Sales; 2.04% ASP increase; 168% increase in sales; 54% increase in traffic; 1115 bps increase in conversion rate; +10 PIM compliance points in <2 weeks; 90%+ PIM compliance; <1 minute time to action; +55% ad sales growth; -12.8% CPC reduction; Incremental ROAS: $2.14; Incrementality Fraction: 95%","PDP content scoring and gap identification; Automated title and content optimization recommendations; Workflow mapping and guardrails; Real-time keyword bid optimization using 50+ signals; Incrementality-based iROAS optimization; Attribution window customization (3–30 days); 60-day prototype-to-production deployment plan; Cross-retailer PIM compliance tracking; Executive readout and KPI validation framework; Working links with live data sources",,,"Active"
"Stackline Competitive Battle Card (Updated July 2024)","https://docs.google.com/presentation/d/1qbtVLO6-bV3aYgVqJ1IDOkaNZ5DLbEars5Lyf_UetrQ/edit?usp=drivesdk",,"battle-card","Equip sales teams to compete effectively against Stackline in digital shelf and retail analytics deals.","This is the Stackline Competitive Battle Card (Updated July 2024) – a comprehensive competitive enablement document outlining Stackline’s digital shelf analytics, category insights, SKU-level reporting, content governance, advertising metrics, operations tracking, deduction analytics, and AI-driven content agent offers, designed to equip sales teams to position against Stackline and articulate differentiated capabilities.","Use during live competitive deals where Stackline is mentioned, in objection handling calls, or when preparing for second-call competitive positioning discussions.","Sales representatives, account executives, sales engineers, and revenue leaders involved in competitive deal cycles against Stackline.","Category and Subcategory Competitive Analytics; SKU-Level Sales and Attribute Metrics (1P and 3P); Advertising and Share of Voice (SOV) Analytics; Operational and Inventory Monitoring; Buy Box and 3P Seller Detection; Predictive Out of Stock and Forecast Shifts; Content Authority and PDP Governance; Co-op Deduction and Accrual Recovery Analytics; AI Content Agent and Digital Shelf Optimization Offer; GTM Outreach and Deployment Timeline","Category Page with competitor sales estimates and market share trends; SKU Page with 1P and 3P sales, units, ASP, brand and attribute breakdowns; Forecast monitoring using Mean, P70, P90 projections; Forecast change alert when next 6 weeks shifts >20% (ARAP mean forecast); Lost Buy Box detection when Amazon is seller but 3P wins; Predictive Out of Stock based on velocity and fulfillment window; Co-op Deduction Overview anchored to invoice date; Organic, SP, and Total SOV (Top 3, Top 10, Page 1); Incrementality metrics including IROAS and Incremental Sales; Inventory aging metrics (Units >90, >180, >365 days); Revenue Lost Due to Unavailability (WOC >2); Free Content Agent for 1 retailer, 1 brand, 1 category; Supported retailers: Amazon, Kroger, Costco, Walmart; Preferred PIM: Salsify; Email GTM cadence: announcement, webinar, reminder, recap, final push","Stackline covers deep category, SKU, SOV, and operational analytics across digital shelf and retail media.; The competitive positioning centers around predictive OOS, Buy Box analytics, and co-op deduction visibility.; Extensive metric coverage across sales, advertising, inventory, and profitability is critical in competitive deals.; AI Content Agent and digital shelf automation are key differentiation levers.; This battle card prepares sellers to respond to detailed feature-level and metric-level objections.","Stackline competitive battle card July 2024; How to compete with Stackline digital shelf analytics; Stackline SKU level metrics list; Stackline Share of Voice metrics; Stackline co-op deduction analytics; Stackline predictive out of stock feature; Stackline lost buy box detection; Stackline ARAP forecast change alert; Stackline content authority PDP control; Stackline advertising metrics CTR ROAS iACoS; Stackline operations metrics weeks of supply; Stackline SOV Top 3 Top 10 Page 1; Stackline inventory aging metrics; Stackline 1P vs 3P sales breakdown; Stackline Content Agent offer details","Sales Agent Product Box – defines a single product’s positioning and pricing, not competitive analysis.; RMM Second Call Deck – customer-facing presentation with case studies and pricing.; Digital Shelf Optimization One-Pager – high-level overview without competitive detail.; Pricing Calculator – focused solely on commercial modeling.","Content Agent; Digital Shelf Optimization; Amazon Copilot","Stackline","","Forecast change >20% over next 6 weeks; P70 Forecast; P90 Forecast; Revenue Lost Due to Unavailability (WOC >2); Brand Halo Sales (1/7/14 days); ACoS (1/7/14 days); Incremental Sales; IROAS; Weeks of Supply; Units Older Than 90/180/365 Days","Category Page competitive benchmarking; SKU-level 1P and 3P breakdown; Lost Buy Box detection; Predictive Out of Stock alerts; Change in Amazon Forecast monitoring; Content Authority monitoring; Co-op Deduction Overview widget; Organic and Sponsored Share of Voice tracking; Inventory aging analysis; AI-powered Content Agent with retailer syndication tuning","Updated July 2024","July 2024","Active"
"AllyAI Media Teammate I 1-Click Report MBR MoM Example Generic ","https://docs.google.com/presentation/d/1rA9tZCkZpMBQ8onkwwQEIs3yliAMGMk9fvtptU1UpCs/edit?usp=drivesdk",,"enablement-guide","To enable sales and GTM teams to position and deploy the AllyAI 1-Click MBR/MoM reporting solution and associated Content Agent offer.","This is the AllyAI Media Teammate I 1-Click Report MBR MoM Example Generic - a comprehensive sales enablement and example reporting document that showcases the structure, metrics, and cross-functional insights included in AllyAI’s 1-Click Monthly Business Review (MBR) and Month-over-Month (MoM) reporting experience, spanning category insights, SKU-level analytics, advertising performance, operations, content authority monitoring, deductions tracking, and digital shelf optimization offers.","Use during internal sales prep, when building an MBR narrative, positioning the 1-Click Report, explaining included KPIs, or planning GTM rollout for Media Teammate and Digital Shelf Optimization offers.","Sales representatives, Customer Success Directors (CSDs), GTM teams, and sales enablement managers","1-Click MBR and MoM Report Structure; Category-Level Competitive Performance Insights; SKU-Level Sales and Operations Metrics; Advertising Performance and Share of Voice Analytics; Digital Shelf Optimization and Content Authority Monitoring; Deductions and Co-op Invoice Tracking; Out-of-Stock and Buy Box Diagnostics; Forecasting and Inventory Planning Metrics; GTM Rollout and Customer Webinar Plan; Content Agent and Digital Shelf Optimization Offer Details","Category Page with estimated competitor sales and market share trends; SKU metrics including 1P/3P sales, units sold, ASP, and product attributes; Contribution Margin, Contribution Profit, Net Pure Profit; Revenue Lost due to Unavailability and Unfulfilled Revenue; PO Fill Rate, PO Receive Rate, Accepted PO Value; Weeks of Cover, Forward Weeks of Supply, Mean/P70/P90 Forecast; Ad Sales, CTR, CPC, Impressions, ROAS, iACoS; ACoS (1/7/14 days) and Brand Halo Sales (1/7/14 days); Organic and Sponsored SOV (Top 3, Top 10, Page 1); Predictive Out of Stock based on inventory and velocity; Change in Amazon Forecast >20% over next 6 weeks; Lost Buy Box and 3P Variant identification; Content Agent free for 1 retailer, 1 brand, 1 category; Retailers supported: Amazon, Kroger, Costco, Walmart; Salsify preferred PIM integration","The 1-Click Report consolidates financial, operational, advertising, and digital shelf metrics into a single MBR-ready output.; It provides both competitive benchmarking (category/SOV) and SKU-level diagnostics.; It integrates content governance, inventory risk detection, and deduction visibility.; It is packaged with a structured GTM motion including webinars and email outreach.; The Content Agent offer lowers adoption friction with a free entry tier.","AllyAI 1-Click Report MBR example; Media Teammate MoM report metrics list; What metrics are included in AllyAI MBR?; AllyAI Category Page competitor sales insights; SKU level metrics 1P 3P ASP; Predictive Out of Stock definition; Lost Buy Box and 3P variant monitoring; Organic and Sponsored SOV metrics Top 3 Top 10; Co-op deduction overview widget; Content Authority Amazon PDP changes; Revenue Lost due to Unavailability metric; Content Agent free offer details; Supported retailers for automated syndication; Salsify PIM integration requirements; GTM webinar email sequence for deployment","AllyAI Customer-Facing One-Pager – shorter, benefits-only overview without detailed KPI taxonomy; AllyAI Pricing or Commercial Terms Document – focused solely on cost and packaging; Competitive Battle Cards – focused on competitor comparisons rather than report structure; Standalone Digital Shelf Optimization Datasheet – focused only on content optimization features","AllyAI Media Teammate; 1-Click Report; Content Agent; Digital Shelf Optimization Customer Offer; Amazon Copilot Offer","","","Contribution Margin; Net Pure Profit; Revenue Lost due to Unavailability; PO Fill Rate; Weeks of Cover; Mean/P70/P90 Forecast; Ad Sales; ROAS; ACoS (1/7/14 Days); Brand Halo Sales (1/7/14 Days); Organic and Sponsored SOV (Top 3/Top 10/Page 1)","Category Page competitor benchmarking; SKU-level 1P/3P breakdown; Predictive Out of Stock alerts; Lost Buy Box detection; 3P Variant identification; Content Authority monitoring; Deduction and co-op invoice tracking; Automated syndication support; Retailer guideline-aware content agent",,,"Work In Progress"
"Profitero Competitive Battle Card_101525 (Upadated Oct 2025)","https://docs.google.com/presentation/d/1esvEvZ79ebaKdfF32_u7Jiq_CyOwCnjtBhw0O0s3AaY/edit?usp=drivesdk",,"battle-card","Enable sales teams to competitively position AllyAI against Profitero and manual content scoring solutions using quantified proof points.","This is the Profitero Competitive Battle Card_101525 (Updated Oct 2025) - a comprehensive competitive sales enablement battle card detailing AllyAI’s four AI Agents (Content Agent, Shelf Agent, Media Agent, Sales Agent), quantified business outcomes (e.g., +4.57% unit conversion, +55% ad sales growth, 100% PIM compliance in 60 days), 60-day deployment model, incrementality-based media optimization (iROAS), and differentiated capabilities versus legacy/manual workflows and Profitero-style content scoring approaches.","Use in competitive deal cycles against Profitero, during objection handling around content scoring vs automation, when discussing PIM compliance automation, incrementality vs ROAS, or presenting the 60-day deployment model.","Sales executives, account executives, solution consultants, and competitive intelligence teams positioning AllyAI against Profitero and other digital shelf/content scoring solutions.","Competitive positioning vs Profitero-style content scoring; AllyAI Content Agent automation and PIM compliance; Media Agent incrementality optimization (iROAS); Shelf diagnostics and digital shelf attainment; Sales Agent acceleration and insights; 60-Day Content Agent deployment plan; Manual workflow inefficiencies vs automation; Retailer-specific content requirements (Amazon, Walmart, Target); Attribution models (click and impression windows); Incrementality Fraction and organic SOV dynamics","+4.57% unit conversion increase; +2.47% digital penetration increase; +4% net sales growth despite 2.04% ASP increase; +168% sales increase from content change; +54% traffic increase; +1115 bps conversion lift; 100% PIM compliance in 60 days (Newell); +10 PIM compliance points in <2 weeks; 90%+ PIM compliance across retailers; <1 minute time to action vs 35-minute industry average; 2,000 active SKUs requiring 30,000 hours/year (15 FTEs); +55% ad sales growth across 10 brands; -12.8% CPC reduction; Incremental ROAS example: $2.14; 60-day deployment plan with Day 1, 7, 30, 45, 60 milestones","Manual PDP and PIM workflows are operationally unsustainable at scale; automation drives measurable compliance and sales lift.; Incrementality-based optimization (iROAS) is superior to traditional ROAS optimization and prevents organic cannibalization.; AllyAI agents deliver quantifiable outcomes within 60 days with structured deployment support.; Content optimization directly drives conversion, traffic, and sales growth across major retailers.","Profitero competitive battle card October 2025; AllyAI vs Profitero comparison; Content Agent PIM compliance metrics; 60 day Content Agent deployment plan; Incrementality Fraction explanation CommerceIQ; iROAS vs ROAS difference; AllyAI Media Agent case studies; Newell 100% PIM compliance 60 days; Content Agent sales lift example 168%; Manual PDP workflow 30,000 hours 15 FTEs; AllyAI competitive positioning; CommerceIQ incrementality model phases; Pet category title optimization case study; Retail AI platform 2026 focus","AllyAI Product Box – defines packaging, pricing, and SKU structure rather than competitive positioning; Second Call Deck – full narrative presentation for customer meetings; Case Study Library – standalone proof points without competitive framing; Pricing Calculator – financial modeling tool for ROI projections","AllyAI Content Agent; AllyAI Media Agent; AllyAI Shelf Agent; AllyAI Sales Agent; CommerceIQ Incrementality; Ask Ally","Profitero","Newell","+4.57% unit conversion; +2.47% digital penetration; +4% net sales; +168% sales increase; +54% traffic increase; +1115 bps conversion increase; +55% ad sales growth; +75% campaign performance growth; -12.8% CPC reduction; 100% PIM compliance in 60 days; +10 PIM compliance points in <2 weeks; <1 minute time to action; Incremental ROAS $2.14","PDP content compliance and optimization; Automated title recommendations; Incrementality Fraction modeling; iROAS automated optimization; Real-time bid adjustments across 1000s of keywords; 28-day impression attribution; 7/14/30-day click attribution windows; Forward Deployed Engineer (FDE) support; 60-day deployment framework; Working links with live data sources","101525","October 2025","Active"
"CIQ Amazon Prime Big Deal Day Insights 2025","https://docs.google.com/presentation/d/1bQ3JLoAoEf6sD2bclfXp6pPLxKfHoA6N7DUtJWl4y-k/edit?usp=drivesdk",,"second-call-deck","Demonstrate quantified Prime Day performance impact and drive adoption of AllyAI agents","This is the CIQ Amazon Prime Big Deal Day Insights 2025 – a comprehensive sales enablement presentation showcasing CommerceIQ’s AllyAI platform (Content Agent, Media Agent, Sales Agent, Shelf Agent) and its measurable impact on Amazon performance during high-traffic events like Prime Big Deal Days. It contains case studies, quantified performance results (conversion, sales, iROAS, PIM compliance), a 60-day Content Agent deployment plan, incrementality methodology, PDP optimization workflows, and go-to-market next steps for activating AI agents across retailers.","Use during second sales calls, Prime Day planning discussions, PIM compliance conversations, incrementality/iROAS deep dives, or when proposing a 60-day AI agent deployment.","Enterprise CPG sales leaders, eCommerce directors, retail media teams, and CommerceIQ account executives running second-call or deep-dive presentations","Prime Big Deal Day performance insights; AllyAI Content Agent PDP optimization; PIM compliance automation; AllyAI Media Agent and incrementality (iROAS); 60-Day Content Agent deployment plan; Attribution models and incrementality fraction; Retailer-specific SEO and compliance insights; Free agent packaging and contract inclusions","4.57% increase in unit conversion; 2.47% increase in digital penetration; 4% increase in net sales despite 2.04% ASP increase; 168% sales increase from PDP title optimization; 54% traffic increase and 1115 bps conversion lift; Newell achieved 100% PIM compliance in 60 days; +10 pt PIM compliance in less than 2 weeks; Less than 1 min time-to-action vs 35 min industry avg; 2,000 active SKUs requiring 30,000 hours annually (15 FTEs); +55% ad sales growth across 10 brands; +75% performance improvement and -12.8% CPC reduction; Incremental ROAS example: $2.14; Estimated incremental sales increase from $13,000 to $21,400; Multiple attribution windows: 3-, 7-, 14-, 28-, 30-day; Content Agent free on 1 retailer/brand/market for life of contract","AI-driven PDP optimization materially improves conversion, traffic, and sales during peak retail events.; Incrementality-based media optimization prevents over-investment and improves true profitability.; Content and media automation reduces manual workload (30,000 hours/year) and accelerates compliance.; CommerceIQ offers a structured 60-day path from prototype to production deployment.","CIQ Prime Big Deal Day 2025 deck; Amazon Prime Day case study CommerceIQ; AllyAI Content Agent results 4.57% conversion; PIM compliance improvement 100% in 60 days; 168% sales lift PDP optimization example; Incremental ROAS explanation CommerceIQ; iROAS optimization phases organic SOV; Media Agent +55% ad sales growth; 30,000 hours PDP update automation; Content Agent 60-day deployment plan; Free Content Agent 1 retailer offer; Amazon attribution windows 14 day click 30 day impression; Prime Day AI optimization case study pet category; CommerceIQ incrementality fraction example","AllyAI Product Box – defines product packaging and positioning but does not include Prime Day case metrics; Media Agent Standalone Deck – focuses only on advertising without Content Agent workflows; First Call Overview Deck – high-level introduction without deep metrics or deployment plan","AllyAI Content Agent; AllyAI Media Agent; AllyAI Sales Agent; Shelf Agent; CommerceIQ Incrementality; AllyAI Context Engine; Ask Ally; Copilot","","Newell; Coke (Coca-Cola)","4.57% unit conversion increase; 2.47% digital penetration increase; 4% net sales increase; 2.04% ASP increase; 168% sales lift; 54% traffic increase; 1115 bps conversion lift; +55% ad sales growth; +75% performance improvement; -12.8% CPC reduction; Incremental ROAS $2.14; $13,000 to $21,400 incremental sales example; 30,000 hours annually (15 FTEs)","PDP content scoring and optimization; Automated PIM compliance tracking; Incrementality Fraction modeling; iROAS automated budget optimization; Multi-window attribution (click and impression); 60-day prototype-to-production deployment plan; Retailer-specific SEO guardrails; Workflow mapping and guardrails definition",,"2025","Active"
"CommerceIQ Copilot for Amazon - Second Call Deck","https://docs.google.com/presentation/d/1VXRFV4-I2q_XXPlG7juo2TA7MkXZhghkvizOEOnNk00/edit?usp=drivesdk",,"second-call-deck","Advance second-call prospects to pilot or deployment with quantified proof and rollout plan.","This is the CommerceIQ Copilot for Amazon - Second Call Deck - a comprehensive deep-dive sales presentation covering AllyAI’s four AI Agents (Content Agent, Media Agent, Sales Agent, Shelf Agent), detailed case studies with quantified results (e.g., +168% sales, +55% ad sales growth, 90%+ PIM compliance), incrementality-based advertising optimization (iROAS), and a structured 60-day Content Agent deployment plan for Amazon and other major retailers.","Use in second sales meetings when buyers request detailed metrics, case studies, deployment timelines, incrementality methodology, and contractual inclusions for AllyAI/Copilot on Amazon.","Enterprise sales executives, account executives, solutions consultants, and prospective brand/retailer clients evaluating CommerceIQ Copilot for Amazon and other major retailers.","AllyAI 4-Agent framework (Content, Media, Sales, Shelf); PDP content compliance and optimization; PIM compliance automation; Incrementality and iROAS optimization; Retail media performance metrics; 60-day Content Agent deployment plan; Case studies (Pet category, Newell, 10-brand media results); Workflow mapping and prototype development; Retailer integrations (Amazon, Walmart, Target); Contract inclusions and next steps","2,000 active SKUs requiring 30,000 hours/year (15 FTEs); 6 updates per year at 30 minutes per update; +10 pts PIM compliance in <2 weeks; 90%+ PIM compliance across retailers; <1 min time to action vs 35 min industry average; +4.57% unit conversion, +2.47% digital penetration, +4% Net Sales despite +2.04% ASP; +168% sales, +54% traffic, +1115 bps conversion rate lift; Newell achieves 100% PIM compliance in 60 days; +55% ad sales growth across 10 brands; +75% performance lift, -12.8% CPC reduction; 95% Incrementality Fraction example; $13,000 vs $21,400 estimated incremental sales comparison; Day 1/7/30/45/60 structured rollout plan; Content Agent free on 1 retailer, 1 brand, 1 market for life of contract; Sales Agent skill 'Ask Ally' included in Copilot contract","Manual PDP management at scale is operationally unsustainable without AI automation.; Content Agent delivers measurable gains in compliance, conversion, and sales within weeks.; Incrementality-based media optimization (iROAS) prevents false confidence from traditional ROAS.; CommerceIQ provides a structured 60-day path from prototype to production deployment.; Copilot bundles multiple AI agents with contractual inclusions to accelerate adoption.","CommerceIQ Copilot second call deck; AllyAI Content Agent case study results; PIM compliance automation Amazon; iROAS explanation CommerceIQ; Incrementality Fraction example; Media Agent +55% ad sales growth; Newell 100% PIM compliance 60 days; Content Agent 60-day deployment plan; CommerceIQ AI agents for Amazon; Content Agent free retailer inclusion; AllyAI pet category conversion lift; 30,000 hours 15 FTE PDP updates; Incremental ROAS vs ROAS comparison; Forward Deployed Engineer AI deployment; CommerceIQ Copilot contract inclusions","CommerceIQ Copilot First Call Deck – high-level overview without deep metrics or rollout plan; Sales Agent Product Box – formal product packaging and pricing definition; Standalone Case Study Library – individual customer stories without full platform narrative; Shelf Agent DSA Deck – focused only on digital shelf analytics and not full Copilot suite","CommerceIQ Copilot; AllyAI; Content Agent; Media Agent; Sales Agent; Shelf Agent; Ask Ally","","Newell","+4.57% unit conversion; +2.47% digital penetration; +4% Net Sales; +168% sales; +54% traffic; +1115 bps conversion rate; +55% ad sales growth; +75% performance lift; -12.8% CPC reduction; 90%+ PIM compliance; +10 pts PIM compliance in <2 weeks; 95% Incrementality Fraction; $13,000 vs $21,400 estimated incremental sales","PDP Content Compliance and Optimization; Incrementality Fraction modeling; Incremental ROAS (iROAS) optimization; Real-time optimizations; Workflow mapping and guardrails; Prototype-to-production 60-day rollout; Forward Deployed Engineer support; Retailer attribution customization (7, 14, 30-day click; 28-day impression)",,,"Active"
"7","https://docs.google.com/presentation/d/1uzlv-HVGzBrcdU5aD9aW4ruHUGiE2IHBT0o0crcvK94/edit?usp=drivesdk",,"second-call-deck","Advance multi-agent AllyAI opportunities with quantified proof and deployment clarity","This is the ALLYAI 4 AGENTS SALES ENABLEMENT DECK (Document 7) – a comprehensive multi-product sales presentation covering Content Agent, Media Agent, Sales Agent, and Shelf Agent, including case studies, quantified performance outcomes, a 60-day implementation plan, incrementality/iROAS methodology, PIM compliance automation, and retailer-specific optimization capabilities across Amazon, Walmart, and Target.","Use in second-call or advancement meetings when buyers request detailed capabilities, measurable results, implementation plan, and incrementality methodology across Content and Media Agents.","Enterprise CPG sales leaders, eCommerce directors, retail media teams, and CommerceIQ account executives running second-call or advancement conversations","AllyAI 4-Agent platform overview (Content, Media, Sales, Shelf); Content Agent PDP compliance and optimization automation; Media Agent incrementality and iROAS optimization; Case studies with quantified performance improvements; 60-Day Content Agent engagement and deployment plan; PIM compliance acceleration and workflow automation; Retailer-specific optimization rules (Amazon, Walmart, Target); Attribution models and incrementality framework; Operational burden of manual PDP management; Forward Deployed Engineer implementation model","4.57% increase in unit conversion; 2.47% increase in digital penetration; 4% increase in net sales despite 2.04% ASP increase; 168% increase in sales (Pet category case); 54% increase in traffic; 1,115 bps increase in conversion rate; +10 pts PIM compliance in less than 2 weeks; 90%+ PIM compliance across retailers; <1 minute time to action vs 35-minute industry average; 2,000 active SKUs requiring 30,000 hours/year (15 FTEs); +55% ad sales growth across 10 brands; -12.8% CPC reduction; Incremental ROAS example: $2.14 with 95% Incremental Fraction; Estimated incremental sales example: $13,000 to $21,400; 60-day plan with milestones at Day 1, 7, 30, 45, 60","Manual PDP and media optimization at scale is operationally unsustainable without AI agents.; Content Agent materially improves compliance, conversion, and sales within weeks.; Incrementality-based optimization (iROAS) prevents over-investment and improves true return.; CommerceIQ provides structured 60-day deployment with measurable KPI movement.; AllyAI integrates content, shelf, sales, and media into a unified growth system.","AllyAI 4 agents overview deck; Content Agent case study 168% sales increase; PIM compliance 90% across retailers; iROAS explanation with incrementality fraction; Media Agent CPC reduction results; 60 day Content Agent implementation plan; CommerceIQ incrementality vs ROAS; Content Agent Amazon title optimization example; AllyAI pet category case study; How to improve PDP compliance in 2 weeks; Incremental ROAS example $2.14; Forward Deployed Engineer AllyAI deployment; Retailer attribution windows 3 7 14 30 day; Shelf score attainment AllyAI; CommerceIQ AI agents drive sales share margin","Content Agent Datasheet – single-product feature summary without cross-agent strategy; Sales Agent Product Box – positioning and packaging document for Sales Agent only; RMM or Media-only deck – focuses exclusively on advertising without content compliance; Pricing Calculator – financial modeling tool without workflow or case studies","AllyAI; Content Agent; Media Agent; Sales Agent; Shelf Agent; CommerceIQ Incrementality; AllyAI Context Engine","","Newell; Coke (Coca-Cola)","4.57% unit conversion increase; 2.47% digital penetration increase; 4% net sales increase; 2.04% ASP increase; 168% sales increase; 54% traffic increase; 1,115 bps conversion rate increase; +55% ad sales growth; -12.8% CPC reduction; 95% Incremental Fraction; Incremental ROAS: $2.14; 90%+ PIM compliance; 30,000 hours/year manual effort","PDP content scoring and gap identification; Automated title optimization recommendations; PIM compliance monitoring; Incrementality-based bid optimization (iROAS); Real-time budget pacing; Attribution window customization (3/7/14/28/30 day); Workflow mapping and guardrails; Prototype-to-production 60-day deployment; Forward Deployed Engineer support; Retailer-specific rule enforcement",,,"Active"
"Retail Media - Competitive Intelligence","https://docs.google.com/presentation/d/1VSQuSIaMSTemiQk-3juknVUE4rTmEmMzJF3GDobiqss/edit?usp=drivesdk","1VSQuSIaMSTemiQk-3juknVUE4rTmEmMzJF3GDobiqss","battle-card","Equip sales teams with competitive differentiation and objection-handling guidance for Retail Media Management.","This is the Retail Media - Competitive Intelligence document – a comprehensive competitive battlecard and enablement guide that compares CommerceIQ’s Retail Media Management (RMM) capabilities against Skai, Pacvue, Profitero, Flywheel, and Tinuiti across Share of Voice (SOV) optimization, Budget Optimization, Incrementality, Shelf-Aware Advertising, and AI-driven automation. It contains side-by-side feature breakdowns, integration requirements, limitations of competitor platforms, FUD (Fear, Uncertainty, Doubt) discovery questions for sales conversations, and positioning frameworks to differentiate CommerceIQ’s AI-powered, unified retail media platform.","Use during competitive sales cycles, RFP responses, objection handling against Skai/Pacvue/Tinuiti/Flywheel/Profitero, and when preparing FUD-based discovery questions.","Sales representatives, account executives, sales engineers, and retail media strategists involved in competitive deal cycles.","Share of Voice (SOV) Optimization; Budget Optimization and Pacing; AI-Based Incrementality (iROAS); Shelf-Aware Advertising; Inventory and Profit-Aware Bidding; Retail Data Integration; Unified Retail Media Management (RMM); Competitive Integrations and Dependencies; FUD Discovery Questions; Automation and AI Differentiation","CommerceIQ scrapes 4,000 keywords daily; Tracks several thousand keywords driving >80% of category sales; Weighted SOV with higher position weighting; Item-level SOV tracking; Full SOV integration into automations; Budget pacing with mid-month optimization; Day-of-week budget optimization; Ability to over-index during events like Prime Day; AI-based Incrementality using iROAS (Incremental Return on Ad Spend); Incorporates SOV, search rankings, shopper propensity, and relevancy; Inventory integration includes on-hand and open PO data; Item-level competitive mapping and elasticity modeling; Pacvue limited to several hundred keywords (quota-based); Flywheel budget pacing done manually; no hourly bidder; Tinuiti relies on TACoS or manual branded keyword testing","CommerceIQ differentiates through AI-driven, fully automated SOV and incrementality integration.; Competitors often require third-party integrations and manual processes.; Inventory- and profit-aware advertising is a core CommerceIQ advantage.; Incrementality measurement (iROAS) is a major competitive wedge vs traditional ROAS/TACoS metrics.; CommerceIQ positions itself as a unified, algorithmic retail platform vs fragmented tools.","CommerceIQ vs Skai retail media comparison; CommerceIQ vs Pacvue SOV capabilities; CommerceIQ incrementality vs Tinuiti; iROAS explanation CommerceIQ; Retail media budget pacing comparison; Inventory-aware advertising CommerceIQ; Shelf-aware advertising vs Skai; Flywheel budget pacing limitations; Profitero integration requirements; Retail media competitive battlecard; CommerceIQ share of voice automation; Prime Day budget optimization capabilities; Retail media unified platform differentiation; FUD questions for retail media competitors; Walmart 3P seller limitations Skai","RMM Second Call Deck – customer-facing deep dive presentation with case studies and pricing context.; RMM First Call Deck – high-level overview for initial discovery meetings.; Retail Media Product Box – defines packaging, positioning, and pricing.; RMM Case Study Library – contains customer success stories and performance metrics.","CommerceIQ Retail Media Management (RMM); CommerceIQ AI-based Incrementality; Skai Commerce Incrementality Hub; Pacvue; Profitero; Flywheel; Tinuiti","Skai; Pacvue; Profitero; Flywheel; Tinuiti; Publicis","","4,000 keywords scraped daily; >80% of category sales covered by tracked keywords; Weighted SOV prioritizing higher positions; iROAS (Incremental Return on Ad Spend); Manual TACoS optimization (competitor approach)","Weighted Share of Voice (SOV); Item-Level SOV Tracking; Full SOV Automation Integration; Budget Pacing and Mid-Month Reallocation; Day-of-Week Budget Optimization; Event-Based Budget Over-Indexing (Prime Day); AI-Based Incrementality (iROAS); Shelf-Aware Advertising; Inventory- and Profit-Aware Advertising; On-Hand and Open PO Inventory Integration; Item-Level Competitive Mapping; Elasticity Modeling; Flexible Automations; Unified Retail Media Platform",,,"Active"
"DSO_Key Prod Slides","https://docs.google.com/presentation/d/1W1xtAvzkJqpbFB6WOtsPmxjcsvfPLVg5TyB1ap6cjTg/edit?usp=drivesdk",,"second-call-deck","Demonstrate the full AllyAI agent suite value proposition with quantified proof and deployment roadmap.","This is the DSO_Key Prod Slides – a comprehensive product sales deck showcasing AllyAI’s four AI Agents (Content Agent, Shelf Agent, Media Agent, and Sales Agent) designed to drive sales, share, margin, PIM compliance, SEO/AEO performance, and incrementality optimization across retailers like Amazon, Walmart, and Target. The deck includes detailed workflow breakdowns, quantified case studies (e.g., 168% sales lift, +10 pts PIM compliance in <2 weeks, +55% ad sales growth), a 60-day Content Agent engagement plan, incrementality and iROAS methodology, and positioning for enterprise-scale SKU management (2,000 SKUs, 30,000 hours/year manual effort).","Use in second sales meetings, executive reviews, ROI deep dives, PIM compliance discussions, incrementality methodology explanations, and expansion conversations.","Enterprise sales teams, account executives, solution consultants, and retail brand stakeholders evaluating AllyAI deployment.","AllyAI 4-Agent Portfolio Overview; Content Agent – PDP compliance and optimization; Media Agent – Incrementality and iROAS optimization; Shelf Diagnostics and Attainment; Sales Agent decision acceleration; Manual workflow inefficiencies (PIM + retailer loop); Case studies with quantified business impact; 60-Day Content Agent Engagement Plan; Attribution models (click + impression windows); Contract inclusions and next steps","2,000 active SKUs example; 30,000 hours per year (15 FTEs) manual workload; 6 updates per year per SKU; 30 minutes per update; +10 pts PIM compliance in <2 weeks; 90%+ PIM compliance across retailers; <1 minute time to action vs 35 min industry average; 168% increase in sales (case study); 54% increase in traffic; 1,115 bps increase in conversion rate; 4.57% increase in unit conversion; 4% increase in net sales despite 2.04% ASP increase; +55% ad sales growth across brands; -12.8% CPC reduction; Incremental ROAS example: $2.14","Manual PDP and media optimization at scale is operationally unsustainable.; AllyAI agents drive measurable improvements in compliance, conversion, traffic, and incrementality.; Incrementality-based optimization (iROAS) provides more accurate budget decisions than standard ROAS.; Content Agent can be deployed and productionized within 60 days.; Certain agents are contract-included (Content Agent on 1 retailer; Shelf Agent in DSA; Sales Agent in Copilot).","AllyAI second call deck; Content Agent case study results; PIM compliance improvement metrics; 168% sales increase case study AllyAI; Incrementality vs ROAS explanation; iROAS optimization deck; Media Agent CPC reduction example; 60-day Content Agent deployment plan; Newell 100% PIM compliance; AllyAI free Content Agent retailer offer; Digital shelf automation 2000 SKUs example; Retail AI agents for Amazon Walmart Target; Shelf diagnostics and attainment deck; AllyAI attribution windows 7 14 30 day","Content Agent One-Pager – single-product summary without full agent ecosystem context; Sales Agent Product Box – defines Sales Agent positioning and pricing only; Retail Media Management Pricing Calculator – financial modeling tool; Battle Cards – competitor comparison sheets","AllyAI; Content Agent; Shelf Agent; Media Agent; Sales Agent; CommerceIQ Incrementality; Copilot; DSA","","Newell; Purina; Tidy Cats; Coke","168% increase in sales; 54% increase in traffic; 1,115 bps conversion rate increase; +10 pts PIM compliance in <2 weeks; 90%+ PIM compliance; +55% ad sales growth; -12.8% CPC reduction; 4.57% unit conversion increase; 4% net sales increase; Incremental ROAS $2.14","PDP Content Compliance and Optimization; Incrementality Fraction; iROAS Optimization; Real-time bid optimization across 50+ signals; Attribution window customization (7/14/30-day click & impression); 60-Day Engagement Plan; Workflow mapping and guardrails; Prototype-to-production deployment model",,,"Active"
"Agent Pitch - Customer Presentation","https://docs.google.com/presentation/d/1Dp3Fx3TGE1I1l2XA-mgm9-rALcEZoeISgXnSL40G8xI/edit?usp=drivesdk",,"second-call-deck","To pitch AllyAI’s multi-agent platform with quantified proof and a clear 60-day deployment path","This is the Agent Pitch - Customer Presentation - a comprehensive customer-facing sales deck that introduces CommerceIQ’s AllyAI platform and its four AI Agents (Content Agent, Media Agent, Sales Agent, and Shelf Agent), showcasing capabilities, quantified case studies, incrementality methodology, and a structured 60-day deployment plan to drive sales, share, margin, and PIM compliance across retailers like Amazon, Walmart, and Target.","Use in second sales meetings, executive presentations, or when a prospect requests detailed capabilities, case studies, KPI impact, and implementation roadmap for AllyAI agents.","Sales executives, account executives, solution consultants, and customer stakeholders evaluating AllyAI deployment","Overview of AllyAI and 4 AI Agents; Content Agent PDP compliance and optimization; Media Agent incrementality and iROAS optimization; Sales Agent and Shelf Agent capabilities; Case studies and quantified performance outcomes; 60-Day Content Agent Engagement Plan; PIM workflow challenges and operational inefficiencies; Attribution models and incrementality framework; Available-now contract inclusions and offers; AllyAI Context Engine and 2026 platform direction","2,000 active SKUs requiring 30,000 hours per year (15 FTEs); 6 updates per year, 30 minutes per update; +10 pts PIM compliance in less than 2 weeks; 90%+ PIM compliance across retailers; Less than 1 minute time to action vs 35-minute industry average; 4.57% increase in unit conversion; 2.47% increase in digital penetration; 4% increase in Net Sales despite 2.04% ASP increase; 168% increase in sales, 54% increase in traffic, 1,115 bps conversion lift; Newell achieved 100% PIM compliance in 60 days; +55% ad sales growth across 10 brands; +75% campaign performance improvement; -12.8% CPC reduction; Incremental ROAS example: $2.14 with 95% incremental fraction; Content Agent free on 1 retailer, 1 brand, 1 market for life of contract","Manual PDP management is operationally unsustainable at scale; AI automation drives measurable compliance and conversion gains.; Optimizing to incrementality (iROAS) produces more accurate portfolio decisions than standard ROAS.; AllyAI agents can be deployed in production within 60 days with defined workflows and measurable KPIs.; Quantified case studies demonstrate sales, traffic, conversion, and efficiency improvements across brands and retailers.","AllyAI agent pitch deck; Content Agent customer presentation; CommerceIQ 60-day deployment plan; PIM compliance case study Newell; incrementality vs ROAS explanation deck; iROAS optimization presentation; AI agent retail media pitch; 168% sales increase case study AllyAI; Content Agent free retailer offer details; CommerceIQ Media Agent incrementality framework; AI PDP optimization Amazon Walmart Target; AllyAI second call deck; Retail AI multi-agent sales presentation; CommerceIQ attribution models 7 14 30 day; Shelf Agent and Sales Agent overview deck","AllyAI Product Box (defines packaging, pricing tiers, and positioning but not full case studies and deployment plan); Content Agent One-Pager (summary overview without detailed metrics and workflow mapping); Media Agent Battle Card (competitive comparison only); Standalone Case Study Library (individual results without full platform narrative)","AllyAI; Content Agent; Media Agent; Sales Agent; Shelf Agent; CommerceIQ Incrementality; AllyAI Context Engine; Ask Ally; Copilot","","Newell","4.57% increase in unit conversion; 2.47% increase in digital penetration; 4% increase in Net Sales; 2.04% ASP increase; 168% increase in sales; 54% increase in traffic; 1,115 bps increase in conversion rate; +10 pts PIM compliance in <2 weeks; 90%+ PIM compliance; +55% ad sales growth; +75% performance improvement; -12.8% CPC reduction; Incremental ROAS: $2.14; Incremental Fraction: 95%","PDP content scoring and optimization; Automated content publishing; Incrementality Fraction calculation; iROAS-based budget optimization; Real-time optimizations; Attribution model customization (3, 7, 14, 30-day click and impression); Workflow mapping and guardrails; 60-day prototype-to-production plan; Cross-retailer PIM compliance tracking",,,"Active"
"Digital Shelf Optimization - Competitive Intelligence","https://docs.google.com/presentation/d/1xuKZj_eU0Lh0eJf7YcVhBuPGycK93UUmZ8pq722pmqQ/edit?usp=drivesdk","1xuKZj_eU0Lh0eJf7YcVhBuPGycK93UUmZ8pq722pmqQ","battle-card","Equip sales teams with competitive differentiation and FUD-driven positioning for Digital Shelf Analytics deals.","This is the Digital Shelf Optimization - Competitive Intelligence document - a comprehensive sales battle card and competitive positioning deck outlining CommerceIQ’s Digital Shelf Analytics (DSA / Digital Shelf 360) capabilities versus competitors including Stackline, Data Impact, Profitero, Flywheel/Ascential/Omnicom, and Shalion. It contains side-by-side feature comparisons (intraday scraping frequency, retailer breadth, mobile app coverage, share of voice methodology, advertising integration, store-level data, onboarding timelines, and data transparency), structured FUD questions for sales conversations, and messaging pillars explaining why brands choose CommerceIQ for Digital Shelf Analytics.","Use in competitive sales cycles against Stackline, Data Impact, Profitero, Flywheel/Ascential/Omnicom, or Shalion; when prospects question scrape frequency, SOV methodology, mobile app coverage, or Retail Media integration; when preparing for late-stage feature comparisons.","Sales representatives, account executives, sales engineers, and revenue enablement teams selling CommerceIQ Digital Shelf Analytics.","Intraday Scraping Frequency Comparison; Retailer Breadth and Global Coverage; Mobile App Digital Shelf Measurement; Share of Voice and Share of Shelf Methodology; Retail Media Integration and 24/7 Bid Optimization; Store-Level Data and Availability Tracking; Onboarding Timelines and Implementation Requirements; Data Transparency and Data Quality Dashboards; Customer Success and Regional Support; Structured FUD Questions for Competitive Selling","CommerceIQ scrapes data 1x–6x per day; up to 24x/day for top SKUs and keywords; Stackline scraping cited as 1x per week; 720+ to 900+ retailers across 50+ to 60+ countries; Digital shelf measurement across 50+ mobile apps; Full Retail Media integration with 24/7 bid optimization; Share of voice based on thousands of keywords monitored; SOV defined as Share of Media + Share of Search (vs banner-only SOV); Onboarding: 5 simple inputs; competitors 6–12 weeks to go live; Store-level data for Walmart, Target, Kroger and other top retailers; Customer-facing data quality dashboard for transparency; Dedicated customer success team with regional language support; Integration partnerships mentioned: NielsenIQ, ciValue; Competitors requiring Publicis, Pacvue, or Skai for share of media inputs; Coverage across organic, paid, and multiple placement metrics; Full store and category coverage globally","CommerceIQ differentiates on intraday scraping and near real-time insights versus weekly competitor updates.; CommerceIQ provides broader retailer and mobile app coverage with global scale.; Retail Media integration with 24/7 bid optimization is a core competitive advantage.; Data transparency and customer-facing quality dashboards counter 'black box' competitor approaches.; Structured FUD questioning is central to competitive displacement strategy.","CommerceIQ vs Stackline digital shelf comparison; CommerceIQ vs Data Impact competitive analysis; Digital Shelf Analytics intraday scraping frequency; CommerceIQ share of voice methodology; Retail Media 24/7 bid optimization CommerceIQ; Digital Shelf 360 competitive battle card; CommerceIQ mobile app digital shelf coverage; Store-level availability data comparison; CommerceIQ onboarding timeline vs competitors; CommerceIQ data transparency dashboard; Profitero vs CommerceIQ share of voice; Stackline weekly scraping limitation; CommerceIQ retailer coverage global numbers; Digital Shelf Optimization competitive intelligence; CommerceIQ FUD questions for DSA","Digital Shelf 360 Product One-Pager – high-level overview without competitive depth; DSA Second Call Deck – broader sales presentation with storytelling and case studies; Retail Media Management Battle Card – focused specifically on advertising rather than digital shelf analytics; Pricing Calculator – commercial terms and ROI modeling rather than feature comparison","CommerceIQ Digital Shelf Analytics (DSA); Digital Shelf 360","Stackline; Data Impact; Profitero; Flywheel; Ascential; Omnicom; Shalion; NielsenIQ; ciValue; Publicis; Pacvue; Skai","","1x–6x daily scraping; up to 24x/day for top SKUs; Weekly scraping for Stackline; 720+ to 900+ retailers; 50+ to 60+ countries; 50+ mobile apps covered; 5 inputs for onboarding; 6–12 weeks competitor onboarding timeline; 24/7 bid optimization","Intraday Scraping; Retail Media Integration; 24/7 Bid Optimization; Share of Voice Measurement; Share of Shelf Monitoring; Store-Level Availability Data; Mobile App Coverage; Customer-Facing Data Quality Dashboard; Dedicated Customer Success Team; Content Scoring; Custom Reporting",,,"Active"
"Flywheel comparison","https://docs.google.com/presentation/d/1cfV_pMIB3IopA7BUwv_MmnqEWCJdVmpLaw80PBNhgeU/edit?usp=drivesdk","1cfV_pMIB3IopA7BUwv_MmnqEWCJdVmpLaw80PBNhgeU","battle-card","Equip sales teams to competitively position CommerceIQ against Flywheel","This is the Flywheel Comparison - a competitive battle card and enablement deck that contrasts CommerceIQ’s retail media and omni-commerce platform capabilities against Flywheel across budget optimization, incrementality, retail coverage, share of voice, DSP/AMC integration, and retail-aware advertising. It outlines specific differentiators such as ML-driven incrementality ROAS (iROAS), automated hourly bid optimization, 100+ retailer integrations, inventory- and profit-aware advertising, and full Share of Voice automation, while highlighting Flywheel’s manual processes, limited retailer coverage (Amazon, Walmart), and lack of AMC/DSP integration.","Use during competitive deals where Flywheel is shortlisted, when preparing for a competitive bake-off, or when prospects question incrementality, SOV tracking, retailer coverage, or DSP/AMC integration.","Sales executives, account executives, sales engineers, and competitive intelligence teams","Budget Optimization (Automated vs Manual); Incrementality ROAS (iROAS) vs Traditional ROAS; Target Market (Enterprise vs Small 3P Sellers); Retail Coverage (100+ Retailers vs Amazon/Walmart); Retail-Aware & Inventory-Aware Advertising; Share of Voice (SOV) Optimization; Competitive OOS Conquesting; DSP and Amazon Marketing Cloud Integration; Unified Omni-Commerce Positioning; Service Consistency vs Human-Dependent Performance","Automated hourly bid and budget optimization (CommerceIQ); Manual budget pacing and no hourly bidder (Flywheel); Incrementality ROAS (iROAS) powered by Machine Learning; SOV + ROAS formula to measure true total POS impact; CommerceIQ supports 100+ retailers including Amazon, Walmart, Instacart, Kroger, Target, Albertsons, Best Buy, Lowe’s, Costco; Flywheel supports Amazon and Walmart only; Tracks several thousand keywords driving >80% of sales; Weighted and item-level Share of Voice tracking; Automated competitive out-of-stock (OOS) conquesting alerts; Integration of on-hand and open PO inventory data; Item-level competitive mapping and elasticity modeling; Vendor Central connectivity (CommerceIQ) vs Seller Central only (Flywheel); DSP and AMC fully integrated with multi-touch attribution; Search + Display + OTT performance visibility; Positioning for large enterprise brands vs small 3P sellers","CommerceIQ differentiates strongly on ML-driven incrementality and total POS optimization.; CommerceIQ offers broader retailer coverage and enterprise-grade integrations.; Automation (hourly bidding, SOV integration, inventory-aware ads) replaces manual service dependency.; Flywheel is positioned as more limited in retailer scope, automation depth, and data integration.","CommerceIQ vs Flywheel comparison; Flywheel competitive battle card; How is CommerceIQ different from Flywheel?; CommerceIQ incrementality ROAS vs Flywheel; Does Flywheel support AMC integration?; CommerceIQ retailer coverage list; CommerceIQ share of voice optimization; Flywheel inventory aware advertising; CommerceIQ DSP integration details; Enterprise retail media platform vs Flywheel; Flywheel manual budget pacing; CommerceIQ conquesting capabilities; Vendor Central integration vs Flywheel; CommerceIQ omni-commerce positioning; Flywheel target market small sellers","Retail Media Overview Deck – general capabilities without competitor framing; CommerceIQ Product Datasheet – feature summary without side-by-side comparison; Second Call Deck – deep dive into pricing, implementation, and customer case studies; Incrementality Whitepaper – technical deep dive into iROAS methodology without competitive context","CommerceIQ; Flywheel; Amazon Marketing Cloud (AMC); DSP","Flywheel","",">80% of sales driven by tracked keywords; 100+ retailers supported; Incrementality ROAS (iROAS)","Automated hourly bid optimization; Automated budget pacing; Incrementality ROAS (iROAS); Weighted and item-level Share of Voice tracking; Inventory- and Profit-Aware Advertising; Competitive OOS conquesting alerts; Vendor Central integration; DSP integration; Amazon Marketing Cloud integration; Multi-touch attribution table",,,"Active"
"Ascential/Omnicom Competitive Battle Card (Updated May 2024)","https://docs.google.com/presentation/d/13WUXmDPUpxXHK0CG-EWKukO3pShZXjGz30K9W7G9T6U/edit?usp=drivesdk","13WUXmDPUpxXHK0CG-EWKukO3pShZXjGz30K9W7G9T6U","battle-card","Enable sales teams to win competitive deals against retail media and market analytics providers","This is the Ascential/Omnicom Competitive Battle Card (Updated May 2024) - a sales enablement battle card that analyzes CommerceIQ’s capabilities versus competitive retail media and market share solutions, detailing feature comparisons across digital shelf analytics, retail media optimization, budget pacing, dayparting, market share reporting, onboarding timelines, global retailer coverage (900+ retailers in 50+ countries), and AI-driven forecasting, while equipping reps with targeted FUD (Fear, Uncertainty, Doubt) discovery questions to displace incumbent solutions.","Use during competitive deal prep, objection handling, discovery planning, or when positioning CommerceIQ against Ascential, Omnicom, or other retail media/digital shelf incumbents.","Sales representatives, account executives, sales engineers, and competitive intelligence teams preparing for retail media and ecommerce analytics deals","Local Brand Analytics (LBA) – Overview, Product, Locations tabs; Market Share (MS) – MarketView and Scorecard analysis; Retail Media Management – CommerceIQ Flywheel; Budget optimization and dayparting capabilities; AI-driven demand forecasting; Customizable reporting and taxonomy options; Competitive intelligence beyond market share; Global retailer coverage and scalability; Onboarding timelines and machine crawling classification; FUD-based discovery and objection-handling questions","Store-level data across 2,000 retailers with click-and-collect tracking; 900+ retailers in 50+ countries coverage; First 5–10 Amazon categories free in bundled Market Share offer; Onboarding timeline: 8–12 weeks standard; 2–4 weeks for Market Share (Amazon catalog); Hourly bid adjustments for late-day ROI optimization; Budget optimization by day of week and mid-month budget changes; Event-based budget over-indexing (e.g., Prime Day); Sortable, searchable, filterable store-level tables; Availability, in promotion, not in promotion, and average price views; Six Scorecard sections: Traffic, Conversion, Pricing, Availability, Promotions, Ratings & Reviews; Amazon default taxonomy with optional paid customization; Share of Search used as proxy for share of sales in digital shelf; No hourly bidder and manual budget pacing called out as competitor gaps; Machine crawling gathers product attributes and classifications","CommerceIQ differentiates through AI-driven automation, hourly bidding, and advanced budget pacing versus manual competitor approaches.; Market Share solution offers customizable, competitive insights beyond basic share data, with cost-effective entry options.; Global scale (900+ retailers, 50+ countries) and integrated ecosystem position CommerceIQ as a scalable enterprise solution.; FUD-driven questioning is central to displacing incumbents in retail media and digital shelf analytics.","Ascential competitive battle card; Omnicom retail media comparison; CommerceIQ vs Ascential; CommerceIQ vs Omnicom; CommerceIQ budget pacing vs competitors; CommerceIQ dayparting capabilities; CommerceIQ Market Share features; CommerceIQ onboarding timeline; CommerceIQ global retailer coverage; CommerceIQ Flywheel hourly bidding; Retail media FUD questions; CommerceIQ demand forecasting AI; CommerceIQ share of search proxy explanation; CommerceIQ Prime Day budget optimization","RMM Second Call Deck – full sales presentation with narrative flow and case studies; Market Share Product Box – positioning and packaging overview; Pricing Calculator – ROI and cost modeling tool; Customer Case Study Library – proof points and brand-specific results","CommerceIQ Flywheel; Local Brand Analytics (LBA); Market Share (MS); MarketView; Scorecard; Ecommerce Sales Management Solution","Ascential; Omnicom","","2,000 retailers tracked (store-level click-and-collect data); 900+ retailers in 50+ countries; First 5–10 Amazon categories free (bundled offer); 8–12 week onboarding timeline; 2–4 week Market Share implementation (Amazon catalog)","Hourly bid adjustments; Budget pacing and mid-month optimization; Day-of-week budget optimization; Event-based budget over-indexing (Prime Day); AI-driven demand forecasting; Customizable reporting and taxonomy; Sortable and filterable store-level analytics; Competitive insights beyond market share; Machine crawling product classification; Real-time campaign optimization",,"May 2024","Active"
"DRAFT CommerceIQ Sales Agent - Product Box January 26 Internal","https://docs.google.com/document/d/1WU6dSPrlYF8wGmmKgZVRUxBIq33PhbZL8gMOmyp777Q/edit?usp=drivesdk",,"product-box","Define and package the CommerceIQ Sales Agent and Content Agent offerings for internal sales enablement and GTM rollout.","This is the DRAFT CommerceIQ Sales Agent - Product Box January 26 Internal - an internal product box document that defines the CommerceIQ Sales Agent (including the Digital Shelf Optimization Content Agent and Amazon Copilot offers), outlining its capabilities across category, SKU, advertising, operations, and profitability analytics, along with GTM rollout plans, pricing structure (free for 1 retailer / 1 brand / 1 category), implementation requirements, and key metrics supported at SKU and category levels.","Use when clarifying what is included in the Sales Agent, explaining SKU/category metrics coverage, detailing the free Content Agent offer, discussing predictive OOS and Buy Box monitoring, or aligning on GTM rollout and retailer support.","CommerceIQ Sales, CSDs, GTM teams, and internal product marketing stakeholders","Sales Agent product definition and positioning; Category and SKU-level analytics pages; Profitability, operations, and forecasting metrics; Advertising performance and Share of Voice metrics; Digital Shelf Optimization Content Agent offer; Amazon Copilot offer; Buy Box, OOS, and predictive inventory monitoring; Content Authority and PDP governance; Co-op deduction and accrual recovery widgets; GTM rollout schedule and enablement plan","Category Page includes estimated competitor sales and market share trends; SKU Page includes 1P and 3P sales, units, and ASP; Forecast metrics: Mean, P70, P90 (6-week outlook, >20% change alerts); Profit metrics: Contribution Margin, Contribution Profit, Net Pure Profit; Operational metrics: PO Fill Rate, PO Receive Rate, Unfulfilled PO %, Weeks of Cover; Advertising metrics: ROAS, iACoS, CTR, CPC, Ad Spend; Brand Halo Sales tracked at 1-day, 7-day, and 14-day windows; Share of Voice metrics: Organic and Sponsored (Top 3, Top 10, Page 1); Predictive Out of Stock based on sales velocity excluding temporary spikes; Lost Buy Box detection when 3P wins over Amazon; Content Agent free for 1 retailer, 1 brand, 1 category for life of contract; Supported retailers for syndication: Amazon, Kroger, Costco, Walmart; Preferred PIM: Salsify; No order form change required for offer activation; GTM rollout dates including 12/15, 1/6, 1/13, 1/22, 2/2","The Sales Agent combines digital shelf, operations, advertising, and profitability intelligence in one offering.; CommerceIQ provides deep SKU-level analytics across 1P and 3P performance.; The Content Agent offer is free for a limited scope (1 retailer/1 brand/1 category) with no contract change required.; The product proactively detects OOS, buy box loss, forecast shifts, and content suppression.; The GTM plan includes structured outreach, webinars, and phased deployment.","CommerceIQ Sales Agent product box January 26; What is included in CommerceIQ Content Agent?; Sales Agent SKU level metrics list; CommerceIQ Share of Voice metrics Top 3 Top 10; Predictive Out of Stock CommerceIQ; Lost Buy Box detection CIQ; Digital Shelf Optimization free offer 1 retailer; Amazon Copilot offer CommerceIQ; CommerceIQ co-op deduction overview widget; PO Fill Rate and Weeks of Cover metrics CIQ; CommerceIQ advertising incrementality metrics; Brand Halo Sales 14 days CIQ; Salsify PIM integration CommerceIQ; Content Authority 3P seller PDP changes; GTM rollout schedule January deployment CIQ","Sales Agent Second Call Deck – external detailed sales presentation; Digital Shelf One-Pager – high-level marketing summary; Competitive Battle Cards – competitor comparison documents; Pricing Calculator – detailed financial modeling tool","CommerceIQ Sales Agent; Digital Shelf Optimization Content Agent; Amazon Copilot","","","Contribution Margin; Net Pure Profit; ROAS; iACoS; CTR; CPC; Brand Halo Sales 14 Days; PO Fill Rate; Weeks of Cover; Mean / P70 / P90 Forecast; Unavailability %; LBB %; Incremental Sales; IROAS","Category Page competitive benchmarking; SKU-level 1P and 3P performance tracking; Predictive Out of Stock alerts; Lost Buy Box detection; Content Authority monitoring; Co-op Deduction Overview widget; Share of Voice tracking (Organic & Sponsored); Automated syndication to Amazon, Kroger, Costco, Walmart; Incrementality and IROAS reporting",,"January 26 (Internal Draft)","Work In Progress"
"Chorus Recording Link","https://docs.google.com/document/d/1AynzGDXQmOqGd0snkWGKgX3CyAglve2ICpt-LsDbh8U/edit?usp=drivesdk","1AynzGDXQmOqGd0snkWGKgX3CyAglve2ICpt-LsDbh8U","enablement-guide","Provide direct access to a recorded sales conversation for review and coaching.","This is the Chorus Recording Link - a direct link to a Chorus.ai call recording containing the audio/video playback and transcript of a specific sales conversation.","Use when someone needs to review the exact sales call, verify what was discussed, extract customer feedback, conduct coaching, or share the meeting recording with stakeholders.","Sales representatives, sales managers, revenue leaders, and enablement teams","Full sales call recording; Audio/video playback; Speaker-separated transcript; Timestamps of discussion points; Customer questions and objections; Product positioning discussion; Pricing and commercial discussion (if applicable); Next steps and follow-ups; Deal context and discovery insights","Direct Chorus.ai link to recorded meeting; Complete conversation playback; Searchable transcript; Speaker identification; Timestamp navigation; Ability to comment or tag moments (platform capability); Captures live discovery questions; Captures objection handling in real time; Records pricing discussions if covered; Includes confirmation of next steps; Provides verbatim customer language; Can be used for coaching review; Can be used for deal inspection; Serves as source of truth for commitments made","Provides the exact words and tone used in the customer conversation; Enables coaching and performance feedback based on real interactions; Helps validate deal status and next steps; Acts as a reference for pricing, positioning, and objection handling discussed","Chorus recording link; Sales call recording; Chorus.ai meeting link; Customer call transcript; Recording of sales meeting; What did the customer say on the call?; Pricing discussion recording; Discovery call recording; Share the Chorus link; Deal review call recording; Sales coaching call example; Transcript of customer meeting; Objection handling example recording; Customer feedback from call; Meeting playback link","First Call Deck – structured presentation for initial sales conversations; Second Call Deck – detailed product deep-dive presentation; Talk Track – scripted guidance on what to say during calls; Case Study – written proof of customer results; Product Box – structured product definition and positioning document","Chorus.ai","","","","Call recording playback; Speaker-separated transcript; Timestamp navigation; Searchable transcript; Commenting and tagging (platform capability)",,,"Active"
"Skai Competitive Battle Card (Updated Sept 2024)","https://docs.google.com/presentation/d/144vl17SkkyprH9ywJUZ8O_svpswmzUlEXf3bf3zbhE8/edit?usp=drivesdk","144vl17SkkyprH9ywJUZ8O_svpswmzUlEXf3bf3zbhE8","battle-card","Equip sales teams to competitively position against Skai in RMM deals.","This is the Skai Competitive Battle Card (Updated Sept 2024) - a comprehensive competitive enablement document outlining Skai’s Retail Media Management (RMM) capabilities, pricing model, strengths, weaknesses, incrementality updates, feature gaps, and positioning versus CommerceIQ across areas like Share of Voice (SOV), budget optimization, dayparting, retail-aware media, and AI-based iROAS optimization.","When Skai is identified in a deal cycle, during competitive strategy sessions, pricing negotiations, objection handling, or when preparing differentiation messaging.","Sales executives, account executives, solution consultants, sales leadership, and competitive intelligence teams","Skai company overview and funding; Pricing model and deal intelligence; Why Skai wins vs. why Skai loses; Incrementality and iROAS comparison; Share of Voice (SOV) tracking comparison; Dayparting and budget optimization; Retail-aware media and digital shelf integration; API automation and Skai Labs updates; FUD questions and objection handling; Feature comparison grid (CommerceIQ vs. Skai)","Founded in 2006; CEO Yoav Izhar-Prato; Backed by Bain Capital Ventures and Sequoia Capital Israel; Operates in 13 countries; Known clients: L’Oréal, Bose, Reckitt, Central Pet; Pricing: 1–2% of ad spend; often ~1%; flat-rate deals below 0.5%; CommerceIQ tracks 4,000 keywords daily vs. Skai ~50; Skai requires Profitero integration for certain SOV metrics; AI-based iROAS optimization (CommerceIQ); Budget over-indexing during events like Prime Day; Automatic competitive OOS conquesting (CommerceIQ); Dayparting: hourly adjustments and intra-day budget release; Skai Labs announced May 2024 (custom integrations, APIs, workflow automation); April 2024 Skai incrementality announcement; UI/UX challenges and Amazon campaign launch delays cited as weaknesses; Self-service pricing below 1% recently introduced","CommerceIQ differentiates strongly on retail-aware, incrementality-driven automation.; Skai competes aggressively on price and cross-channel (Google + retail media) capabilities.; SOV depth, keyword coverage, and automation integration are major positioning levers.; Skai’s incrementality capabilities are newer and less automated than CommerceIQ’s iROAS.; Pricing pressure from Skai is common; value positioning must emphasize incremental sales.","Skai competitive battle card; CommerceIQ vs Skai comparison; Skai RMM pricing percentage; Skai incrementality feature April 2024; Does Skai support iROAS optimization?; Skai Share of Voice tracking capabilities; Skai vs CommerceIQ SOV comparison; Skai UI UX challenges; Skai Profitero integration requirement; Skai dayparting capabilities; Skai Labs May 2024 announcement; Why do we lose deals to Skai?; Skai flat fee pricing intel; Retail-aware media comparison Skai; FUD questions against Skai","RMM Second Call Deck – customer-facing product presentation; RMM First Call Deck – high-level discovery overview; CommerceIQ Product Box – defines packaging and pricing of CIQ products; Skai Case Study – customer success story involving Skai","CommerceIQ Retail Media Management; Skai Platform; Skai Labs; AI-based iROAS","Skai; Profitero","L’Oréal; Bose; Reckitt; Central Pet; Emerson; McCaughey","1–2% of ad spend pricing; Flat fee deals below 0.5%; Tracks 4,000 keywords daily (CommerceIQ); Tracks ~50 keywords (Skai); 13 countries of operation; 100+ and 120+ retailer API references","AI-based iROAS optimization; Share of Voice (SOV) tracking; Weighted SOV integration into automation; Retail-aware advertising (inventory + profitability integration); Budget pacing and event over-indexing; Dayparting with hourly adjustments; Competitive OOS conquesting automation; Whitespace keyword identification; API automation for campaign creation and bid adjustments; Skai Labs custom integrations",,"September 2024 (includes April and May 2024 updates)","Active"
"Data Impact Competitive Battle Card_111025","https://docs.google.com/presentation/d/1r5PSFY13xuJcn3h0afyAI2Mc5LlxuOGpkxkf6RxFbZU/edit?usp=drivesdk",,"battle-card","Enable competitive selling of AllyAI agents with quantified proof points and deployment roadmap.","This is the Data Impact Competitive Battle Card_111025 - a comprehensive competitive battle card and sales enablement deck detailing CommerceIQ’s AllyAI platform (Content Agent, Media Agent, Sales Agent, and Shelf Agent), including quantified business outcomes, 60-day deployment plan, case studies, incrementality methodology, PIM compliance automation, and competitive differentiation against manual workflows and legacy DSA processes.","Use in competitive deals, second-call presentations, executive reviews, or when prospects request proof of ROI, incrementality methodology, PIM compliance impact, or implementation timeline.","Sales leaders, account executives, solution consultants, and revenue teams positioning AllyAI in competitive retail and CPG enterprise deals.","AllyAI 4-Agent Platform Overview; Content Agent – PDP Compliance & Optimization; Media Agent – Incrementality & iROAS Optimization; Sales Agent – Decision Acceleration; Shelf Agent – Diagnostics & Compliance; 60-Day Deployment Plan; Case Studies & Business Outcomes; Incrementality vs ROAS Framework; PIM Compliance Automation; Retailer Coverage (Amazon, Walmart, Target)","2,000 active SKUs requiring 6 updates/year; 30,000 hours annually (15 FTEs) for manual PDP updates; +10 pts PIM compliance in <2 weeks; 90%+ PIM compliance across retailers; <1 minute time to action vs 35 min industry average; 168% increase in sales (Pet category case); 54% increase in traffic; 1,115 bps increase in conversion rate; 4.57% increase in unit conversion; 2.47% increase in digital penetration; 4% increase in Net Sales despite 2.04% ASP increase; +55% ad sales growth across 10 brands; +75% campaign performance improvement; -12.8% CPC reduction; Attribution windows: 3, 7, 14, 28, 30-day click/impression","Manual PDP management at scale is operationally unsustainable; automation reduces 15 FTE workload.; Content Agent drives measurable gains in compliance, traffic, conversion, and net sales within weeks.; Incrementality (iROAS) provides more accurate optimization than traditional ROAS alone.; AllyAI agents can be deployed in production within 60 days with defined KPIs and ownership.; CommerceIQ provides embedded FDE support and contract-included agent access to accelerate adoption.","Data Impact competitive battle card; AllyAI Content Agent case study metrics; PIM compliance improvement statistics; iROAS vs ROAS explanation; CommerceIQ incrementality fraction; 60 day Content Agent deployment plan; Media Agent CPC reduction results; Pet category content optimization case study; AllyAI 4 agents overview; Content Agent free retailer offer; Shelf Agent included in DSA contract; Forward Deployed Engineer engagement plan; Retail PDP automation ROI; CommerceIQ attribution windows; Organic SOV saturation and budget reduction","Sales Agent Product Box – defines packaging and positioning, not competitive metrics; RMM First Call Deck – high-level introductory overview; Technical Implementation Guide – integration and API documentation; Standalone Case Study PDFs – single-customer deep dives without platform overview","AllyAI; Content Agent; Media Agent; Sales Agent; Shelf Agent; Ask Ally; CommerceIQ Incrementality","","Newell","+10 pts PIM compliance in <2 weeks; 90%+ PIM compliance; <1 min time to action; 168% sales increase; 54% traffic increase; 1,115 bps conversion increase; 4.57% unit conversion increase; 2.47% digital penetration increase; 4% net sales increase; +55% ad sales growth; +75% performance improvement; -12.8% CPC reduction; 30,000 hours annual manual effort; 15 FTE equivalent workload","PDP Content Compliance Automation; SEO & AEO Optimization; Incrementality Fraction Modeling; iROAS-Based Budget Optimization; Real-Time Keyword Optimization (50+ signals); Multi-Retailer Attribution Configuration; 60-Day Prototype-to-Production Plan; Forward Deployed Engineer Support; Workflow Mapping & Guardrails; PIM Syndication Integration","111025",,"Active"
"First Call Deck - Agents","https://docs.google.com/presentation/d/1YpIABoaaU9mLa3OwAPWp2z0R9Vj0IK76WupcAos73sM/edit?usp=drivesdk",,"first-call-deck","Introduce and position AllyAI Agents in first-call sales conversations","This is the First Call Deck - Agents - a comprehensive introductory sales presentation that showcases CommerceIQ’s AllyAI suite of AI Agents (Content Agent, Media Agent, Sales Agent, and Shelf Agent), including their capabilities, 60-day deployment plan, measurable business outcomes (e.g., +4.57% unit conversion, +55% ad sales growth, +10 pts PIM compliance), real customer case studies (Newell, pet category examples), and a structured engagement model from kickoff to production deployment.","Use in initial prospect meetings, executive discovery calls, AI transformation discussions, or when positioning Content, Media, Sales, and Shelf Agents as a unified solution.","Sales executives, account executives, solutions consultants, and customer-facing teams introducing AllyAI to retail brands and manufacturers","AllyAI Agent Suite Overview (Content, Media, Sales, Shelf); PDP Content Compliance and Optimization; Incrementality (iROAS) and Retail Media Optimization; 60-Day Content Agent Engagement Plan; Case Studies and Business Outcomes; PIM Compliance and Workflow Automation; Organic Share of Voice (SOV) and Budget Pacing; Retailer Integrations (Amazon, Walmart, Target); Operational Burden of Manual SKU Management; Next Steps and Available Contract Inclusions","4.57% increase in unit conversion; 2.47% increase in digital penetration; 4% increase in Net Sales despite 2.04% ASP increase; 168% increase in sales (Pet category case study); 54% increase in traffic; 1,115 bps increase in conversion rate; +10 PIM compliance points in less than 2 weeks; 90%+ PIM compliance across retailers; Less than 1 minute time-to-action vs 35-minute industry average; 2,000 active SKUs requiring 30,000 hours/year (15 FTEs); 6 updates per year, 30 minutes per update; +55% ad sales growth across 10 brands; -12.8% CPC reduction; Incremental ROAS example: $2.14 with 95% incremental fraction; ROAS examples: $7.8 and $3.5 with various attribution windows","Manual PDP and retail media optimization at scale is operationally unsustainable without AI automation.; Content Agent can rapidly improve PIM compliance and conversion with measurable financial impact.; Media Agent optimizes for incrementality (iROAS), not just ROAS, preventing wasted spend.; A structured 60-day deployment model enables prototype-to-production within one quarter.; Agents are packaged with existing contracts, lowering friction to initial adoption.","AllyAI first call deck; CommerceIQ Agents overview presentation; Content Agent case study metrics; Media Agent incrementality iROAS explanation; 60-day Content Agent deployment plan; PIM compliance improvement example; AI agent for PDP optimization Amazon Walmart Target; Retail media incrementality fraction example; AllyAI pet category case study 168% sales; Free Content Agent 1 retailer offer; Shelf Agent included in DSA contract; Sales Agent Ask Ally Copilot inclusion; Manual SKU management 30,000 hours example; Organic SOV saturation and budget reduction; CommerceIQ AI agents drive sales share margin","Second Call Deck - deeper technical, pricing, and architecture discussion; Product Box - formal product packaging and pricing definition; Battle Card - competitive positioning against specific competitors; Training Deck - internal enablement for implementation teams","AllyAI; Content Agent; Media Agent; Sales Agent; Shelf Agent; Ask Ally; Copilot","","Newell; Coke (Coca-Cola)","4.57% unit conversion increase; 2.47% digital penetration increase; 4% Net Sales increase; 168% sales increase; 54% traffic increase; 1,115 bps conversion rate increase; +10 PIM compliance points in <2 weeks; 90%+ PIM compliance; +55% ad sales growth; -12.8% CPC reduction; 95% incremental fraction; Incremental ROAS: $2.14; 30,000 hours/year manual effort; 2,000 active SKUs","PDP Content Compliance and Optimization; Incrementality (iROAS) Optimization; Real-time Budget Pacing; Organic Share of Voice Tracking; Workflow Mapping and Guardrails; Prototype-to-Production in 60 Days; Retailer Attribution Windows (3, 7, 14, 30 day click/impression); PIM Syndication and Compliance Monitoring; Automated Keyword Bid Optimization (50+ signals); Context Engine Insights",,,"Active"
"May 2024 - Internal Competitive Update Slides","https://docs.google.com/presentation/d/1YLmJsIiY_Gdn9v1iN0vdR0bnPcKbnNgZRge8e2yO8Oc/edit?usp=drivesdk","1YLmJsIiY_Gdn9v1iN0vdR0bnPcKbnNgZRge8e2yO8Oc","training-deck","Equip sales teams with updated competitive intelligence and positioning guidance","This is the May 2024 - Internal Competitive Update Slides - a comprehensive internal sales enablement deck covering CommerceIQ’s competitive positioning, battlecard updates, FUD talk tracks, product differentiators, retailer ecosystem updates, and guidance for field teams on how to position against competitors like Flywheel, Pacvue, Skai, Stackline, Profitero, Data Impact, and others.","Use during competitive deal prep, displacement strategy sessions, QBR preparation, sales onboarding, and when responding to competitor claims (Pacvue, Flywheel, Skai, Data Impact, etc.)","CommerceIQ sales, sales engineering, customer success, and revenue leadership teams","CommerceIQ competitive positioning strategy; Integrated and unified platform messaging; Automation and AI-driven optimization capabilities; FUD questions for objection handling; Market Share solution differentiation; Retail Media optimization and budget pacing; AI-driven demand forecasting; Retailer and ecosystem updates; Battlecard management process in Seismic; Competitor-specific updates (Pacvue, Skai, Flywheel, Data Impact, etc.)","Coverage of 900+ retailers across 50+ countries; Intraday data scraping 1–6 times per day, up to 24 times for top SKUs/keywords; AI-driven demand forecasting to reduce stockouts and overstock; Granular data-driven optimization with real-time insights; Customizable reporting and analytics aligned to business objectives; Comprehensive competitive insights (pricing, content, advertising tactics); Dedicated customer success team with regional language support; Upcoming OmniCC and AI-driven insights innovations; Data Impact Share of Voice revenue gain estimation methodology; Skai incrementality announcement (April/May 2024 update); AWS €7.8B Germany investment, €1.2B France investment, $8.88B Singapore expansion; Sam’s Club AI-powered exit technology in 120+ locations (23% faster exits); Competitors: Flywheel, Pacvue, Skai, Stackline, Profitero, Supplypike, Dymetyd, Tinuiti; Battlecards hosted in Seismic with Slack-based update workflow; Emphasis on data accuracy, transparency, and store-level insights","CommerceIQ differentiates on unified platform, automation, AI, and global retailer breadth.; FUD-based questioning is central to competitive displacement strategy.; Data transparency, intraday refresh rates, and AI forecasting are core technical advantages.; Competitive landscape is dynamic with frequent updates across retail media and analytics players.; Internal battlecards and intelligence processes are actively maintained and regularly updated.","May 2024 CommerceIQ competitive update; CommerceIQ vs Pacvue positioning; CommerceIQ vs Flywheel unified platform; CommerceIQ FUD questions budget pacing; CommerceIQ data transparency vs Data Impact; CommerceIQ intraday data refresh frequency; CommerceIQ AI demand forecasting details; CommerceIQ market share competitive insights; Skai incrementality April 2024 update; Pacvue SMB Helium 10 leadership update; CommerceIQ retailer coverage 900 retailers; CommerceIQ OmniCC announcement; CommerceIQ battlecards Seismic location; Retailer beat May 2024 AWS Walmart updates; How to position CommerceIQ against Stackline or Profitero","Individual Competitor Battlecards – single-competitor summaries rather than broad monthly update; Customer-facing Sales Decks – external presentations without internal FUD strategy; Product Datasheets – feature-focused documents without competitive context; Quarterly Business Review (QBR) templates – customer performance reviews","CommerceIQ Market Share Solution; CommerceIQ Ecommerce Sales Management Solution; OmniCC","Flywheel; Ascential; Omnicom; Pacvue; Skai; Stackline; Profitero; Supplypike; Dymetyd; Tinuiti; Chargeguard; Dexi; Data Impact; Data Bricks; Salsify; Crisp","","900+ retailers; 50+ countries; 1–6 data refreshes per day; Up to 24 refreshes per day for top SKUs/keywords; 120+ Sam’s Club locations with AI exit tech; 23% faster club exits; €7.8B AWS Germany investment; €1.2B AWS France investment; $8.88B AWS Singapore expansion","Integrated and unified platform; Automated campaign optimization; Granular AI-driven budget optimization; Real-time campaign insights; Customizable reporting and analytics; Comprehensive competitive insights; AI-driven demand forecasting; Intraday data scraping; Store-level data access; Data transparency dashboard",,"May 2024","Active"
"April 2024 - Internal Competitive Update Slides","https://docs.google.com/presentation/d/1JkImyzIkVNClT-xWDBA4dtHHTpuFu6zDyTo01wDPbao/edit?usp=drivesdk","1JkImyzIkVNClT-xWDBA4dtHHTpuFu6zDyTo01wDPbao","training-deck","Provide a monthly internal summary of competitive and retailer intelligence to inform sales and strategy teams.","This is the April 2024 - Internal Competitive Update Slides - a monthly internal competitive intelligence and retailer news presentation summarizing updates to battlecards, new competitor product launches, executive hires, partnerships, feature enhancements, retailer developments, and industry trends relevant to commerce, retail media, and digital shelf analytics.","Use before competitive sales calls, QBRs, strategy sessions, or when updating positioning against Data Impact, Pacvue, Skai, Flywheel, or other named competitors.","Sales, account management, competitive intelligence, product marketing, and strategy teams","Battlecard and DSA comparison updates; Competitor product and feature launches; Executive hires and leadership changes; Retailer news and earnings updates; Industry data and measurement innovations; AI and automation in commerce platforms; IPO and financial announcements; Competitive intelligence process and Seismic updates","Data Impact Share of Voice revenue estimation based on SKU rank movement (e.g., position 35 to 3); Pacvue scraping variation breaks every 3 hours; Abi Harmon joining Pacvue as EVP and GM of Helium 10 (SMB); Skai announcing incrementality capabilities; AdVonAI launched by Flywheel’s AdVon Commerce on Google Cloud Marketplace; Omnicom Q1 2024 acquisition revenue up 1.5% ($53M) driven by Flywheel acquisition; NielsenIQ Full View™ – Measurement launch; NIQ Brandbank Content Health+ (84% of brands miss top searched attributes); 5,000+ Circana ProScores® available in Google Cloud BigQuery; Salsify + Vizit AI integration claiming up to 10% e-commerce sales lift; Crisp Honey Mama’s case study citing 1–2% spoilage management; Ibotta IPO filing with $320M 2023 revenue; Criteo MRC accreditation for Commerce Max and Commerce Yield; Kroger closing three e-commerce fulfillment centers; Jungle Scout: 1 in 3 consumers shop on TikTok weekly; 71% prioritize price on Amazon","Multiple competitors are investing heavily in AI-driven content, measurement, and incrementality capabilities.; Data transparency and revenue-impact modeling (e.g., SOV monetization claims) are emerging competitive narratives.; Retailers are restructuring e-commerce operations while accelerating AI deployments.; Battlecards and DSA comparisons were materially updated in April 2024 and should be reviewed before competitive pitches.","April 2024 competitive update slides; April 2024 internal competitive intelligence; Data Impact Share of Voice revenue calculation; Pacvue variation break scraping frequency; Skai incrementality announcement 2024; Flywheel AdVonAI Google Cloud launch; NielsenIQ Full View Measurement announcement; Crisp Honey Mama’s spoilage case study; Ibotta IPO revenue 2023; Criteo MRC accreditation Commerce Max; Retailer Beat April 2024; Kroger e-commerce fulfillment center closures; Salsify Vizit AI integration 10% sales lift; Circana ProScores BigQuery; Jungle Scout Q1 consumer trends TikTok shopping","Individual competitor battlecards (deep side-by-side feature comparisons); DSA detailed comparison documents (product-level analysis); Product sales decks (externally facing presentations); Retailer-specific strategy decks","AdVonAI; Full View™ – Measurement; Content Health+; Circana ProScores®; Salsify PXM Advance; Conversion Optimizer App; Commerce Max; Commerce Yield","Data Impact; Pacvue; Skai; Flywheel; Ascential; Omnicom; Dymetyd; Profitero; Stackline; Supplypike; Tinuiti; Chargeguard; Dexi; Salsify; Crisp; Ibotta; Criteo; NielsenIQ; Circana; Jungle Scout","Honey Mama’s; Kroger; Target; Best Buy; Walmart; Sam’s Club; Albertsons; Lindt","1.5% ($53M) Omnicom Q1 2024 acquisition revenue increase; $320M Ibotta 2023 revenue; Up to 10% e-commerce sales lift (Salsify + Vizit); 1–2% spoilage management (Crisp case study); 5,000+ Circana ProScores® in BigQuery; 84% of brands miss top three searched attributes; 1 in 3 consumers shop on TikTok weekly; 71% of Amazon consumers prioritize price","Share of Voice revenue estimation; Variation break scraping every 3 hours; Incrementality measurement; AI-powered product attribute extraction; Omnichannel measurement (Full View™); Content benchmarking (Content Health+); AI-powered virtual assistant (Best Buy); AI-powered delivery optimization (Walmart)",,"April 2024","Active"
"Pacvue Competitive Battle Card - ESM (Updated Sept 25)","https://docs.google.com/presentation/d/1dquNJTKdp6uQvWJitTmoyG7vf4VIawMhPkk_lTMHKX0/edit?usp=drivesdk","1dquNJTKdp6uQvWJitTmoyG7vf4VIawMhPkk_lTMHKX0","battle-card","Enable sales teams to competitively position CommerceIQ against Pacvue in ESM and Retail Media deals.","This is the Pacvue Competitive Battle Card - ESM (Updated Sept 25) - a comprehensive competitive enablement guide comparing CommerceIQ’s ESM (Discover & Guide) and Retail Media (Activate) solutions against Pacvue across content audit, digital shelf, share of voice, budget optimization, customization, reporting, inventory-aware advertising, forecasting, and AI automation capabilities. It includes side-by-side feature comparisons, FUD discovery questions, objection handling talk tracks, competitive positioning statements, and screenshots/intel references (including Pacvue pricing and variation scraping confirmation).","Use during active competitive sales cycles against Pacvue, when preparing objection handling, building discovery questions, or differentiating automation, SOV, and AI capabilities.","Sales executives, account executives, solution consultants, and sales enablement teams competing against Pacvue","Content Audit & Optimization comparison; Comprehensive Market Share & SKU-level Insights; Share of Voice (SOV) tracking and automation; Budget Optimization and pacing; Customization and campaign strategy controls; Reporting capabilities and pivot-style analysis; Inventory-aware advertising and OOS prediction; Forecasting across advertising, sales, and supply chain; Competitive positioning and objection handling; FUD discovery questions for sales conversations","Automated content completeness measurement; Direct PIM/DAM integration; Automatic ticketing for noncompliant content changes (daily); Pacvue partnerships with Profitero and Vizit for content audits; Tracks several thousand keywords covering >80% of category sales; Pacvue limited to several hundred keyword quota; Weighted SOV and item-level SOV tracking; SOV fully integrated into automation (CommerceIQ); IROAS-based optimization; Multiplier Adjusted CPC; Last Bid Change lookback option; Predicted OOS and Vendor Initiated Orders (VIOs); Pacvue variation scraping confirmed every 3 hours; 90+ retailer integrations including Amazon DSP, Walmart, Instacart, Kroger/PromoteIQ, Albertsons; AI-driven taxonomy differentiating 1P vs 3P SKU sales estimates","CommerceIQ positions itself as a unified AI-driven platform vs Pacvue’s customizable but fragmented point solution.; CommerceIQ integrates Share of Voice, inventory, and profitability directly into automation, while Pacvue relies more on manual or partially integrated workflows.; CommerceIQ emphasizes automated content compliance, OOS prediction, and profit recovery as competitive differentiators.; Pacvue’s primary strength is customization and sandbox-like flexibility, but with added complexity and external dependencies.","CommerceIQ vs Pacvue ESM comparison; Pacvue competitive battle card; Pacvue weaknesses in share of voice; CommerceIQ vs Pacvue retail media; Pacvue content audit automation gaps; Pacvue inventory aware advertising; Pacvue keyword tracking limits; CommerceIQ IROAS optimization vs Pacvue; Pacvue reporting customization comparison; Pacvue DSP capability comparison; CommerceIQ predicted OOS vs Pacvue; Pacvue pricing screenshots; Pacvue variation scraping frequency; How to position against Pacvue; Pacvue point solution vs unified platform","ESM First Call Deck – high-level product overview without deep competitive framing; RMM Second Call Deck – detailed product walkthrough and demo flow; CommerceIQ Pricing Calculator – ROI and budget modeling tool; Case Study Library – customer proof points and success stories","CommerceIQ Discover & Guide; CommerceIQ Activate; Pacvue; PacvueXL","Pacvue; Profitero; Vizit","",">80% of sales covered by tracked keywords; Tracks several thousand keywords (CommerceIQ); Limited to several hundred keywords (Pacvue); 90+ retailer integrations; Variation scraping every 3 hours","Automated Content Completeness Measurement; PIM/DAM Integration; Automated Noncompliant Content Ticketing; Weighted Share of Voice; Item-level SOV; IROAS-based Optimization; Multiplier Adjusted CPC; Last Bid Change Lookback; Predicted Out-of-Stocks (OOS); Vendor Initiated Orders (VIOs); In-platform Custom Strategy Builder; Pivot-style Reporting Interface",,"Updated Sept 25","Active"
"Internal Competitive & Industry Experience SMEs ","https://docs.google.com/spreadsheets/d/1O-miPrCS1KF1uEbQ6JyBRfPZCSv26PMfiCK2n19Gyto/edit?usp=drivesdk",,"enablement-guide","Enable internal teams to articulate AllyAI capabilities, proof points, and deployment model in competitive sales conversations.","This is the Internal Competitive & Industry Experience SMEs deck - a comprehensive sales enablement presentation outlining CommerceIQ’s AllyAI platform, including Content Agent, Media Agent, Shelf Agent, and Sales Agent capabilities, with detailed case studies, quantified business outcomes (e.g., +4% net sales, +55% ad sales growth, 90%+ PIM compliance), a 60-day Content Agent deployment plan, incrementality-based media optimization framework (iROAS), and competitive positioning around PDP automation, PIM compliance, and retail media performance.","Use during internal prep for enterprise retail pitches, competitive strategy sessions, SME briefings, or when building ROI justification tied to PIM compliance, PDP optimization, or incrementality-based media performance.","Internal sales teams, solution consultants, forward deployed engineers (FDEs), customer success directors (CSDs), and competitive strategy SMEs","AllyAI platform overview (4 AI Agents); Content Agent PDP optimization and PIM compliance; Media Agent and incrementality optimization (iROAS); Shelf Agent and Sales Agent positioning; 60-Day Content Agent Engagement Plan; Operational workflow mapping (PIM, syndication, retailer feedback loops); Retail media attribution models; Case studies and quantified business outcomes; Commercial packaging and contract inclusions; AllyAI Context Engine and competitive differentiation","4.57% increase in unit conversion; 2.47% increase in digital penetration; 4% increase in net sales despite 2.04% ASP increase; 168% sales increase, 54% traffic increase, 1,115 bps conversion lift (pet category case); Newell achieves 100% PIM compliance in 60 days; 2,000 active SKUs requiring 30,000 hours/year (15 FTEs); 6 updates per SKU per year, 30 minutes per update; Time to action under 1 minute vs 35-minute industry average; +10 pts PIM compliance in <2 weeks; 90%+ compliance across retailers; +55% ad sales growth across 10 brands; -12.8% CPC reduction; +75% campaign performance improvement indicator; Incremental Fraction example: 95%; Incremental ROAS example: $2.14; Attribution windows: 3-, 7-, 14-, 30-day click; 28-day impression; 60-day deployment milestones: Day 1, 7, 30, 45, 60; Content Agent free on 1 retailer (Amazon, Walmart, Target) for life of contract","Manual PDP and PIM management is operationally unsustainable at scale; AllyAI automates scoring, optimization, and publishing.; Incrementality (iROAS) provides a more accurate measure of media impact than standard ROAS.; AllyAI delivers measurable gains in sales, compliance, traffic, and conversion within 60 days.; The four AI Agents work together to drive sales, share, and margin across retailers.; CommerceIQ differentiates through real-time optimization, context-aware automation, and closed-loop measurement.","AllyAI Content Agent case studies; CommerceIQ PIM compliance improvement metrics; iROAS vs ROAS explanation deck; 60 day Content Agent deployment plan; Media Agent incrementality optimization examples; Newell PIM compliance 100%; Pet category PDP optimization case study; Time to action under 1 minute PDP updates; Content Agent free retailer contract details; CommerceIQ attribution windows 3 14 30 day; Incremental Fraction example 95%; AllyAI Context Engine advantage; Four AI Agents sales share margin; Retail PDP automation 2000 SKUs 30000 hours; Shelf Agent included DSA contract details","RMM Second Call Deck – external deep dive focused only on retail media management features and pricing; Sales Agent Product Box – formal product definition and packaging for Sales Agent only; Content Agent One-Pager – high-level summary without detailed case studies and deployment plan; Standalone Case Study Library – customer-specific success stories without platform architecture or workflow detail","AllyAI; Content Agent; Media Agent; Shelf Agent; Sales Agent; Ask Ally; CommerceIQ Incrementality; AllyAI Context Engine","","Newell; Coke","4.57% unit conversion increase; 2.47% digital penetration increase; 4% net sales increase; 2.04% ASP increase; 168% sales increase; 54% traffic increase; 1,115 bps conversion increase; 90%+ PIM compliance; +10 pts PIM compliance in <2 weeks; 30,000 hours/year (15 FTEs); +55% ad sales growth; -12.8% CPC reduction; 95% Incremental Fraction; Incremental ROAS $2.14","PDP content scoring; Automated content gap identification; PIM compliance monitoring; Real-time content publishing; Incrementality-based bidding (iROAS); Organic SOV tracking; Attribution window customization; Workflow mapping and guardrails; Forward Deployed Engineer support; Prototype-to-production 60-day plan",,,"Active"
"Competition - Comparison Across Products","https://docs.google.com/presentation/d/1ANNJCUP8it3vnUY5-5WPnf-BHU9LUB01nPvjqfDfBe8/edit?usp=drivesdk","1ANNJCUP8it3vnUY5-5WPnf-BHU9LUB01nPvjqfDfBe8","battle-card","Enable sales and strategy teams to win competitive deals with clear positioning and counter-strategies.","This is the Competition - Comparison Across Products - a comprehensive competitive landscape and SWOT analysis document comparing retail media and ecommerce technology platforms across tech sophistication, service model (tech vs agency), strengths, weaknesses, win/loss accounts, and strategic positioning plays.","Use in competitive sales cycles, RFP responses, account planning sessions, win/loss reviews, and when preparing for head-to-head positioning against specific named competitors.","Sales team, sales leadership, revenue enablement, and competitive strategy stakeholders","Competitive landscape comparison across retail media and ecommerce platforms; Tech vs Agency classification (✔ Tech, ⵔ Professional Services); Core strengths and weaknesses by competitor; Win/loss accounts and examples; Strategic positioning guidance (What’s Our Play); SWOT analysis for key competitors (Pacvue, Skai); Cost positioning and pricing models; Integration capabilities (ERP, supply chain, DSM, paid social); Level of tech sophistication and modeling capability","Pacvue pricing: ~3% of working spend (self-serve) plus minor platform fee; Pacvue strengths: simple UX, Excel exportability, Amazon 3P advertising, AOR partnerships; Pacvue weaknesses: limited ML/modeling, limited DSP, point solution reliance on Profitero; Skai strength: integrations beyond retail (e.g., paid social); Skai weakness: limited native activation, reliant on partners; Stackline: slick UX and consultative storytelling; concerns on data accuracy and limited tech integration; Teikametrics: self-serve UI, strong support, 3P focus; Helium 10: very low cost, Amazon & SMB centric, limited capability; ChannelAdvisor: 3P/marketplace infrastructure focus; Tinuiti: human retail media experts; weaker tech, reporting, omni-insights, DSA; Data Impact under Nielsen umbrella; Opportunities: integration of inventory on hand, PO data, Dropship; Expansion into DSM tools (e.g., scraped coupons for ad optimization); Threat: market shift toward integrated, market-share-aware advertising platforms; Named accounts: Sleep Innovation, Oil-Dri, Clorox, Canidae, Central Pet, Dimetyd","Many competitors are either low-cost point solutions or agency-heavy models with weaker tech depth.; Advanced data integration and omnichannel activation are key battlegrounds.; Cost advantage (e.g., 3% of spend) is common, but sophistication in modeling and DSP is limited among several players.; Winning strategy often requires positioning on full-platform value rather than feature-by-feature comparisons.; Future differentiation will hinge on deeper ERP, supply chain, and market-share-aware integrations.","CommerceIQ vs us comparison; Pacvue strengths and weaknesses; Skai SWOT analysis retail media; Teikametrics vs our platform; Stackline competitive analysis; Helium 10 limitations enterprise; ChannelAdvisor vs RMM; Tinuiti retail media capabilities; Retail media competitor landscape; What’s our play vs Pacvue; Retail media tech vs agency competitors; 3% of working spend platform; Which competitors lack DSP capability; Win loss vs Clorox or Canidae; Retail media market share aware advertising threat","RMM First Call Deck – high-level product overview for prospects; RMM Second Call Deck – detailed feature and ROI presentation; Pricing Calculator – commercial modeling tool; Case Study Library – customer success stories and metrics only","CommerceIQ; Stackline; Edge; Pacvue; Profitero; Skai; Teikametrics; Jungle Scout; Tinuiti; Beekeeper; Data Impact; Helium 10; ChannelAdvisor","CommerceIQ; Stackline; Edge; Pacvue; Profitero; Skai; Teikametrics; Jungle Scout; Tinuiti; Beekeeper; Data Impact; Helium 10; ChannelAdvisor","Sleep Innovation; Oil-Dri; Clorox; Canidae; Central Pet; Dimetyd","Pacvue ~3% of working spend (self-serve); Minor platform fee (Pacvue); Limited share of voice in keyword count; Integration expansion to PO data and Dropship","Amazon 3P advertising; DSP capability; Data integrations beyond retail (paid social); ERP integrations; Inventory on hand tracking; PO data integration; Dropship data integration; DSM tool integration (scraped coupons); Excel exportable UX; Modeling / machine learning optimization",,,"Work In Progress"
"Britax Account Summary Slide.pdf","https://drive.google.com/file/d/1UrSYThv-P1-a1xXT6CcKpA5HLuagxi3V/view?usp=drivesdk","1UrSYThv-P1-a1xXT6CcKpA5HLuagxi3V","training-deck","Summarize Britax account performance, risks, ROI, and expansion strategy.","This is the Britax Account Summary Slide.pdf - a comprehensive QBR/EBR-style account review and expansion planning deck summarizing Britax’s 2025 performance with CommerceIQ, product adoption (Co-Pilot + MS, PRA, ESM), ROI metrics ($158K recovered, 7.9x ROI, $1.07B sales tracked), account health risks (red status, low engagement, single-threaded relationship), and 2026 expansion strategy including Agents pitch and international growth.","Use for Britax QBR/EBR prep, renewal discussions, account health reviews, internal strategy calls, expansion planning (Agents/ESM), and executive briefings on Britax.","Account Managers, Customer Success Managers, Sales Directors, and Revenue Leadership preparing for Britax account reviews and expansion planning","2025 Year-to-Date Performance Recap; PRA Profit Recovery Results; Market Share & Category Trends; Product Adoption & Feature Utilization; Account Health & Risk Assessment; Relationship Mapping (Nancy, Carrie, Mallorie); ESM Automation Activation Status; Expansion Path (Agents, Canada, EU); Competitive Landscape (Graco); Pricing & Contract Overview (ACV vs sheet)","$158,572 PRA recovery in FY25; 7.9x return on PRA investment; $1.07B sales tracked via Market Share; -8.45% YoY car seats category decline; -18% YoY strollers category decline; Lost Buy Box revenue up 23% YoY; ASPs increased 17.6%; Only 3 active users (Carrie, Mallorie, Nancy occasional); Feature usage: Market Share 55%, Exports 20%, Business Overview 20%; ESM automation value: $0; ACV $110K vs $150K pricing sheet benchmark; ESM churned 2024; restored 1/1/2026 via Copilot bundle (+10%); No 2025 EBRs conducted; Planned 1/16/26 Agents pitch to Nancy; Target expansion to Canada and EU (pending US ROI)","Strong ROI from PRA ($158K recovered, 7.9x ROI) but limited overall product adoption.; Account is red due to low engagement, single-threaded relationship, and inactive ESM automations.; Significant expansion opportunity via Agents, automation activation, user enablement, and geographic growth.; Competitive pressure (Graco) and category decline create urgency narrative for CIQ value.","Britax account summary; Britax QBR deck; Britax 2025 ROI; Britax PRA recovery amount; Britax ESM activation status; Britax account health red; Britax Lost Buy Box 23% YoY; Britax vs Graco market share; Britax $1.07B sales tracked; Britax Agents pitch 1/16/26; Britax Canada expansion plan; Britax Copilot ACV $110k; Britax automation value $0; Britax user adoption details; Britax ESM churn 2024 restored 2026","Co-Pilot Product Box – generic product definition and positioning, not account-specific.; Sales Agent Product Box – describes AI Sales Agent capabilities, not Britax performance.; PRA Case Study – would focus only on recovery outcomes without full account risk context.; Market Share Datasheet – explains feature capabilities but not Britax-specific metrics.","Co-Pilot; MS (Market Share); PRA (Profit Recovery Automation); ESM; Ally TM1; Sales Agent; Guru Agent","Graco","Britax","$158,572 FY25 PRA recovery; 7.9x ROI on PRA; $1.07B sales tracked; -8.45% YoY car seats; -18% YoY strollers; 23% YoY increase in Lost Buy Box revenue; 17.6% ASP increase; 55% Market Share feature usage; ACV $110K vs $150K benchmark","Business Overview Dashboard; Market Share (value and unit share, SKU-level data); Recommendations; Exports; PRA automated shortage claims; Chargeback dispute automation; Content automations; Variation automations; Report v2; Ally integration",,"FY2025 performance; references Jan 1, 2026 recontracting and Jan 16, 2026 expansion pitch","Work In Progress"
"chargeguard by Carbon6 Competitive Overview","https://docs.google.com/document/d/1IRVGj4pNK_gKw2G495ocxfz45DR9oh6h6CagWeZ4hZg/edit?usp=drivesdk","1IRVGj4pNK_gKw2G495ocxfz45DR9oh6h6CagWeZ4hZg","battle-card","Equip sales teams with competitive positioning against ChargeGuard by Carbon6.","This is the chargeguard by Carbon6 Competitive Overview - a sales battle card–style competitive analysis detailing how CommerceIQ positions against ChargeGuard (by Carbon6), including winning and losing areas, product and feature comparisons, FUD strategy, target audience breakdown, and side-by-side differentiation across Amazon vendor services, cost recovery, and broader eCommerce growth capabilities.","Use during competitive Amazon-focused deals where ChargeGuard or Carbon6 is mentioned, particularly when prospects are evaluating fee recovery or Vendor Central optimization vendors.","CommerceIQ sales representatives, account executives, sales engineers, and revenue enablement teams involved in competitive Amazon vendor deals.","ChargeGuard product and solution overview; Amazon 1P and 3P target audience; Profit recovery and fee dispute capabilities; CommerceIQ vs ChargeGuard similarities; CommerceIQ vs ChargeGuard differences; Winning and losing areas; FUD strategy and competitive positioning; Scope of services comparison; Platform integration comparison; Competitive landscape in Amazon vendor services","ChargeGuard is part of Carbon6 following acquisition; Focus on Amazon Vendor Central fee management and recovery; FBA Reimbursements for 3P sellers; 1P Vendor Cost Recovery through fee disputes and corrections; AI-powered Operations & Insights; Inventory and Demand Planning with advanced forecasting; Data Management & Wholesale Sourcing; External Traffic and Amazon PPC management; Listing Management and Seller Central support; CommerceIQ offers retail media management; CommerceIQ provides digital shelf analytics; CommerceIQ includes market share analysis; ChargeGuard does not offer Co-op deductions; ChargeGuard dispute management is manual through specialists; CommerceIQ offers automated disputes and ticketing","ChargeGuard is a specialized Amazon fee recovery and vendor services provider.; CommerceIQ differentiates through a broader, integrated eCommerce growth platform beyond cost recovery.; CommerceIQ wins on automation, holistic integration, and growth capabilities, but may face objections around specialization and personal touch.","CommerceIQ vs ChargeGuard; ChargeGuard by Carbon6 competitive comparison; How to compete against ChargeGuard; ChargeGuard Amazon fee recovery overview; Carbon6 ChargeGuard Vendor Central services; CommerceIQ vs Amazon recovery vendors; ChargeGuard strengths and weaknesses; ChargeGuard FBA reimbursement capabilities; ChargeGuard 1P vendor cost recovery; CommerceIQ automated dispute vs manual recovery; ChargeGuard co-op deductions support; Amazon Vendor Central fee recovery competitors; ChargeGuard PPC and external traffic services; CommerceIQ holistic eCommerce platform vs specialized recovery; ChargeGuard competitive battle card","CommerceIQ Product Overview Deck – broader platform explanation without competitive framing; First Call Sales Deck – introductory presentation for discovery meetings; CommerceIQ Pricing Documentation – commercial terms and packaging details; Other Competitive Battle Cards (e.g., Pacvue, Flywheel) – focused on retail media competitors rather than fee recovery vendors","ChargeGuard; Carbon6; CommerceIQ","ChargeGuard by Carbon6","","High recovery rate (claimed by ChargeGuard, no specific percentage provided)","FBA Reimbursements; 1P Vendor Cost Recovery; AI-powered Operations & Insights; Inventory and Demand Planning; Data Management & Wholesale Sourcing; External Traffic Management; Amazon PPC Campaign Management; Listing Management; Seller Central Support; Automated Disputes and Ticketing (CommerceIQ); Co-op Deductions Support (CommerceIQ)",,,"Active"
"Tinuiti Competitive Battle Card (Updated Dec 23)","https://docs.google.com/presentation/d/11yIo8iI1X2V7s1qDuZki-__d1U9wmAk6wSpafIxiM6s/edit?usp=drivesdk","11yIo8iI1X2V7s1qDuZki-__d1U9wmAk6wSpafIxiM6s","battle-card","Equip sales teams to competitively position CommerceIQ against Tinuiti","This is the Tinuiti Competitive Battle Card (Updated Dec 23) – a sales enablement battle card that arms CommerceIQ teams with detailed competitive positioning, FUD questions, feature-by-feature comparisons, pricing intelligence, and differentiation messaging against Tinuiti’s retail media and agency offerings. It includes side-by-side comparisons across Share of Voice, Budget Optimization, Incrementality, Customization, Retail-Aware Advertising, and end-to-end eCommerce capabilities, along with suggested talk tracks and objection-handling prompts.","Use during competitive deals where Tinuiti is involved, for objection handling, pricing discussions, or when preparing FUD questions before a sales call.","CommerceIQ sales reps, account executives, solution consultants, and sales leadership involved in competitive deals against Tinuiti","Tinuiti company overview and where they play; Agency pricing model and fee structure; Share of Voice (SOV) optimization comparison; Budget optimization capabilities comparison; Incrementality (iROAS vs TACoS/manual testing); Retail-aware advertising and inventory integration; Customization and automation capabilities; FUD questions for live sales conversations; CommerceIQ differentiation pillars; Retail Media Management positioning","Tinuiti agency pricing 6–9% of ad spend; Large client example ~3.5% fee (Unilever-sized); Mid-market ~6% fee (Quip-sized); Small client ~12% fee (Sharktank-sized); 1–3% of OPS on commerce side; CommerceIQ tracks several thousand keywords driving >80% of sales; Tinuiti tracks 25–100 keywords scraped 1x/day; CommerceIQ weighted SOV and item-level SOV; AI-based Incrementality using iROAS; Tinuiti relies on TACoS and manual branded keyword testing; Inventory-aware optimization using on-hand and open PO data; Dynamic competitive mapping and elasticity; MobiusX (Amazon) and Skai (other channels) in Tinuiti stack; Budget optimization by day of week and mid-month changes; Prime Day budget over-indexing capabilities","CommerceIQ positions itself as tech-first, automated, and retail-aware versus Tinuiti’s agency-heavy model.; Incrementality (iROAS) and SOV automation are core competitive differentiators.; Tinuiti’s scale and human expertise are strengths, but data integration and automation depth are framed as gaps.; Pricing intelligence helps reps counter agency fee objections.","Tinuiti vs CommerceIQ comparison; How does CommerceIQ compare to Tinuiti?; Tinuiti pricing model 6-9%; Tinuiti incrementality capabilities; CommerceIQ iROAS vs TACoS; Tinuiti share of voice tracking limitations; MobiusX and Skai Tinuiti stack; Retail-aware advertising comparison; FUD questions against Tinuiti; CommerceIQ competitive battle card Tinuiti; Tinuiti weaknesses retail media; CommerceIQ automation vs agency model; Tinuiti keyword tracking 25-100; Budget optimization Prime Day comparison; Why brands choose CIQ vs Tinuiti","RMM Second Call Deck – detailed product walkthrough presentation; CommerceIQ Product Box – defines overall product positioning and packaging; Case Study Library – customer success proof points and metrics; General Retail Media Management One-Pager – high-level overview without competitive FUD","CommerceIQ; Retail Media Management (RMM); Digital Shelf Optimization; Profit Recovery; MobiusX; Skai","Tinuiti","Unilever; Quip","6–9% of ad spend agency fee; 3.5% large client example; 6% mid-size client example; 12% small client example; 1–3% of OPS commerce fee; >80% of sales driven by tracked keywords; 25–100 keywords tracked by Tinuiti; 1x/day keyword scraping; iROAS (Incremental Return on Ad Spend)","AI-based Incrementality (iROAS); Weighted Share of Voice (SOV); Item-level SOV tracking; Budget pacing with mid-month adjustments; Day-of-week budget optimization; Event-based budget over-indexing; Inventory and Profit-Aware Advertising; Dynamic competitive mapping and elasticity; In-platform custom strategy builder; Transparency Dashboard",,"Updated Dec 23","Active"
"Why DSO is Different","https://docs.google.com/presentation/d/1D44RGvRsk20aLcbuTO2RvFyn3Pqa1L69SG9yfqxFDAw/edit?usp=drivesdk",,"second-call-deck","Differentiate CommerceIQ’s DSO and prove quantified impact of AllyAI agents","This is the Why DSO is Different deck – a comprehensive sales enablement presentation explaining CommerceIQ’s Differentiated Services Offering (DSO) and its four AllyAI agents (Content, Media, Sales, Shelf), including case studies, quantified outcomes, a 60-day deployment plan, incrementality methodology (iROAS), PIM compliance automation, and real-world performance metrics across retailers like Amazon, Walmart, and Target.","Use during second-call or deep-dive meetings when a prospect asks for proof of impact, differentiation vs traditional tools, deployment details, incrementality methodology, or real performance metrics.","Sales executives, account executives, solutions consultants, and customer-facing teams positioning CommerceIQ’s DSO in second-call or deep-dive prospect meetings.","Differentiated Services Offering (DSO) overview; Four AllyAI Agents: Content, Media, Sales, Shelf; PDP content automation and PIM compliance; Incrementality and iROAS optimization; Case studies with quantified sales and conversion impact; 60-Day Content Agent deployment plan; Retailer integrations (Amazon, Walmart, Target); Operational workflow mapping and change management; Attribution models and incrementality fraction; 2026 platform upgrades and AllyAI Context Engine","2,000 active SKUs requiring 30,000 hours per year (15 FTEs); 6 updates per SKU per year at 30 minutes per update; +10 pts PIM compliance in less than 2 weeks; 90%+ PIM compliance across retailers; <1 minute time-to-action vs 35-minute industry average; 168% increase in sales from content optimization case; 54% traffic increase and 1115 bps conversion lift; 4.57% unit conversion increase and 4% net sales lift; 2.47% digital penetration increase despite 2.04% ASP increase; +55% ad sales growth and -12.8% CPC reduction; Incremental ROAS example: $2.14 with 95% incrementality fraction; Attribution windows: 3-, 14-, 30-day click; 28-day impression; 60-day plan: Day 1 kickoff to Day 60 deployment; Content Agent free for 1 retailer, 1 brand, 1 market; Newell achieved 100% PIM compliance in 60 days","Manual PDP and media optimization at scale is operationally impossible without AI agents.; CommerceIQ differentiates through incrementality-based optimization (iROAS), not just ROAS.; Content Agent delivers measurable compliance and sales impact within weeks.; DSO includes structured deployment, FDE support, and defined workflow integration.; The AllyAI multi-agent system drives sales, share, and margin simultaneously.","Why is DSO different CommerceIQ; AllyAI Content Agent case studies; CommerceIQ incrementality vs ROAS explanation; iROAS methodology deck; PIM compliance automation results; 60-day Content Agent deployment plan; CommerceIQ Media Agent performance metrics; 168% sales lift content optimization case; Newell 100% PIM compliance CommerceIQ; Content Agent free retailer offer details; AllyAI Context Engine overview; CommerceIQ attribution windows explanation; Incrementality fraction definition; DSO four AI agents overview; CommerceIQ second call deep dive deck","Product Box – which defines product packaging, positioning, and pricing in a static format; First Call Deck – high-level introductory overview; Standalone Case Study One-Pager – single customer success story; Training Deck – internal enablement material for teams","AllyAI; Content Agent; Media Agent; Sales Agent; Shelf Agent; AllyAI Context Engine; Copilot","","Newell; Nestlé (mentioned in media results context); Unilever (implied in brand results set); P&G (implied in performance examples)","168% increase in sales; 54% increase in traffic; 1115 bps increase in conversion rate; 4.57% unit conversion increase; 2.47% digital penetration increase; 4% net sales increase; 2.04% ASP increase; +10 pts PIM compliance in <2 weeks; 90%+ PIM compliance; <1 minute time to action; +55% ad sales growth; -12.8% CPC reduction; Incremental ROAS: $2.14; Incrementality Fraction: 95%","PDP Content Compliance and Optimization; Incrementality Optimization (iROAS); Shelf Diagnostics; Budget Pacing; Workflow Mapping; Forward Deployed Engineer support; Real-time optimizations; Attribution window customization; Prototype-to-production 60-day plan; Context-aware content scoring",,,"Active"
"Account Summary Slide - KC Canada.pdf","https://drive.google.com/file/d/1pdmxXjyjQPWEt6jNYQwSDGnQfzBQaavP/view?usp=drivesdk","1pdmxXjyjQPWEt6jNYQwSDGnQfzBQaavP","enablement-guide","Provide a consolidated internal account health and value summary for K-C Canada.","This is the Account Summary Slide - KC Canada.pdf - a comprehensive account health and value recap slide deck summarizing CommerceIQ’s performance, adoption, contracted products, ROI metrics, risks, and growth strategy for the K-C Canada (Kimberly-Clark Canada) account. It includes detailed YTD value delivery ($2M–$6.2M cited across sections), 14x–23x ROI, $1.5M in Profit Recovery impact, $450K in revenue leakage prevention, adoption scores (1.67 Red), delivery and operations health (Green 10), executive relationship mapping, competitive context vs Stackline and Pacvue, and 2026 strategic repositioning priorities.","Use during QBR/EBR prep, renewal planning, executive reviews, account risk assessments, forecast calls, and when aligning on expansion strategy or adoption remediation plans.","Account Executives, Customer Success Managers, Sales Leadership, Revenue Operations, and Executive Sponsors preparing for business reviews or renewal strategy discussions.","Overall Account Health Scoring (Overall, Operations, Adoption, Delivery, Strategy); YTD Value Delivery & ROI Metrics; Profit Recovery Automations (PRA) Impact; Revenue Leakage Prevention Automations; Adoption Metrics & User Engagement; Contracted Products & Pricing (ACV vs List); Executive Relationship Mapping; Competitive Landscape (Stackline, Pacvue); Account Risks & Expansion Opportunities; 2026 Strategic Repositioning Plan","$6.2M total value delivered YTD; 23x ROI (also cited 14x ROI in recap section); $1.5M Profit Recovery impact in 2025; $450K Revenue Leakage Prevention value; 5,450+ hours of manual intervention offloaded; OPS up 15.3% YoY; Variation ticket success rate at 8%; 5 active users (below Green benchmark); Adoption score: 1.67 (Red); Delivery & Operations score: 10 (Green); $148K ARR Co-Pilot Core (vs $165K list); Ally AI Teammate 1 live as of December 1; OOS and 3P automations active; Stackline retained for market share reporting; Competitor evaluated: Pacvue","K-C Canada delivers strong ROI and financial value but suffers from low adoption depth.; Profit Recovery and automation are the primary value drivers, not reporting or analytics.; Stackline’s role in reporting constrains CIQ’s expansion and strategic positioning.; Biggest growth lever is repositioning CIQ as a prioritization and decision-guidance platform in 2026.; Executive engagement is strong, but workflow integration and feature utilization lag.","K-C Canada account summary; KC Canada ROI 2025; CommerceIQ value delivered KC Canada; KC Canada adoption score; KC Canada PRA impact; Revenue leakage prevention KC Canada; Ally AI Teammate 1 deployment status; KC Canada Co-Pilot ARR; Stackline risk KC Canada; Pacvue evaluation KC Canada; Variation 3.0 success rate; KC Canada executive sponsor; KC Canada expansion opportunities; KC Canada EBR value recap; KC Canada automation impact","Sales Agent Product Box – defines Sales Agent packaging and positioning, not account performance.; RMM Second Call Deck – customer-facing product pitch, not internal health summary.; Case Study – external marketing asset highlighting customer success, not internal risk/adoption analysis.; Pricing Calculator – tool for ARR modeling, not account recap.","CommerceIQ (CIQ); Co-Pilot Core; ESM; PRA (Profit Recovery Automations); Ally AI Teammate 1; Sales Agent; Content Agent","Stackline; Pacvue; Edge","K-C Canada; Kimberly-Clark Canada; Delta","$6.2M total value delivered YTD; $2M YTD value (recap slide); 23x ROI; 14x ROI; $1.5M Profit Recovery impact; $450K Revenue Leakage Prevention; 5,450+ hours saved; 15.3% OPS YoY growth; Adoption score 1.67 (Red); Delivery score 10 (Green)","Profit Recovery Automations; Revenue Leakage Prevention; Unavailable SKU Correction; 3P Variant Removal; Business Overview Dashboard; Custom Reports; SKU Detail Pages; Ally AI Teammate 1; Variation 3.0; OOS Automation",,,"Active"
"Dimetyd Battle Card (Updated Dec 23)","https://docs.google.com/presentation/d/1HrSDLMR717Y25Bir8aqUf6xq7o5PvCL2SAahBm9rpsA/edit?usp=drivesdk","1HrSDLMR717Y25Bir8aqUf6xq7o5PvCL2SAahBm9rpsA","battle-card","Equip sales teams to win competitive deals against Dimetyd in Profit Recovery Automation opportunities.","This is the Dimetyd Battle Card (Updated Dec 23) - a competitive sales enablement battle card outlining how CommerceIQ’s Profit Recovery Automation (PRA) compares against the Dimetyd Platform across chargebacks, shortages, co-op disputes, price variance, automation, reporting, pricing, and positioning, including FUD questions, win/loss analysis, and competitive differentiation.","Use during competitive sales cycles involving Dimetyd, renewal defenses, objection handling on automation or pricing, and when preparing for head-to-head comparisons in Profit Recovery deals.","CommerceIQ sales representatives, account executives, sales engineers, and revenue leaders involved in competitive Profit Recovery deals.","Competitive overview of Dimetyd Platform; Chargebacks comparison; Quantity shortages automation comparison; Co-op disputes and historical recovery; Price variance analysis; Automation depth and reporting customization; Pricing models and tiers; FUD questions and objection handling; Why they win / why they lose analysis; Company background and known clients","Dimetyd pricing: 30% of recovery for historical lookback; Tier 1: historical only; Tier 2: historical + quarterly; Tier 3: + ongoing disputes and chargebacks; Option for fixed monthly fee (deals lost due to this model); CommerceIQ automated 30-60-90 day dispute cadence; Dimetyd historical lookback up to 36 months; Claimed 90% success rate on identified opportunities; 25% reduction in deductions within first year (CommerceIQ claim); Automation of Rejected PO Rate, PO On Time, ASIN accuracy chargebacks; SKU-level price variance analysis (AVC, PO cost, Invoice cost, Amazon paid cost); Shortage dashboard with top offender analysis by SKU, FC, Carrier; Founded 2021; CEO Rohan Thambrahalli; Acquired by Three Colts; Geography: 6 countries; Known clients: Colgate, EltaMD, Puma, Schwinn, Honest Company; Former client now with CIQ: Positec; Free audits in 5 days and no upfront/setup costs (Dimetyd positioning)","CommerceIQ differentiates on full automation, prevention, and customizable reporting.; Dimetyd competes heavily on historical lookback (up to 3 years) and free audits.; Pricing structure and % of recovery model can be positioned as expensive or misaligned.; FUD-based questioning is central to displacing Dimetyd in active deals.; CommerceIQ emphasizes proactive prevention, not just reactive recovery.","Dimetyd vs CommerceIQ comparison; Profit Recovery Automation vs Dimetyd; Dimetyd battle card; Dimetyd pricing 30% recovery; Dimetyd 3 year historical lookback; How to compete against Dimetyd; Dimetyd automation vs CommerceIQ; Dimetyd chargebacks comparison; Dimetyd co-op dispute capabilities; Dimetyd shortages automation; Dimetyd free audit 5 days; Dimetyd clients Colgate Puma; CommerceIQ PRA competitive positioning; Dimetyd FinOps positioning; Dimetyd partial automation human support","PRA First Call Deck – high-level overview of Profit Recovery Automation; PRA Second Call Deck – detailed product walkthrough and demo narrative; Profit Recovery One-Pager – marketing summary of capabilities; Generic Competitive Overview Deck – multi-competitor landscape comparison","CommerceIQ Profit Recovery Automation (PRA); Dimetyd Platform – Profit Recovery","Dimetyd","Colgate; EltaMD; Puma; Schwinn; Honest Company; Positec","30% of recovery pricing model; 90% success rate on identified opportunities (claimed); 25% reduction in deductions within first year; 30-60-90 day automated dispute cadence; 36-month historical lookback; Free audit results in 5 days","Automated dispute process; 30-60-90 day automated disputes; Chargeback dashboard by category; Shortage dashboard control center; Top offender analysis by SKU/Fulfillment Center/Carrier; SKU-level price variance analysis; Co-op invalid deduction identification; Custom reporting dashboard; Transparency dashboard; Root cause identification and prevention insights",,"December 2023","Active"
"Account Summary Slide - ABI.pdf","https://drive.google.com/file/d/1XvpvrN7_kADqYFe47ylnJR3F-om2TU1V/view?usp=drivesdk","1XvpvrN7_kADqYFe47ylnJR3F-om2TU1V","enablement-guide","Internal ABI account health, performance, and expansion planning summary","This is the Account Summary Slide - ABI.pdf - an internal account review and executive business review (EBR) summary deck outlining CommerceIQ’s Digital Shelf Analytics (DSA) engagement with AB InBev (ABI) across the US and Canada, including performance metrics (19% content score increase, 8% search score increase), custom scorecard delivery (8 retailer-specific scorecards), eCommerce reporting cadence, account risks, stakeholder mapping, renewal status (2-year renewal), and expansion opportunities into Content Agent and Retail Media Management (RMM).","Use for ABI EBR/QBR preparation, renewal strategy, risk review meetings, expansion planning (Content Agent/RMM), competitive defense against Profitero, or executive stakeholder mapping.","Account Executives, Customer Success Managers, Sales Leadership, and Executive Sponsors managing the AB InBev account","2025 performance highlights (Content & Search improvements); Custom retailer scorecards (monthly & quarterly delivery); Digital Shelf metrics integration & Canada eCommerce reporting; Account risks (banners, search terms, scraping limitations); Salsify/PIM connectivity challenges; Stakeholder mapping & executive sponsorship; Renewal status (2-year renewal); Expansion opportunities (Content Agent, Media Agent, RMM); Competitive threat from Profitero; Organizational changes in US & Canada teams","19% increase in Content Scores (Jan–Dec 2025); 8% increase in Search Scores (Jan–Dec 2025); 7–8 individual retailer-specific custom search scorecards; Monthly eCommerce insights and reporting for Canada; 2-year renewal (historically 1-year contracts); DSA contracted across 2 markets (US & Canada); Ally™ 1 live across DSA; Profitero used by ABI’s global agency for RMM; Banner capture issues due to scraping timing and login restrictions; Cannot capture checkout-page marketplace banners; Salsify connectivity issues (US PIM matching; Canada PIM selection delay); Small teams: US (4 people), Canada (2 people, recent turnover); Canada lead departure; US lead limited EBR engagement; Planhat account plan link included; Content Agent and Agentic AI/AEO positioned as differentiators","CommerceIQ delivered measurable Digital Shelf improvements for ABI in 2025.; The account is stable but carries operational and competitive risks.; There is strong expansion potential into Content Agent and RMM.; Executive engagement and stakeholder alignment are critical for 2026 growth.; Profitero represents a direct competitive threat to DSA and RMM expansion.","ABI account summary CommerceIQ; AB InBev DSA performance results 2025; ABI content score increase 19%; ABI search score increase 8%; ABI custom search scorecards; ABI banner scraping issues US; ABI Salsify connectivity problems; ABI 2-year renewal CommerceIQ; ABI RMM expansion discussion; Profitero vs CommerceIQ ABI; Jessica Menis Digital Shelf ABI; Canada eCommerce reporting ABI CIQ; ABI EBR prep deck; Ally 1 status ABI; Content Agent opportunity ABI","DSA Product Deck – explains Digital Shelf Analytics features and capabilities, not account-specific performance; RMM Second Call Deck – detailed Retail Media Management pitch deck with pricing and case studies; Content Agent Product Box – defines the Content Agent product positioning and packaging; External ABI Case Study – customer-facing marketing asset (this is internal only)","Digital Shelf Analytics (DSA); Retail Media Management (RMM); Content Agent; Media Agent; Ally™ 1","Profitero","AB InBev (ABI)","19% increase in Content Scores (Jan–Dec 2025); 8% increase in Search Scores (Jan–Dec 2025); 7–8 custom retailer-specific scorecards; Monthly eCommerce reporting cadence; 2-year contract renewal","Custom search scorecards; Digital Shelf metrics integration; Share of shelf vs market share tracking; Banner capture monitoring; Salsify PIM connectivity; Content maintenance metrics; Search term tracking; Agentic AI / AEO capabilities",,,"Active"
"Henkel: Winning the next wave of search: How generative AI is reshaping retail","https://docs.google.com/document/d/1yUxycedNputTb3wHDuQF25sRt4FxqN1WG-nQe0TOKnE/edit?usp=drivesdk","1yUxycedNputTb3wHDuQF25sRt4FxqN1WG-nQe0TOKnE","second-call-deck","Position CommerceIQ as Henkel’s strategic partner for winning in generative AI-driven retail search.","This is the Henkel: Winning the Next Wave of Search – How Generative AI is Reshaping Retail – a strategic sales enablement deck explaining how generative AI and agentic search (GEO) are transforming the shopper journey and what Henkel must do across content, reviews, retail media, and digital shelf to win in AI-driven retail environments. The document outlines the shift from traditional SEO to GEO (Generative Engine Optimization), details retailer AI strategies (Amazon Rufus vs open LLM ecosystems), and positions CommerceIQ’s Digital Shelf Optimization (DSO), Retail Media Management (RMM), AllyAI Media Teammate, and AI Outcomes Manager as the integrated solution to drive AI visibility, incrementality, and ROAS in this new paradigm.","Use during second-call or strategic transformation discussions about generative AI, GEO readiness, AI search optimization, or retail media evolution.","CommerceIQ sales teams, enterprise CPG stakeholders (Henkel), digital commerce leaders, retail media and ecommerce strategy teams","Shift from traditional SEO to Generative Engine Optimization (GEO); New agentic shopper journey (Need > Ask > Answer > Purchase); Retailer AI ecosystem divergence (Amazon Rufus vs OpenAI/Shopify); 9 GEO-focused principles for brands; Digital Shelf Optimization (DSO) for AI readiness; Retail Media Management (RMM) integration with AI discovery; AllyAI Media Teammate and real-time iROAS optimization; Reviews and sentiment as AI authority signals; Schema markup and structured data requirements; Blending of paid and organic placements in AI search","Adobe statistic: 4700% rise in generative AI-powered shopping without traditional retail site traffic; Example brand: Persil Non Bio laundry detergent; Old journey: Need > Awareness > Search query > Browse > Compare > Purchase; New journey: Need > Ask > Answer > Purchase; LLMs show only a handful of recommended products; AllyAI makes thousands of bid and budget decisions daily; AllyAI analyzes 50+ data signals across digital shelf, traffic, inventory, competition; Amazon Rufus described as proprietary, closed-loop LLM; Shopify/OpenAI ecosystem described as open endpoint leveraging social/trending data; DSO integrates directly with PIM systems for attribute validation; Structured schema examples: sulfate-free, moisturizing, suitable for daily use; Conversational query example: “Which styling gel will hold my curls without making them crunchy”; Reviews ingested in near real time, affecting recommendation visibility; CommerceIQ automates review response workflows; Unified paid, organic, and GEO media performance measurement","AI-driven search removes manual browsing and limits visibility to a few recommended products.; Structured data, rich PDP attributes, and strong reviews are critical for AI discoverability.; Retailer AI strategies differ, requiring dual optimization for closed and open LLM ecosystems.; Paid and organic visibility are converging in generative environments.; CommerceIQ provides integrated DSO, RMM, and AllyAI capabilities to operationalize GEO success.","Henkel generative AI retail strategy deck; Winning the next wave of search Henkel presentation; What is GEO Generative Engine Optimization?; Amazon Rufus optimization strategy for CPG brands; How to optimize PDPs for AI search; CommerceIQ GEO principles; How reviews impact AI product recommendations; Agentic search shopper journey explanation; AllyAI iROAS optimization details; DSO for AI ingestion and schema markup; Retail media and AI search convergence; Closed vs open LLM retail ecosystems; Persil Non Bio AI search example; 4700% generative AI shopping Adobe statistic","RMM Product Deck – focuses only on retail media execution and advertising features; DSO Datasheet – provides feature-level details of Digital Shelf Optimization only; GEO One-Pager – high-level summary without strategic transformation narrative; AllyAI Product Box – detailed product definition and pricing for AllyAI specifically","CommerceIQ Digital Shelf Optimization (DSO); Retail Media Management (RMM); AllyAI Media Teammate; AI Outcomes Manager; Amazon Rufus","OpenAI; Shopify","Henkel; Persil","4700% increase in generative AI-powered shopping (Adobe); 50+ data signals analyzed by AllyAI; Thousands of bid and budget decisions daily","PIM integration for attribute validation; Schema markup and metadata optimization; Conversational SEO content optimization; Review monitoring and automated response workflows; Competitive benchmarking for ratings and sentiment; Real-time iROAS optimization; Unified paid and organic performance visibility",,,"Active"
"RMM First Call Deck ","https://docs.google.com/presentation/d/1Y_Rpyro9KsB0Av8fuoIMDearwUaFOz9FFYbz-8vbg-I/edit?usp=drivesdk",,"first-call-deck","Introduce AllyAI RMM platform and generate interest in deeper sales engagement","This is the RMM First Call Deck - a comprehensive introductory sales presentation that showcases CommerceIQ’s AllyAI-powered Retail Media Management (RMM) platform, including Content Agent, Media Agent, Sales Agent, and Shelf Agent. It covers PDP content automation, PIM compliance, incrementality-based media optimization (iROAS), case studies with quantified results (e.g., +4% net sales, +168% sales lift, +55% ad sales growth), a 60-day deployment plan, and an overview of how AI agents drive sales, share, and margin across Amazon, Walmart, and Target.","Use during first prospect calls, executive overviews, initial discovery meetings, or when introducing AllyAI agents and RMM capabilities.","Sales executives, account executives, solutions consultants, and retail brand prospects evaluating CommerceIQ’s AllyAI platform","AllyAI Retail Media Management overview; Content Agent (PDP optimization and PIM compliance); Media Agent (incrementality and iROAS optimization); Sales Agent (Ask Ally); Shelf Agent and Shelf Score attainment; 60-Day deployment and engagement plan; Case studies and quantified business outcomes; Incrementality vs ROAS methodology; Retailer-specific optimization insights; Platform roadmap and 2026 focus","2,000 active SKUs requiring 30,000 hours/year (15 FTEs); 6 updates per SKU per year at 30 minutes per update; +10 points PIM compliance in less than 2 weeks; 90%+ PIM compliance across retailers; <1 minute time to action vs 35-minute industry average; 4.57% increase in unit conversion; 2.47% increase in digital penetration; 4% increase in net sales despite 2.04% ASP increase; 168% sales increase, 54% traffic increase, 1115 bps conversion lift; +55% ad sales growth across 10 brands; -12.8% CPC reduction; Incremental ROAS example: $2.14; Incrementality Fractions: 35%, 42%, 64%, 65%; Newell achieved 100% PIM compliance in 60 days; Free Content Agent for 1 retailer/brand/market for life of contract","Manual PDP and retail media workflows are too complex and labor-intensive to manage without AI automation.; AllyAI agents measurably improve compliance, conversion, traffic, and net sales across retailers.; Incrementality-based optimization (iROAS) provides more accurate performance insights than standard ROAS.; Deployment can occur within 60 days with structured FDE support and defined KPIs.","RMM First Call Deck; AllyAI overview presentation; CommerceIQ Content Agent overview; How does AllyAI improve PIM compliance?; Incrementality vs ROAS explanation deck; iROAS optimization example; 60-day Content Agent deployment plan; Retail media AI agents overview; Case studies for AllyAI; PDP optimization automation deck; Newell PIM compliance case study; Media Agent incrementality framework; Free Content Agent offer details; AllyAI Shelf Agent overview; Retail AI platform 2026 roadmap","RMM Second Call Deck – deeper technical, pricing, and implementation detail; Product Box – formal product definition and packaging document; Battle Card – competitive comparison vs specific vendors; Training Deck – internal enablement for using the agents","AllyAI; Content Agent; Media Agent; Sales Agent (Ask Ally); Shelf Agent; CommerceIQ Incrementality; Copilot","","Newell; Coke (Coca-Cola referenced in challenge example)","4.57% unit conversion increase; 2.47% digital penetration increase; 4% net sales increase; 168% sales increase; 54% traffic increase; 1115 bps conversion lift; +55% ad sales growth; -12.8% CPC reduction; Incremental ROAS: $2.14; +10 PIM compliance points in <2 weeks","PDP content scoring and gap identification; Automated title optimization; PIM compliance automation; Incrementality Fraction calculation; iROAS-based bid optimization; Budget pacing automation; Attribution model customization (3-, 14-, 30-day); 60-day deployment plan with FDE; AllyAI Context Engine; Real-time optimizations",,,"Active"
"SupplyPike Competitive Battle Card WIP (Updated Oct 2025)","https://docs.google.com/presentation/d/1MDn7_khrcZmWA84Vr_rP4H-pWsyWZJxcqpWDOBRaL1o/edit?usp=drivesdk","1MDn7_khrcZmWA84Vr_rP4H-pWsyWZJxcqpWDOBRaL1o","battle-card","Equip sales teams to win competitive deals against SupplyPike","This is the SupplyPike Competitive Battle Card WIP (Updated Oct 2025) - a competitive enablement battle card comparing CommerceIQ’s AI-powered Profit Recovery Automation against SupplyPike’s deduction management solution, outlining positioning, win/loss reasons, pricing comparisons, FUD questions, differentiators, and messaging for sales conversations.","When SupplyPike is mentioned in an RFP, competitive deal, pricing objection, or deduction automation evaluation—especially for Amazon or multi-retailer shortage claims","CommerceIQ Sales, Account Executives, Sales Engineers, and Revenue Leadership involved in competitive deals","SupplyPike company overview and background; Competitive positioning vs CommerceIQ; Win/loss analysis (Why we win / Why we lose); Product differentiation: Recovery vs Prevention; AI-powered automation and scale; Pricing comparison and ROAS claims; FUD questions for sales conversations; Unified Commerce Intelligence positioning; Retailer coverage and breadth comparison","SupplyPike founded in 2018; Acquired for $206M by SPS Commerce in August 2024; $25M Series B in 2022; Investors: Noro-Moseley Partners, Frontier Growth, Blumberg Capital; 400+ suppliers as customers; Lost RFPs: Hamilton Beach Brands Inc., TTI Floorcare; Flat-rate pricing, some quotes as low as $800/month; Stated ROAS of 25–38x; CommerceIQ reduces future deductions by up to 30%; 3x faster dispute resolution; 40% higher success rates; Coverage across 2,200+ brands; 1,450+ retailers including Amazon, Walmart, Target; 4-day data integration (SupplyPike claim); 100% automated shortage disputes with AI teammates","CommerceIQ differentiates on predictive prevention, not just reactive recovery.; Unified Commerce Intelligence connects profit recovery to retail media, inventory, and sales decisions.; SupplyPike competes on flat pricing, retailer specialization, and ease of use.; CommerceIQ claims superior automation (3x faster, 40% higher success rates, 30% deduction reduction).; Sales teams should shift conversations from recovery rates to long-term prevention and holistic ROI.","SupplyPike vs CommerceIQ; SupplyPike competitive battle card; CommerceIQ vs SupplyPike deduction management; SupplyPike pricing $800 per month; SupplyPike acquisition SPS Commerce 2024; How to position against SupplyPike; Profit Recovery Automation competitive positioning; 30% deduction prevention CommerceIQ; 3x faster dispute resolution CommerceIQ; SupplyPike flat fee model; Why we lose to SupplyPike; Hamilton Beach RFP loss SupplyPike; SupplyPike 25-38x ROAS claim; AI-powered shortage dispute automation; Unified Commerce Intelligence vs standalone PRA","Profit Recovery Automation Datasheet (feature-focused, not competitive); Unified Commerce Second Call Deck (broad platform presentation); RMM Competitive Battle Cards (retail media-specific competition); Pricing Calculator (ROI modeling tool, not positioning guide)","CommerceIQ Profit Recovery Automation; Unified Commerce Intelligence","SupplyPike; SPS Commerce","Hamilton Beach Brands Inc.; TTI Floorcare","3x faster dispute resolution; 40% higher success rates; 30% reduction in future deductions; 2,200+ brands; 1,450+ retailers; 400+ suppliers; $206M acquisition; $25M Series B; $800/month pricing; 25–38x ROAS","Predictive Prevention; AI-powered automation; AI teammates; End-to-end dispute lifecycle automation; Unified Commerce platform integration; Retail media and inventory planning connection; Automated shortage dispute handling; Carrier document automation (SupplyPike strength)",,"October 2025","Work In Progress"
"Pacvue Competitive Battle Card (Updated Sept 24)","https://docs.google.com/presentation/d/1VA967qiUDFUC69AXPFGOcQ0B85KBK5d3o5rb0W9BCAA/edit?usp=drivesdk",,"battle-card","Enable sales teams to win competitive deals against Pacvue with quantified differentiation.","This is the Pacvue Competitive Battle Card (Updated Sept 24) – a comprehensive sales enablement deck that positions CommerceIQ’s AllyAI platform and its four AI Agents (Content Agent, Media Agent, Sales Agent, Shelf Agent) against Pacvue and other retail media tools, highlighting differentiated capabilities in PDP content automation, PIM compliance, incrementality-based media optimization (iROAS), and end-to-end workflow deployment within 60 days, supported by detailed case studies, quantified business outcomes, and an implementation roadmap.","Use in competitive sales cycles when Pacvue or other retail media platforms are being evaluated; during second calls focused on differentiation, incrementality, or PDP automation; when prospects request proof of ROI, PIM compliance improvement, or deployment timelines.","Account Executives, Sales Engineers, Customer Success Managers, and Revenue Leaders involved in competitive retail media deals.","Competitive positioning vs Pacvue; AllyAI Content Agent capabilities; Incrementality-based Media Agent (iROAS); PIM compliance automation; 60-Day Content Agent engagement plan; SKU-level case studies and outcomes; Attribution models and measurement; Operational inefficiency of manual PDP updates; Four AI Agents framework (Content, Media, Sales, Shelf); Contract inclusions and promotional offers","2,000 active SKUs requiring 6 updates/year; 30 minutes per update = 30,000 hours annually (15 FTEs); +10 PIM compliance points in <2 weeks; 90%+ PIM compliance across retailers; <1 minute time to action vs 35-minute industry average; 168% increase in sales (case study); 54% increase in traffic; 1,115 bps increase in conversion rate; 4.57% unit conversion lift; 4% net sales increase despite 2.04% ASP increase; +55% ad sales growth across 10 brands; -12.8% CPC reduction; Incremental ROAS example: $2.14 with 95% Incremental Fraction; Attribution windows: 3-, 7-, 14-, 30-day click; 28-day impression; 60-day deployment timeline (Day 1–60 milestones); Content Agent free on 1 retailer/1 brand/1 market for life of contract","CommerceIQ differentiates from Pacvue through AI-driven content automation and incrementality optimization, not just media management.; Manual PDP management at scale is operationally unsustainable; AllyAI automates compliance and optimization in seconds.; iROAS and Incrementality Fraction provide more accurate portfolio decisions than traditional ROAS.; Proven case studies demonstrate measurable lifts in sales, traffic, conversion, and compliance within weeks.; Deployment is structured, fast (60 days), and supported by Forward Deployed Engineers.","Pacvue vs CommerceIQ; CommerceIQ competitive battle card Pacvue; How is AllyAI different from Pacvue?; iROAS vs ROAS explanation; Incrementality Fraction CommerceIQ; PIM compliance improvement case study; Content Agent 60 day deployment plan; AllyAI Media Agent results; CommerceIQ CPC reduction example; PDP content automation at scale; CommerceIQ case study 168% sales increase; Retail media incrementality optimization; Content Agent free retailer offer; AllyAI four agents overview; CommerceIQ attribution windows details","RMM First Call Deck – high-level introductory overview; Product Box documents – formal product definition and packaging details; Standalone Case Study Library – customer stories without competitive framing; Pricing Calculator – financial modeling and ROI estimation tool; Technical Implementation Guide – detailed integration documentation","AllyAI; Content Agent; Media Agent; Sales Agent; Shelf Agent; CommerceIQ Incrementality; Ask Ally; Copilot; DSA","Pacvue","Newell; Coke","+10 PIM compliance points in <2 weeks; 90%+ PIM compliance; 168% sales increase; 54% traffic increase; 1,115 bps conversion lift; 4.57% unit conversion increase; 4% net sales increase; -12.8% CPC reduction; +55% ad sales growth; 30,000 hours/year manual effort (15 FTEs)","PDP Content Compliance and Optimization; Incrementality Fraction; iROAS Optimization; Real-time budget pacing; Shelf Diagnostics; SEO & AEO optimization; Forward Deployed Engineer support; 60-Day Engagement Plan; Multi-retailer attribution modeling; Automated workflow mapping and guardrails",,"September 2024","Active"
"AI Goal Optimizer - Internal Training Deck V2","https://docs.google.com/presentation/d/1icEP_MRHspJzIOkHHXA9heemdaOEIAvaugt_F2SG-Yw/edit?usp=drivesdk","1icEP_MRHspJzIOkHHXA9heemdaOEIAvaugt_F2SG-Yw","training-deck","Train internal teams on how to position, explain, and defend the AI Goal Optimizer and its incrementality-based differentiation.","This is the AI Goal Optimizer - Internal Training Deck V2 - a comprehensive internal enablement presentation detailing CommerceIQ’s AllyAI-powered Goal Optimizer, covering incrementality-based bid and budget optimization, real-time neural network modeling with 50+ signals, campaign potential assessment (ASAS), 3D Bid Efficiency Frontiers, seasonality automation, custom KPI alignment (iROAS, SoV, RoAS), and quantified performance results across 10 brands including +55% ad sales growth, +75% efficiency gains, and -12.8% CPC reduction.","Use for internal onboarding, sales enablement, preparing for technical deep dives, explaining iROAS methodology, and articulating differentiation vs ROAS-only or MMM models.","Internal sales, solutions consultants, customer success managers, and product enablement teams","AllyAI-powered AI Goal Optimizer overview; Incrementality-based optimization (iROAS); Real-time bid and budget automation; Efficient Bid Frontier and diminishing returns modeling; ASAS – Campaign Potential Assessment System; Seasonality detection and custom budget constraints; Digital shelf + retail media data integration; Performance results across 10 brands (Q1 2025); Comparison vs traditional MMM and ROAS-only tools; Product walkthrough and UI capabilities","+55% ad sales growth across brands; +75% efficiency improvement; -12.8% CPC reduction; +41.83% iROAS surge (average tests); +58.62% ad sales amplification; -16.21% CPC reduction (averaged tests); +51.2% click growth; +39.98% ROAS uplift; Optimizes across thousands of keywords using 50+ signals; Integrates Amazon Marketing Stream hourly data; Integrates Walmart hourly CTR, clicks, impressions; Supports KPIs: iROAS, SoV, RoAS, total sales; Custom allocation example: 50% budget around BFCM; Pilgrim’s Pride testimonial (Aaron Conkey); Two-week delay comparison vs traditional MMM models","Incrementality (iROAS) is the core optimization metric, not just ROAS.; AllyAI dynamically reallocates budgets daily using real-time data and neural network models.; The optimizer prevents cannibalization and over-spending via efficient spend caps (ASAS).; Proven results show significant lifts in iROAS, ad sales, clicks, and cost efficiency.; CommerceIQ combines retail media + digital shelf signals for superior total sales impact.","AI Goal Optimizer internal training deck; AllyAI training V2; CommerceIQ incrementality model explanation; iROAS vs ROAS optimization training; ASAS Campaign Potential Assessment System; 3D Bid Efficiency Frontier explanation; AI daily budget reallocation model; Q1 2025 AllyAI results 10 brands; Pilgrim’s Pride CommerceIQ case study; Real-time incrementality vs MMM comparison; How does CommerceIQ use Amazon Marketing Stream?; Seasonality budget automation AI Goal; Custom KPI alignment iROAS SoV RoAS; Efficient bid frontier diminishing returns; CommerceIQ optimization flywheel","AI Goal Optimizer First Call Deck – high-level external overview; AI Goal Optimizer Second Call Deck – client-facing deep dive presentation; AI Goal Optimizer Product Box – product definition and packaging document; CommerceIQ Battle Cards – competitive one-pagers","AI Goal Optimizer; AllyAI; CommerceIQ Goal Optimizer","","Pilgrim’s Pride","+55% ad sales growth; +75% efficiency improvement; -12.8% CPC reduction; +41.83% iROAS lift; +58.62% ad sales growth (average tests); -16.21% CPC reduction (average tests); +51.2% clicks increase; +39.98% ROAS uplift","ASAS (Campaign Potential Assessment System); 3D Bid Efficiency Frontiers; Real-Time Optimization Flywheel; Custom KPI Alignment (iROAS, SoV, RoAS); Live Goal Tracker; Seasonality Detection; Custom Budget Constraints; Granular Product + Target Level Optimization; Efficient Bid Frontier; Neural Network Model with 50+ Signals","V2","2025-05-29","Active"
"Pacvue RMM Comparison","https://docs.google.com/presentation/d/1G1yJXrTDLm8YRpTIGeSPZ__c_9FNVDI0q6NpV-73FoE/edit?usp=drivesdk","1G1yJXrTDLm8YRpTIGeSPZ__c_9FNVDI0q6NpV-73FoE","battle-card","Equip sales teams to competitively position CommerceIQ RMM against Pacvue","This is the Pacvue RMM Comparison - a competitive battle card–style enablement document that compares CommerceIQ’s Retail Media Management (RMM) capabilities directly against Pacvue across core advertising competencies including share growth, dayparting, budget optimization, customization, retail-aware advertising, and Share of Voice measurement (DoubleClick methodology).","During competitive sales cycles against Pacvue, RFP responses, objection handling related to SOV accuracy, retail data integration, conquesting automation, or inventory-aware advertising","Sales representatives, sales engineers, and revenue leaders involved in competitive RMM deals against Pacvue","Share Growth Capability comparison; Dayparting strategy comparison; Budget Optimization capabilities; Customization and strategy flexibility; Retail-Aware Advertising differentiation; Inventory and Profit-Aware Advertising; Share of Voice (SOV) Optimization; DoubleClick SOV measurement methodology; AI-driven keyword harvesting; Supported platform parity (AMS, DSP, Walmart, Criteo, Citrus, Instacart)","Manual vs AI keyword classification (generic/branded/conquesting); Automatic competitive OOS conquesting flagging; Hourly bid adjustments to maximize late-day ROI; Budget optimization by day of week; Ability to over-index budget during Prime Day; In-platform custom strategy builder; Optimization against internal margin; Tracks several thousand keywords covering >80% of category sales; Limited several hundred keyword quota for Pacvue; Weighted SOV and item-level SOV tracking; Up to 24 scrapes per day for paid SOV measurement; Traffic-weighted keyword and search position modeling; Automatic AI-driven keyword harvesting; Integration of on-hand and open PO inventory data; Item-level competitive mapping and elasticity modeling","CommerceIQ differentiates through AI automation and retail-aware advertising integration.; CommerceIQ’s SOV measurement is more statistically robust and traffic-weighted than Pacvue’s visibility tracking.; Inventory, profit, and elasticity data are directly embedded into CommerceIQ’s ad optimization engine.; CommerceIQ enables more granular and event-driven budget optimization than Pacvue.; The DoubleClick methodology positions CommerceIQ as having industry-leading SOV accuracy.","CommerceIQ vs Pacvue comparison; Pacvue competitive battle card; CommerceIQ RMM vs Pacvue features; CommerceIQ Share of Voice vs Pacvue; DoubleClick SOV methodology; Retail-aware advertising comparison; Inventory-aware advertising CommerceIQ; CommerceIQ conquesting automation; Pacvue keyword tracking limitations; CommerceIQ Prime Day budget optimization; Weighted Share of Voice measurement; AI keyword harvesting CommerceIQ; CommerceIQ elasticity modeling; Pacvue inventory integration limitations; CommerceIQ competitive mapping capabilities","RMM Product Overview Deck – provides high-level feature explanation without competitive comparison; RMM Pricing Calculator – focuses on pricing tiers and ROI modeling; Customer Case Study Library – provides proof points and performance results rather than feature comparison; First Call Deck – introductory positioning deck without deep competitive detail","CommerceIQ; Pacvue; DoubleClick","Pacvue","",">80% of category sales covered by tracked keywords; Up to 24 scrapes per day for SOV measurement; Several thousand keywords tracked; Limited several hundred keyword quota (Pacvue)","AI Automation of keyword classification; Automatic competitive OOS conquesting flagging; Full market Share of Voice insights; Hourly bid adjustments; Budget optimization by day of week; Event-based budget over-indexing; In-platform custom strategy builder; Inventory and Profit-Aware Advertising; Item-level competitive mapping and elasticity; Weighted Share of Voice tracking; Automatic keyword harvesting",,,"Active"
"DRAFT CommerceIQ Media Agent - Product Box January 26 Internal","https://docs.google.com/document/d/1sHTaStv5-IrFjyIhcQkrRTBS77lfKGKt75UI1dI9vxM/edit?usp=drivesdk",,"product-box","Define and package the AllyAI Agent suite with quantified proof and deployment model for sales enablement.","This is the DRAFT CommerceIQ Media Agent - Product Box January 26 Internal - a comprehensive internal product box that defines CommerceIQ’s AllyAI-powered agent suite (Content Agent, Media Agent, Sales Agent, Shelf Agent), outlining product positioning, use cases, workflows, measurable outcomes, case studies, implementation roadmap (60-day engagement plan), incrementality framework (iROAS), and commercial packaging (free Content Agent on 1 retailer/brand/market for life of contract).","Use during second-call discussions, executive presentations, internal GTM alignment, or when explaining Content Agent, Media Agent, incrementality, or the 60-day deployment plan.","Sales leaders, Account Executives, Forward Deployed Engineers (FDEs), Customer Success Directors (CSDs), and Product Marketing teams","AllyAI Agent Suite Overview (Content, Media, Sales, Shelf); PDP Content Compliance and Optimization; Incrementality & iROAS Framework; Case Studies and Quantified Business Outcomes; 60-Day Content Agent Engagement Plan; Retailer Attribution Models; Workflow Mapping (People, Process, Tools); PIM Compliance Automation; Commercial Packaging & Contract Inclusions; Forward Deployed Engineer (FDE) Deployment Model","2,000 active SKUs requiring 6 updates per year; 30,000 hours annually (15 FTEs) spent on manual PDP updates; 30 minutes per update vs <1 minute time-to-action with Agent; +10 PIM compliance points in <2 weeks; 90%+ PIM compliance across retailers; 4.57% increase in unit conversion; 2.47% increase in digital penetration; 4% increase in net sales despite 2.04% ASP increase; 168% sales lift, 54% traffic lift, 1,115 bps conversion lift from title optimization; Newell achieves 100% PIM compliance in 60 days; +55% ad sales growth across 10 brands; +75% campaign performance improvement; -12.8% CPC reduction; Incremental ROAS example: $2.14 vs standard ROAS $7.8; Estimated incremental sales comparison: $13,000 vs $21,400","Manual PDP management at scale is operationally unsustainable without automation.; Content optimization directly drives measurable traffic, conversion, and sales lift.; Incrementality-based optimization (iROAS) prevents false confidence from inflated ROAS.; CommerceIQ provides a structured 60-day path from prototype to production deployment.; Content Agent is commercially bundled (free on 1 retailer/brand/market) within existing contracts.","CommerceIQ Media Agent product box January 26; AllyAI Content Agent PIM compliance results; 60 day Content Agent deployment plan; iROAS vs ROAS explanation CommerceIQ; Incrementality fraction example CommerceIQ; Newell PIM compliance case study; Pet category content optimization case study 168% sales lift; CommerceIQ CPC reduction results; How many hours to manage 2000 SKUs manually; Content Agent free retailer contract details; Forward Deployed Engineer AI agent deployment; CommerceIQ attribution windows 7 14 30 day; Organic SOV and incrementality phases; AllyAI agent suite overview; Shelf Agent and Sales Agent overview","Sales Agent Product Box (focused solely on Ask Ally and CARS metrics); First Call Deck (high-level overview without detailed metrics and workflows); Standalone Case Study Deck (customer stories only, no product architecture); RMM or Retail Media Management Deck (media execution without content and PIM focus)","AllyAI; Content Agent; Media Agent; Sales Agent; Shelf Agent; CommerceIQ Incrementality","","Newell; Purina; Tidy Cats; Coke","4.57% unit conversion increase; 2.47% digital penetration increase; 4% net sales increase; 2.04% ASP increase; 168% sales increase; 54% traffic increase; 1,115 bps conversion rate increase; +55% ad sales growth; +75% campaign performance improvement; -12.8% CPC reduction; 90%+ PIM compliance; +10 compliance points in <2 weeks; Incremental ROAS $2.14; ROAS $7.8 and $3.5 examples","PDP Content Compliance and Optimization; Incrementality Fraction Modeling; iROAS Optimization; Real-Time Optimizations; Workflow Mapping & Guardrails; Prototype-to-Production 60-Day Plan; Multi-Retailer Attribution Configuration; Forward Deployed Engineer Support; Automated Budget Pacing; SEO & AEO Optimization",,"January 26","Work In Progress"
"AllyAI Media Teammate ","https://docs.google.com/presentation/d/1_m50KB13PrTeJe0p6QYHT9zlRwcALL1DuuP1GLq_f2g/edit?usp=drivesdk",,"second-call-deck","To position AllyAI as a unified AI agent suite that drives measurable commerce growth across content, media, and sales.","This is the AllyAI Media Teammate - a comprehensive sales enablement deck that defines CommerceIQ’s AllyAI suite of AI Agents (Content Agent, Media Agent, Sales Agent, and Shelf Agent) and demonstrates how they drive sales, share, margin, PIM compliance, SEO/AEO improvements, and incremental ROAS across retailers like Amazon, Walmart, and Target. The document includes detailed case studies (e.g., 168% sales lift, 54% traffic growth, +10 pts PIM compliance in 2 weeks, +55% ad sales growth, -12.8% CPC reduction), a 60-day Content Agent engagement plan, incrementality optimization framework (iROAS), and implementation model with Forward Deployed Engineers.","Use during second-call or deep-dive sales meetings when prospects request detailed capabilities, ROI proof, deployment timelines, incrementality methodology, or cross-agent platform overview.","Sales executives, account executives, solution consultants, and retail media leaders presenting AllyAI to enterprise CPG brands.","AllyAI 4-Agent platform overview (Content, Media, Sales, Shelf); Content Agent PDP optimization and PIM compliance automation; Media Agent incrementality and iROAS optimization; 60-Day Content Agent engagement and deployment plan; Case studies and quantified business outcomes; Incrementality fraction and organic SOV modeling; Retailer integrations (Amazon, Walmart, Target); Operational workflow mapping and FDE support model; Free offer structure tied to existing contracts","2,000 active SKUs requiring 30,000 hours per year (15 FTEs); 6 updates per SKU per year at 30 minutes per update; +10 PIM compliance points in less than 2 weeks; 90%+ PIM compliance across retailers; <1 minute time to action vs 35-minute industry average; 168% sales increase in one case study; 54% traffic increase and 1115 bps conversion lift; 4.57% unit conversion increase and 4% net sales lift; +55% ad sales growth across 10 brands; -12.8% CPC reduction; Incremental ROAS example: $2.14 with 95% incremental fraction; ROAS examples: 5.4, 7.8, 3.5 depending on attribution window; Day 1–Day 60 phased rollout plan; Free Content Agent for 1 retailer, 1 brand, 1 market; Forward Deployed Engineer assigned for tuning agents","Manual PDP optimization at scale is operationally impossible without AI automation.; Incrementality (iROAS) provides a more accurate measure of advertising impact than traditional ROAS.; AllyAI delivers measurable lifts in sales, traffic, conversion, and compliance within 60 days.; CommerceIQ provides structured deployment with defined customer and vendor responsibilities.","AllyAI Media Teammate deck; Content Agent case studies 168% sales lift; PIM compliance automation 90%+; iROAS explanation CommerceIQ; Incrementality fraction example 95%; Media Agent CPC reduction 12.8%; 60 day Content Agent deployment plan; AllyAI vs manual PDP updates 30000 hours; Forward Deployed Engineer AllyAI; Free Content Agent Amazon Walmart Target; CommerceIQ incrementality vs ROAS; AllyAI 4 AI Agents overview; SEO AEO optimization Content Agent; Organic SOV saturation model; AllyAI pet category case study","Content Agent One-Pager – focuses only on PDP optimization features without media and incrementality coverage.; Sales Agent Product Box – defines packaging, pricing, and positioning of Sales Agent only.; Media Agent Battle Card – competitive comparison focused solely on advertising optimization.; Shelf Agent Datasheet – focused specifically on shelf diagnostics and DSA workflows.","AllyAI; Content Agent; Media Agent; Sales Agent; Shelf Agent; CommerceIQ Incrementality; Ask Ally","","Newell","168% increase in sales; 54% increase in traffic; 1115 bps increase in conversion rate; 4.57% increase in unit conversion; 4% increase in net sales; 2.47% increase in digital penetration; -12.8% CPC reduction; +55% ad sales growth; 90%+ PIM compliance; <1 minute time to action","PDP Content Compliance and Optimization; Incrementality Fraction Modeling; iROAS Optimization; Budget Pacing Automation; Keyword Bid Optimization (50+ signals); Workflow Mapping and Guardrails; Forward Deployed Engineer Support; 60-Day Deployment Plan; Attribution Window Customization (3, 7, 14, 30 day click/impression)",,,"Active"
"RMM Key Product Capabilities ","https://docs.google.com/presentation/d/1conVvKYbtQymKCePCwwJ1X4jZrPwtn1tuXw25h0-i0U/edit?usp=drivesdk",,"second-call-deck","Demonstrate detailed RMM and AllyAI product capabilities with quantified proof points","This is the RMM Key Product Capabilities – a comprehensive sales enablement deck detailing CommerceIQ’s AllyAI-powered Retail Media Management (RMM) and digital shelf agents, including Content Agent, Media Agent, Shelf Agent, and Sales Agent. The document outlines product capabilities, AI agent workflows, measurable business outcomes (e.g., +55% ad sales growth, -12.8% CPC, +10 pts PIM compliance in <2 weeks, 168% sales lift in case study), incrementality optimization (iROAS), 60-day deployment plans, attribution models, and real customer examples across retailers like Amazon, Walmart, and Target.","Use in second sales meetings when prospects require deep product walkthroughs, ROI evidence, deployment plans, and measurable performance metrics.","Sales leaders, Account Executives, Solutions Consultants, and Retail Media sellers conducting second-call or deep-dive product presentations.","AllyAI 4-Agent Framework (Content, Media, Shelf, Sales); PDP Content Automation & PIM Compliance; Incrementality Optimization (iROAS); Retail Media Performance Metrics; 60-Day Deployment & Engagement Plan; Attribution Models (Click & Impression); Case Studies (Pet Category, Multi-brand results); Operational Efficiency & FTE Reduction; Shelf Diagnostics & Compliance; Commercial Offers & Contract Inclusions","2,000 active SKUs requiring 30,000 hours/year (15 FTEs); 6 updates per SKU per year; 30 mins per update; +10 pts PIM compliance in <2 weeks; 90%+ PIM compliance across retailers; 168% sales increase (case study); 54% traffic increase; 1115 bps conversion rate lift; 4.57% unit conversion increase; 2.47% digital penetration increase; 4% net sales increase despite 2.04% ASP increase; +55% ad sales growth across 10 brands; -12.8% CPC reduction; Incremental ROAS example: $2.14; Attribution windows: 3/7/14/30-day click; 28-day impression; 60-day deployment timeline with Day 1, 7, 30, 45, 60 milestones","Manual PDP and media management at scale is operationally unsustainable without AI automation.; AllyAI agents measurably improve sales, compliance, conversion, and media efficiency within weeks.; Incrementality-based optimization (iROAS) prevents overinvestment and reduces cannibalization.; Structured 60-day deployment ensures rapid time to value with measurable KPIs.","RMM Key Product Capabilities deck; AllyAI Content Agent case studies; CommerceIQ incrementality iROAS explanation; PIM compliance automation metrics; Retail media +55% sales growth example; Content Agent 60-day deployment plan; RMM attribution windows 30-day click 28-day impression; AllyAI Media Agent CPC reduction; Digital shelf AI automation proof points; CommerceIQ pet category case study; Incremental ROAS example $2.14; 2,000 SKU PDP automation solution; Forward Deployed Engineer deployment plan; Shelf Score attainment agent; Content Agent free retailer offer","RMM First Call Deck – high-level overview without deep metrics and workflows; Sales Agent Product Box – product definition and packaging document; Competitive Battle Cards – side-by-side competitor comparisons; Pricing Calculator – financial modeling tool for ROI estimation","AllyAI; Content Agent; Media Agent; Shelf Agent; Sales Agent; Ask Ally; Copilot","","Newell; Coke (Coca-Cola)","+10 pts PIM compliance in <2 weeks; 90%+ PIM compliance; 168% sales increase; 54% traffic increase; 1115 bps conversion lift; +55% ad sales growth; -12.8% CPC reduction; Incremental ROAS $2.14; 4.57% unit conversion increase; 4% net sales growth","PDP Content Compliance & Optimization; Incrementality Fraction modeling; Real-time iROAS optimization; 50+ signal keyword optimization; Attribution customization (3/7/14/30-day click, 28-day impression); 60-Day Deployment Plan; Forward Deployed Engineer support; PIM syndication automation; Shelf Diagnostics; Organic SOV monitoring",,,"Active"
"RMM First Call Deck April 25 - Part 2","https://docs.google.com/presentation/d/1dO73ol-VnpWeuhAKtFs0N22S6n1Q30p2R_dXO0gqa9g/edit?usp=drivesdk",,"first-call-deck","Introduce AllyAI-powered RMM capabilities and drive first-call engagement toward a 60-day pilot.","This is the RMM First Call Deck April 25 - Part 2 - a comprehensive first-call sales presentation covering CommerceIQ’s AllyAI-powered platform, including Content Agent, Media Agent, Shelf/DSA capabilities, and Sales Agent, with detailed case studies, KPI outcomes, a 60-day Content Agent engagement plan, incrementality (iROAS) methodology, PIM compliance automation, and measurable results across retailers like Amazon, Walmart, and Target.","Use during initial prospect meetings to present AllyAI platform value, share quantified case studies, explain incrementality methodology, and outline the 60-day Content Agent deployment plan.","Sales executives, account executives, solutions consultants, and retail media prospects evaluating AI-driven content and media optimization.","AllyAI platform overview; Content Agent PDP compliance and optimization; Media Agent and incrementality (iROAS); Shelf/DSA and PIM workflows; 60-day Content Agent engagement plan; Case studies and quantified business outcomes; Attribution models and incrementality fraction; Operational inefficiencies in manual PDP management; Available-now offers and contract inclusions","2,000 active SKUs requiring 30,000 hours/year (15 FTEs); 6 updates per year, 30 minutes per update; +10 pts PIM compliance in <2 weeks; 90%+ PIM compliance across retailers; <1 minute time to action vs 35 min industry avg; 4.57% unit conversion increase; 2.47% digital penetration increase; 4% net sales increase despite 2.04% ASP increase; 168% sales lift, 54% traffic lift, 1115 bps conversion increase (pet category case); +55% ad sales growth across 10 brands; +75% campaign performance improvement; -12.8% CPC reduction; Incremental ROAS example: $2.14; ROAS examples: $7.8, $3.5, 5.4; Newell achieved 100% PIM compliance in 60 days","Manual PDP management at scale is operationally unsustainable and AI automation materially reduces time and labor.; Content Agent delivers measurable improvements in compliance, traffic, conversion, and sales within weeks.; Media optimization based on incrementality (iROAS) prevents cannibalization and improves true incremental sales efficiency.; CommerceIQ provides a structured 60-day path from discovery to production deployment with measurable KPIs.","RMM First Call Deck April 25 Part 2; AllyAI Content Agent case study metrics; PIM compliance 90% across retailers; Newell 100% PIM compliance 60 days; 168% sales increase pet category case study; iROAS vs ROAS explanation; Incrementality Fraction CommerceIQ; 60-day Content Agent engagement plan; Content Agent free on 1 retailer offer; Media Agent CPC reduction 12.8%; 30,000 hours 15 FTE PDP updates; Amazon Walmart Target content optimization deck; AllyAI Context Engine advantage; Retail AI platform 2026 focus","RMM Second Call Deck – deeper technical, pricing, and architecture discussion; Sales Agent Product Box – formal product definition and packaging; Standalone Case Study Deck – customer stories only without full platform overview; Pricing Calculator – ROI and cost modeling tool","AllyAI; Content Agent; Media Agent; Shelf Agent; Sales Agent; Ask Ally; Copilot; CommerceIQ Incrementality; AllyAI Context Engine","","Newell; Coke","4.57% unit conversion increase; 2.47% digital penetration increase; 4% net sales increase; 2.04% ASP increase; 168% sales increase; 54% traffic increase; 1115 bps conversion increase; +55% ad sales growth; +75% performance improvement; -12.8% CPC reduction; Incremental ROAS $2.14; ROAS $7.8; ROAS $3.5; 30,000 hours per year; 90%+ PIM compliance","PDP content compliance scoring; Automated title optimization recommendations; PIM compliance tracking; Incrementality Fraction modeling; iROAS-based budget automation; Organic SOV monitoring; Attribution window customization (3, 7, 14, 28, 30 days); Forward Deployed Engineer support; Workflow mapping and guardrails; Prototype-to-production 60-day deployment",,"April 2025","Active"
"Dexi Competitive Overview","https://docs.google.com/document/d/1tVVxqblqjbN-NwxXdz-HUwxlvoR0Yp9AgH1xH46DKL8/edit?usp=drivesdk","1tVVxqblqjbN-NwxXdz-HUwxlvoR0Yp9AgH1xH46DKL8","battle-card","Enable sales teams to position CommerceIQ effectively against Dexi.io in competitive deals.","This is the Dexi Competitive Overview - a competitive analysis and battle-ready enablement document outlining how Dexi.io positions its digital commerce intelligence solutions, where Dexi wins and loses, and how CommerceIQ should differentiate with its AI-driven, end-to-end eCommerce sales management platform. It includes Dexi’s product capabilities (data extraction robots, app integrations, product availability tracking, competitor intelligence, sentiment analysis), competitive claims and FUD, CommerceIQ rebuttals, and clear win/loss positioning guidance.","Use during competitive sales cycles involving Dexi.io, discovery prep when Dexi is mentioned, objection handling around data extraction capabilities, and positioning discussions focused on digital commerce intelligence.","CommerceIQ sales representatives, sales engineers, account executives, and revenue enablement teams preparing for competitive conversations involving Dexi.io.","Dexi.io overall positioning and specialization; CommerceIQ vs. Dexi comparison; Competitive claims and FUD strategy; Winning and losing areas; Dexi product capabilities; CommerceIQ differentiation points; Target audience alignment; Feature-by-feature similarities and differences","Custom data capture robots; Extensive app integrations; Visual programming for tailored solutions; Product Availability & Assortment Tracking; Lost buy-box opportunity identification; Competitor Intelligence data gathering; Price & Promotions Monitoring; Customer Sentiment Analysis (ratings, reviews, social mentions); Category Analytics for ad spend optimization; Location-based analytics for pricing and availability; Content & Compliance monitoring; Data Hooks and Triggers for automation; Retail media management (CommerceIQ differentiation); Profit recovery automation (CommerceIQ differentiation); AI-driven sales planning and forecasting","Dexi.io is strong in deep, customizable data extraction and market intelligence.; CommerceIQ differentiates through AI-driven, end-to-end eCommerce sales management.; Both platforms overlap in digital shelf and competitor analytics, but CommerceIQ extends into automated execution and strategic planning.; Dexi is better suited for companies focused on data coverage; CommerceIQ is better suited for companies seeking actionable, automated growth.","Dexi.io competitive overview; CommerceIQ vs Dexi; How to compete with Dexi; Dexi digital commerce intelligence comparison; Dexi product availability tracking features; Dexi competitor intelligence capabilities; CommerceIQ rebuttal to Dexi claims; Dexi data extraction robots; Dexi data hooks and triggers; CommerceIQ vs data extraction platforms; Dexi strengths and weaknesses; Dexi buy box monitoring; Dexi sentiment analysis features; CommerceIQ AI vs Dexi intelligence; Dexi win loss analysis","CommerceIQ Product Overview Deck – focuses only on CommerceIQ capabilities without competitive comparison.; Retail Media Management Deck – specific to retail media features and ad optimization.; CommerceIQ Pricing Documentation – covers packaging and pricing details, not competitive positioning.; RFP Response Templates – customized responses for specific prospects rather than general competitive guidance.","CommerceIQ; Dexi.io","Dexi.io","","","Product Availability & Assortment Tracking; Competitor Intelligence; Price & Promotions Monitoring; Customer Sentiment Analysis; Category Analytics; Location-based Analytics; Content & Compliance; Data Hooks and Triggers; Retail Media Management; Profit Recovery Automation; AI-driven Sales Planning and Forecasting",,,"Active"
"Tinuiti Comparison","https://docs.google.com/presentation/d/1qFM6h96qRKPP8zzh5MvSxwlSxnpw1s2qak2wgtFVOvs/edit?usp=drivesdk","1qFM6h96qRKPP8zzh5MvSxwlSxnpw1s2qak2wgtFVOvs","battle-card","Equip sales teams to competitively position CommerceIQ against Tinuiti.","This is the Tinuiti Comparison - a competitive battle card that side-by-side compares CommerceIQ and Tinuiti across budget optimization, incrementality measurement, retail-aware advertising, share of voice optimization, conquesting capabilities, supported platforms, and Amazon Marketing Cloud integration, highlighting CommerceIQ’s automation, AI, and retail-data integration advantages over Tinuiti’s more manual and fragmented approach.","During competitive deals against Tinuiti, in RFP responses, objection handling about MobiusX/Skai, or when prospects ask about incrementality, SOV, AMC, or retail-aware optimization differences.","Sales representatives, account executives, solutions consultants, and sales enablement teams positioning CommerceIQ against Tinuiti in competitive deals.","Budget Optimization; Incrementality (iROAS); Retail-Aware Advertising; Supported Platforms; Share of Voice (SOV) Optimization; Share Growth & Conquesting; Amazon Marketing Cloud (AMC) Integration; Automation vs Manual Processes","Automated budget optimization by day of week; Mid-month budget change optimization; Manual vs automated over-indexing during Prime Day; First-of-its-kind incrementality ROAS (iROAS); Machine Learning formula using SOV + ROAS; Integration of on-hand and open PO inventory data; Item-level competitive mapping and elasticity; Tracks several thousand keywords driving >80% of sales; Tinuiti tracks 25–100 keywords scraped 1x/day; Weighted SOV and item-level SOV tracking; Automatic competitive OOS conquesting flags; AI classification of generic/branded/conquesting keywords; AMC integration with Search + Display + OTT reporting; Multi-touch attribution table in-platform; Onboarding new retailers in 2–3 weeks","CommerceIQ differentiates on automation depth and AI-driven optimization.; CommerceIQ integrates retail and inventory data directly into advertising decisions.; CommerceIQ offers advanced SOV tracking and conquesting automation compared to Tinuiti’s manual approach.; CommerceIQ provides integrated AMC insights, while Tinuiti relies on custom reporting.; Tinuiti uses a hybrid tech stack (MobiusX + Skai), whereas CommerceIQ emphasizes unified platform integration.","CommerceIQ vs Tinuiti comparison; Tinuiti MobiusX vs CommerceIQ; CommerceIQ incrementality ROAS iROAS; Tinuiti share of voice tracking limitations; CommerceIQ Prime Day budget optimization; CommerceIQ vs Skai for retail media; CommerceIQ Amazon Marketing Cloud integration; Tinuiti AMC reporting capabilities; CommerceIQ retail-aware advertising; CommerceIQ conquesting automation; Tinuiti keyword tracking 25-100 keywords; CommerceIQ weighted SOV automation; CommerceIQ inventory-aware advertising; CommerceIQ onboarding new retailers 2-3 weeks; Tinuiti manual vs automated optimization","CommerceIQ Product Overview Deck – high-level platform summary without competitive framing.; CommerceIQ Pricing Deck – outlines commercial terms and packaging.; CommerceIQ Case Study Library – provides customer proof points and results.; CommerceIQ First Call Deck – introductory positioning presentation.","CommerceIQ; MobiusX; Skai; Amazon Marketing Cloud (AMC)","Tinuiti; Skai","","Tracks several thousand keywords driving >80% of sales; Tinuiti tracks 25–100 keywords; Keyword scraping 1x/day; Onboarding new retailers in 2–3 weeks","Automated budget optimization by day of week; Incrementality ROAS (iROAS); Retail data integration (on-hand and open PO); Item-level competitive mapping; Elasticity modeling; Weighted Share of Voice (SOV); Automatic OOS conquesting flags; AI keyword classification; AMC multi-touch attribution; Search + Display + OTT performance reporting",,,"Active"
"Choosing ESM over Pacvue Commerce","https://docs.google.com/presentation/d/1Wmw4Z9dfIqxyluqdgCvlXvt0KxWhMqH8mjVvdUHWh08/edit?usp=drivesdk","1Wmw4Z9dfIqxyluqdgCvlXvt0KxWhMqH8mjVvdUHWh08","battle-card","Competitive differentiation against Pacvue Commerce","This is the ""Choosing ESM over Pacvue Commerce"" competitive comparison deck – a sales enablement presentation that contrasts CommerceIQ’s Ecommerce Sales Management (ESM) platform against Pacvue Commerce, highlighting automation integrity, supply chain capabilities, digital shelf management, and quantified business impact (2B+ automations, $515M+ cumulative impact).","Use in head-to-head deals against Pacvue, renewal defenses, competitive bake-offs, or when prospects question CommerceIQ’s automation, supply chain, or digital shelf capabilities.","Sales team, account executives, solution consultants, and revenue leaders handling competitive deals against Pacvue","Automation Integrity and revenue impact narrative; CommerceIQ ESM value proposition (Actionability); Competitive feature comparison: CommerceIQ vs Pacvue Commerce; Supply chain and PO automation capabilities; Digital shelf optimization and content integrity; Analytics and diagnostics (market share, sales drop, elasticity); Partnership model (QBRs, consulting, ongoing analytics); Proof points and quantified impact","2 Billion+ automations executed; $515 Million+ cumulative impact; Scenario: Large Amazon team switched to Pacvue and saw stock-outs return; Rogue 3P variants proliferate under Pacvue; Automatic PO Error Correction capability comparison; PO & Shipment Tracking comparison; Shipment Forecasting comparison; SKU Suppression Ticketing (⬤⬤); Variation Ticketing (⬤⬤); 3P Catalog Correction (⬤⬤); Quantified Lost Buy Box Impact; Sales Drop Diagnostic; Price Elasticity analysis; Retailer Profitability Alerts; Intraday Automations and Customized Taxonomy","CommerceIQ positions itself as superior in automation integrity and proactive issue resolution.; Supply chain automation (PO correction, shipment tracking, OOS prevention) is a key differentiator vs Pacvue.; CommerceIQ emphasizes quantified business impact at scale (billions of automations, $515M+ impact).; Digital shelf and 3P catalog correction are framed as stronger and more automated than Pacvue.; The partnership model (QBRs, analytics, consulting) is positioned as more comprehensive.","CommerceIQ vs Pacvue comparison; Choosing ESM over Pacvue deck; Pacvue Commerce competitive battle card; CommerceIQ supply chain automation vs Pacvue; PO error correction comparison Pacvue; 3P catalog correction CommerceIQ; Intraday automations CommerceIQ vs Pacvue; CommerceIQ automation integrity story; Pacvue stock out issues example; CommerceIQ digital shelf optimization comparison; CommerceIQ $515M cumulative impact; 2 billion automations CommerceIQ; CommerceIQ feature comparison matrix; Pacvue alternative for Amazon brands; CommerceIQ ESM competitive positioning","ESM First Call Deck – high-level overview without competitive focus; RMM/Advertising Deck – focused on retail media and paid advertising capabilities; CommerceIQ Product Datasheet – static feature summary without competitive narrative; Case Study Library – customer-specific success stories without feature matrix comparison","CommerceIQ; Ecommerce Sales Management (ESM); Pacvue Commerce","Pacvue Commerce","Large Amazon team (unnamed customer)","2 Billion+ Automations; $515 Million+ Cumulative Impact; XX% Success Rate (placeholder)","Automatic PO Error Correction; PO & Shipment Tracking; Shipment Forecasting; Market Share & Share Diagnostics; Category Leaderboard Dashboard; SKU Suppression Ticketing; Variation Ticketing; 3P Catalog Correction; Quantified Lost Buy Box Impact; Sales Drop Diagnostic; Price Elasticity; Retailer Profitability Alerts; Intraday Automations; Customized Reporting; Customized Taxonomy",,,"Active"
"Helium10 Comparison","https://docs.google.com/presentation/d/1rHrAXhAUL47JPp0l2cn2d1NTkW7Q5mQL8dTANoYZ2Ro/edit?usp=drivesdk","1rHrAXhAUL47JPp0l2cn2d1NTkW7Q5mQL8dTANoYZ2Ro","battle-card","Equip sales teams to competitively position CommerceIQ against Helium 10.","This is the Helium10 Comparison - a detailed competitive comparison document contrasting CommerceIQ vs. Helium 10 across Digital Shelf, Market Share, Data Accuracy, Global Scale, Onboarding, Integration, Scraping Frequency, Share of Voice, and Customer Success capabilities. It outlines feature-by-feature differences, coverage across 550+ retailers in 50+ countries, 90% data accuracy claims, mobile app coverage on 50+ apps, store-level data availability, and contrasts Helium 10’s Amazon/Walmart focus and limited support model with CommerceIQ’s omnichannel, enterprise-grade capabilities.","During competitive sales cycles, RFP responses, objection handling against Helium 10, or when prospects evaluate Digital Shelf or Market Share tools.","Sales representatives, account executives, sales engineers, and revenue leaders competing against Helium 10.","Market Share Coverage; Sales & Revenue Projections; Integration Capabilities; Historical Data at Launch; Global Scale; Mobile App Coverage; Scraping Frequency; Share of Voice Coverage; Store-Level Data; Onboarding & Customer Success","550+ retailers supported; 50+ countries covered; Digital Shelf measurement on 50+ mobile apps; 90% data accuracy claim; Data gathered from millions of product listings daily; QC team validating extracted data; Scraping 2x per week (general); Daily scraping with pricing scraped multiple times per day; Store-level data for Walmart, Target, Kroger; Amazon Market Share data available; Market Share for Best Buy, Chewy, Target, Walmart; Revenue estimation model providing weekly competitor brand sales; Integration with POS, Advertising, Availability data; Dedicated customer success team with regional language support; Helium 10 focused on Amazon & Walmart","CommerceIQ offers broader omnichannel and global coverage than Helium 10.; CommerceIQ integrates multiple business inputs (POS, ads, availability) to identify root cause, unlike Helium 10’s basic optimization.; CommerceIQ provides stronger enterprise onboarding and customer success support.; Helium 10 is primarily Amazon-focused with limited competitive benchmarking depth.","CommerceIQ vs Helium 10; Helium 10 competitive comparison; Helium 10 alternative for market share; Helium 10 vs CommerceIQ digital shelf; Which is better Helium 10 or CommerceIQ?; CommerceIQ global retailer coverage; Helium 10 Amazon only?; CommerceIQ scraping frequency; CommerceIQ data accuracy 90%; CommerceIQ store-level data; Helium 10 onboarding support; CommerceIQ share of voice coverage; CommerceIQ mobile app digital shelf; Revenue estimation model competitor sales weekly; CommerceIQ integration with POS and advertising","Digital Shelf Product Overview Deck – focuses only on CommerceIQ capabilities without competitor comparison.; Market Share One-Pager – summarizes CommerceIQ market share features without Helium 10 contrast.; Second Call Deck – deeper implementation, pricing, and ROI discussion for broader platform.; Customer Case Study Library – provides proof points but not competitive feature comparisons.","CommerceIQ; Helium 10; CommerceIQ Digital Shelf; CommerceIQ Market Share","Helium 10","","550+ retailers; 50+ countries; 50+ mobile apps; 90% data accuracy; 2x per week data refresh; Daily scraping with pricing multiple times per day","Revenue estimation model with weekly competitor sales; Integration with POS, Advertising, Availability data; Digital Shelf Measurement; Share of Search & Share of Shelf; Store-level data for Walmart, Target, Kroger; Machine-driven in-depth crawling; Customizable category definitions; Dedicated customer success team; Regional language support; QC validation team",,,"Active"
"DSO_Automated Product Tagging Process","https://docs.google.com/document/d/1_mAB5MCV9tpEQ3WrPbq-eM6-Eh81ULwxyqFtJ1lQg5c/edit?usp=drivesdk",,"enablement-guide","Enable sales teams to position and deploy AllyAI Content Agent and related AI agents for automated PDP optimization and measurable growth.","This is the DSO_Automated Product Tagging Process – a comprehensive sales enablement deck detailing CommerceIQ’s AllyAI Content Agent and broader AI Agent framework for automating PDP content optimization, PIM compliance, SEO/AEO improvements, and measurable sales impact across retailers like Amazon, Walmart, and Target. It includes workflow breakdowns, case studies (e.g., 168% sales lift, 4% net sales growth), a 60-day deployment plan, incrementality and iROAS frameworks, and positioning of four AI agents (Content, Media, Shelf, Sales) to drive sales, share, and margin.","Use during mid-to-late stage sales conversations, DSA/Copilot expansions, PIM compliance discussions, or when pitching automated content optimization and incrementality-driven media optimization.","Sales executives, forward deployed engineers (FDEs), customer success managers, and retail media strategists selling or implementing AllyAI solutions.","Automated PDP content optimization workflow; PIM compliance and content scoring; 60-Day Content Agent deployment plan; Case studies with quantified sales impact; AI Agent portfolio (Content, Media, Shelf, Sales); Incrementality and iROAS optimization framework; Attribution models across retailers; Operational inefficiencies in manual PDP updates; Commercial packaging and contract inclusions; Context Engine and 2026 Retail AI vision","2,000 active SKUs requiring 30,000 hours/year (15 FTEs); 6 updates per year per SKU at 30 minutes per update; +10 pts PIM compliance in <2 weeks; 90%+ PIM compliance across retailers; <1 min time to action vs 35 min industry average; 168% increase in sales (Pet case study); 54% increase in traffic; 1,115 bps conversion lift; 4.57% unit conversion increase; 4% net sales growth; 2.47% increase in digital penetration despite 2.04% ASP increase; Newell achieves 100% PIM compliance in 60 days; Media Agent uses 50+ signals for keyword bid optimization; +55% ad sales growth; +75% performance improvement; -12.8% CPC; Incremental ROAS example: $2.14 with 95% incremental fraction; Attribution windows: 3, 7, 14, 28, 30-day click and impression; Content Agent free on 1 retailer/1 brand/1 market under contract","Manual PDP management at scale is operationally unsustainable without automation.; Content Agent can rapidly improve compliance and drive measurable sales lift within weeks.; Incrementality-based optimization provides more accurate performance measurement than standard ROAS.; CommerceIQ’s four-agent framework integrates content, media, shelf, and sales intelligence.; Deployment can move from kickoff to production in 60 days with defined customer collaboration.","DSO Automated Product Tagging Process; Content Agent PIM compliance improvement; AllyAI 60 day deployment plan; Automate PDP updates Amazon Walmart Target; Newell 100% PIM compliance 60 days; 168% sales lift pet category case study; CommerceIQ incrementality vs ROAS explanation; iROAS optimization framework; Content Agent free retailer contract details; 30,000 hours PDP manual process example; AI agents to drive sales share margin; CommerceIQ attribution windows 14 day 30 day; Media Agent 50 signals bid optimization; Shelf Agent included DSA contract; Ask Ally Sales Agent Copilot inclusion","Sales Agent Product Box – which defines positioning and packaging of Sales Agent only; RMM Second Call Deck – focused specifically on retail media capabilities; Standalone Case Study Deck – which contains only customer stories without workflow and deployment detail; Pricing Calculator – which focuses on commercial modeling rather than operational process","AllyAI Content Agent; AllyAI Media Agent; AllyAI Shelf Agent; AllyAI Sales Agent; CommerceIQ Incrementality; AllyAI Context Engine","","Newell; Coke","168% increase in sales; 54% increase in traffic; 1,115 bps increase in conversion rate; 4.57% increase in unit conversion; 2.47% increase in digital penetration; 4% increase in net sales; 2.04% ASP increase; +10 pts PIM compliance in <2 weeks; 90%+ PIM compliance; -12.8% CPC reduction; +55% ad sales growth; Incremental ROAS $2.14; 95% incremental fraction","Automated PDP content scoring and optimization; Real-time publishing to retailers; Workflow mapping and guardrails; Prototype-to-production 60-day plan; Incrementality fraction modeling; iROAS-based budget pacing; Attribution window customization; SEO & AEO optimization; Shelf diagnostics and attainment tracking; Context-aware content recommendations",,,"Active"
"RMM Product Box July 25 Internal","https://docs.google.com/document/d/164Cr-A5tQayncjqFaRzIL3_G-gswu8wCoSntfO96YPA/edit?usp=drivesdk",,"product-box","Define and package the AllyAI-powered RMM product for internal sales alignment and enablement.","This is the RMM Product Box July 25 Internal – a comprehensive internal product definition and sales enablement deck outlining CommerceIQ’s AllyAI-powered Retail Media Management (RMM) platform, including Content Agent, Media Agent, Shelf Agent, and Sales Agent. It defines product capabilities, quantified business outcomes (e.g., +4% Net Sales, +168% sales lift, +55% ad sales growth, -12.8% CPC reduction), 60-day deployment plan, incrementality-based optimization (iROAS), PIM compliance automation, and detailed case studies across pet and CPG brands.","Use for internal strategy sessions, packaging discussions, sales enablement training, executive alignment on AllyAI agents, or when preparing for detailed customer-facing RMM presentations.","Internal sales teams, solution consultants, forward deployed engineers, product marketing, and executive leadership","AllyAI 4-Agent Framework (Content, Media, Shelf, Sales); PDP Content Automation & PIM Compliance; Incrementality & iROAS Optimization Model; Retail Media Performance Metrics; 60-Day Deployment & Engagement Plan; Case Studies (Pet Category, CPG Brands); Attribution Models (Click & Impression Windows); Workflow Mapping & Change Management; Contractual Inclusions & Packaging; 2026 Strategic Focus & Context Engine Advantage","4.57% increase in unit conversion; 2.47% increase in digital penetration; 4% increase in Net Sales despite 2.04% ASP increase; 168% increase in sales (Case Study); 54% increase in traffic; 1,115 bps increase in conversion rate; +10 PIM compliance points in less than 2 weeks; 90%+ PIM compliance across retailers; Less than 1 minute time-to-action vs 35-minute industry average; 2,000 active SKUs requiring 30,000 hours/year (15 FTEs); +55% ad sales growth across 10 brands; +75% performance improvement; -12.8% CPC reduction; Incremental ROAS: $2.14 with 95% Incremental Fraction; ROAS examples: $7.8 and $3.5 under different attribution models","Manual PDP optimization at scale is operationally impossible without AI automation.; Incrementality (iROAS) is superior to traditional ROAS for portfolio decision-making.; AllyAI agents drive measurable improvements in sales, traffic, compliance, and efficiency within 60 days.; Content Agent materially improves PIM compliance and conversion in under two weeks.; RMM integrates content, media, shelf, and sales intelligence into a unified AI workflow.","RMM Product Box July 25 Internal; AllyAI Content Agent overview; PIM compliance automation metrics; iROAS vs ROAS explanation deck; CommerceIQ incrementality framework; 60-day Content Agent deployment plan; Retail Media AI agents overview; Content Agent case study pet category; AllyAI Media Agent performance results; Incremental ROAS example $2.14; 2,000 SKU PDP automation example; Free Content Agent 1 retailer contract details; Shelf Agent DSA contract inclusion; Ask Ally Sales Agent Copilot inclusion; AllyAI Context Engine advantage","RMM First Call Deck – high-level introductory customer presentation; RMM Second Call Deck – detailed external sales presentation; Sales Agent Product Box – focused only on Sales Agent capabilities; Standalone Case Study Deck – compilation of customer stories without full product definition","AllyAI; Content Agent; Media Agent; Shelf Agent; Sales Agent; CommerceIQ Incrementality; Ask Ally; Copilot","","Newell; Coke","+4.57% unit conversion; +2.47% digital penetration; +4% Net Sales; +168% sales lift; +54% traffic increase; +1,115 bps conversion increase; +10 PIM compliance points in <2 weeks; 90%+ PIM compliance; +55% ad sales growth; -12.8% CPC reduction; Incremental ROAS: $2.14; 95% Incremental Fraction; ROAS: $7.8; ROAS: $3.5","PDP Content Compliance & Optimization; Incrementality-based Optimization (iROAS); Real-time bid optimization using 50+ signals; Workflow mapping & guardrails; Automated budget pacing; Shelf Diagnostics & Shelf Score Attainment; PIM compliance scoring; Attribution modeling (3-, 14-, 30-day click; 28-day impression); Context Engine insights; 60-day prototype-to-production deployment model","July 2025 Internal","July 2025","Active"
"Skai Comparison","https://docs.google.com/presentation/d/1gL4Ew9F9-xJRCPEMGrZun6TwJnZXYlu-55rbbJriAM0/edit?usp=drivesdk","1gL4Ew9F9-xJRCPEMGrZun6TwJnZXYlu-55rbbJriAM0","battle-card","Equip sales teams with clear competitive differentiation against Skai.","This is the Skai Comparison - a competitive battle-card style comparison outlining CommerceIQ’s omnichannel retail media and commerce capabilities versus Skai, detailing feature-by-feature differences across budget optimization, incrementality measurement, retail-aware advertising, share of voice optimization, supported platforms, and Amazon Marketing Cloud integration.","Use during competitive sales cycles involving Skai, RFP responses, objection handling, or when positioning CommerceIQ’s retail-aware and incrementality capabilities.","Sales executives, account executives, solution consultants, and customer success managers involved in competitive deals against Skai.","Budget Optimization; Incrementality (iROAS); Supported Platforms and Onboarding; Retail-Aware Advertising; Share of Voice (SOV) Optimization; Share Growth Capabilities; Amazon Marketing Cloud (AMC) Integration; Omnichannel Retail Media Differentiation","Budget pacing with mid-month budget change optimization; Automated budget optimization by day of week; Over-indexing budget during events like Prime Day; Incrementality ROAS (iROAS) built using Machine Learning; iROAS formula leveraging Share of Voice (SOV) and ROAS; Integrations: AMS, DSP, Walmart, Criteo, Citrus, Instacart, Kroger (Q3); New retailer onboarding in 2–3 weeks; 60-day historical data download on connection; Lifetime data backfill within 7 days upon request; Incorporation of on-hand and open PO inventory data; Item-level competitive mapping and elasticity modeling; Tracks several thousand keywords driving >80% of sales; Weighted SOV and item-level SOV tracking; AI automation for generic/branded/conquesting keyword classification; AMC integration with multi-touch attribution and Amazon Marketing Stream dayparting","CommerceIQ differentiates strongly on retail-aware, inventory- and profit-driven ad optimization.; CommerceIQ offers advanced incrementality measurement (iROAS) that Skai does not.; CommerceIQ integrates SOV and market insights directly into automation, including item-level tracking.; CommerceIQ positions itself as stronger in retail media depth, while Skai has broader search/social coverage.","CommerceIQ vs Skai comparison; How does CommerceIQ compare to Skai?; CommerceIQ incrementality vs Skai; iROAS CommerceIQ explanation; CommerceIQ retail-aware advertising vs Skai; CommerceIQ share of voice tracking; Skai limitations for Walmart 3P sellers; CommerceIQ Amazon Marketing Cloud integration; CommerceIQ inventory-aware advertising; CommerceIQ Prime Day budget optimization; CommerceIQ supported retail media platforms; CommerceIQ onboarding timeline retailers; CommerceIQ conquesting automation; CommerceIQ SOV automation; CommerceIQ vs Skai battle card","CommerceIQ First Call Deck – high-level platform overview without detailed competitive positioning.; CommerceIQ Second Call Deck – deeper product walkthrough including workflows, architecture, and potentially pricing.; CommerceIQ Product Box – strategic definition of product vision, packaging, and positioning rather than competitive comparison.","CommerceIQ; Skai; Amazon Marketing Cloud; Amazon Marketing Stream","Skai","","Tracks several thousand keywords driving >80% of sales; New retailer onboarding in 2–3 weeks; 60-day historical data download; Lifetime data backfill within 7 days","Incrementality ROAS (iROAS); Retail-Aware Advertising; Inventory and Profit-Aware Advertising; Weighted and Item-Level Share of Voice Tracking; AI Keyword Classification (generic/branded/conquesting); Automated Budget Optimization by Day of Week; Prime Day Budget Over-Indexing; Amazon Marketing Cloud Multi-Touch Attribution; Amazon Marketing Stream Dayparting Integration",,,"Active"
"AllyAI Product Hub","https://docs.google.com/document/d/1MAP6MkhW7IZrAGWFLrFZHCSIT4B2E3cRj4DUscZyrMw/edit?usp=drivesdk",,"second-call-deck","Comprehensive second-call sales presentation for the AllyAI platform","This is the AllyAI Product Hub – a comprehensive sales enablement presentation detailing CommerceIQ’s AllyAI platform, including four AI agents (Content Agent, Media Agent, Sales Agent, Shelf Agent), their capabilities, workflows, implementation plan, case studies, performance metrics, and commercial offers. The document outlines how AllyAI drives sales, share, margin, PIM compliance, SEO/AEO optimization, incrementality-based media optimization, and workflow automation across major retailers like Amazon, Walmart, and Target.","Use during second sales meetings, platform deep dives, executive presentations, pilot discussions, or when a prospect requests detailed metrics, workflows, and implementation plans for AllyAI agents.","Sales executives, account executives, solutions consultants, and retail brand decision-makers evaluating AllyAI platform deployment","AllyAI platform overview; Four AI Agents: Content, Media, Sales, Shelf; PIM compliance and PDP optimization; Incrementality and iROAS optimization; 60-Day Content Agent engagement plan; Case studies and measurable business outcomes; Attribution models and ROAS comparisons; Workflow automation and agent skills; Commercial packaging and contract inclusions; Context Engine and 2026 platform direction","4.57% increase in unit conversion; 2.47% increase in digital penetration; 4% increase in net sales despite 2.04% ASP increase; 168% sales increase, 54% traffic increase, 1,115 bps conversion lift; Newell achieved 100% PIM compliance in 60 days; 2,000 active SKUs requiring 30,000 hours/year (15 FTEs); 6 updates per year at 30 minutes per update; +10 PIM compliance points in less than 2 weeks; 90%+ PIM compliance across retailers; <1 minute time to action vs 35-minute industry average; +55% ad sales growth across 10 brands; +75% campaign growth, -12.8% CPC reduction; Incremental ROAS example: $2.14; Attribution windows: 3, 7, 14, 30-day click; 28-day impression; Content Agent free on 1 retailer, 1 brand, 1 market","AllyAI automates PDP optimization, compliance, and media incrementality at enterprise scale.; The platform delivers measurable sales, traffic, conversion, and efficiency gains.; Incrementality-based optimization prevents overinvestment driven by misleading ROAS.; Deployment is structured and production-ready within 60 days.; Commercial entry point lowers adoption barrier with included/free agent access.","AllyAI Product Hub deck; AllyAI second call presentation; Content Agent PIM compliance metrics; AllyAI 60 day implementation plan; CommerceIQ incrementality vs ROAS explanation; Media Agent iROAS optimization details; AllyAI case studies 168% sales increase; Newell PIM compliance 60 days; Content Agent free retailer offer; AllyAI attribution windows 3 7 14 30 day; AllyAI 4 AI agents overview; CommerceIQ 2026 Retail AI platform; AllyAI CPC reduction results; Incrementality Fraction explanation; AllyAI Forward Deployed Engineer role","Content Agent One-Pager – focuses only on PDP optimization features without full platform context; Media Agent Datasheet – covers advertising optimization only; Sales Agent Product Box – defines Sales Agent positioning and packaging; Pricing Sheet – outlines commercial tiers without workflow and case study depth; Internal Training Deck – designed for internal enablement rather than customer-facing sales","AllyAI; Content Agent; Media Agent; Sales Agent; Shelf Agent; Ask Ally; Copilot; CommerceIQ Incrementality","","Newell; Coke","4.57% unit conversion increase; 2.47% digital penetration increase; 4% net sales increase; 168% sales increase; 54% traffic increase; 1,115 bps conversion increase; +10 PIM compliance points in <2 weeks; 90%+ PIM compliance; +55% ad sales growth; -12.8% CPC reduction; Incremental ROAS: $2.14","PDP Content Compliance and Optimization; Incrementality Fraction modeling; iROAS optimization; Real-time bid optimization across 50+ signals; Attribution window customization (3,7,14,30 day click; 28 day impression); Workflow mapping and guardrails; Forward Deployed Engineer support; Automated budget pacing; Shelf diagnostics; SEO and AEO optimization",,,"Active"
"Content Agent FAQ","https://docs.google.com/document/d/1k65CnPFcC4C4Xn4WupAX11scdADL1BYHQlA3t_RTpR4/edit?usp=drivesdk","1k65CnPFcC4C4Xn4WupAX11scdADL1BYHQlA3t_RTpR4","enablement-guide","Provide internal sales guidance for handling Content Agent implementation, pricing, and compliance questions.","This is the Content Agent FAQ - an internal, confidential sales enablement document containing detailed Q&A guidance on Content Agent’s PIM integrations, retailer guideline optimization, brand context controls, pricing model, Early Access terms, and 90% PIM Compliance guarantee positioning.","Use during sales calls, objection handling, PIM integration discussions, Early Access positioning conversations, and when addressing compliance guarantee or expansion pricing questions.","Sales representatives, solutions consultants, customer success managers, and sales leadership","PIM integration strategy; Salsify one-click integration; Non-Salsify PIM integration timeline; Procat implementation for non-PIM customers; 90% PIM Compliance guarantee; Early Access program structure; Expansion pricing beyond 1 brand/category; Retailer-specific content optimization; Brand context tuning and controls; Implementation contacts and ownership","Brand context adjustments currently at account level; profile level in development; Salsify one-click integration code already built; Non-Salsify PIM integrations completed in ~2 weeks; Procat used for customers without a PIM; Named contact for PIM integration: Srujay Gautam; 90% PIM Compliance guarantee referenced; Current implementations improved compliance by 10+ points to exceed 90%; Newell case study slide cited as proof point; Early Access: free for life of contract for 1 brand/category and 1 retailer; Expansion pricing provided after 60 days post–go live; No-risk positioning: improve compliance and test agentic AI; Retailer guidelines incorporated (Amazon, Walmart); Character count and brand-name placement rules embedded; Brands can tune outputs via natural language direction; Brand retains final approval (accept/reject recommendations)","Content Agent integrates fastest with Salsify but supports any PIM within ~2 weeks.; The product is positioned as low-risk through a free Early Access model and strong compliance results.; Retailer-specific optimization is embedded, with additional brand-level customization controls.; The 90% compliance guarantee is backed by real implementations showing 10+ point improvements.","Content Agent FAQ; Content Agent PIM integration details; Salsify one-click integration Content Agent; Non-Salsify PIM integration timeline; Procat implementation for Content Agent; 90% PIM Compliance guarantee explanation; Content Agent Early Access program terms; Pricing to expand beyond 1 brand or category; Content Agent pricing after 60 days; Retailer guideline optimization Amazon Walmart; Brand context adjustments account vs profile level; Who handles PIM integration for Content Agent; Newell compliance case study Content Agent; Content Agent no risk trial details; Agentic AI compliance improvement example","Content Agent Product Box – defines positioning, packaging, and value proposition rather than tactical FAQs.; Content Agent Case Study Deck – provides detailed customer success stories and quantified results.; Content Agent Pricing Calculator – models specific cost scenarios instead of describing Early Access terms.; Retail Media Management (RMM) Decks – focused on retail media advertising, not content compliance or PIM integration.","Content Agent; Procat; Salsify","","Newell","90% PIM Compliance guarantee; 10+ point compliance score increase; 2-week non-Salsify integration timeline; Free for life of contract for 1 brand/category and 1 retailer; 60 days post–go live before expansion pricing","Retailer specification optimization (Amazon, Walmart); One-click Salsify integration; Natural language brand context tuning; Account-level brand context controls; Accept/reject recommendation workflow",,,"Work In Progress"
"Competitive Comparisons","https://docs.google.com/presentation/d/1HRjFsZMuSaYpiTZJaBUskplFvOO6mOYkeh9dbwS8dNU/edit?usp=drivesdk","1HRjFsZMuSaYpiTZJaBUskplFvOO6mOYkeh9dbwS8dNU","battle-card","To equip sales teams with structured competitive differentiation across core product pillars.","This is the Competitive Comparisons - a comprehensive cross-platform capability comparison deck that evaluates CommerceIQ against key competitors across ESM, RMM, DSA, Market Share, and Profit Recovery Automation (PRA) capabilities, using side-by-side feature matrices and strength indicators (100% / 75% / 50% / 0%) to highlight functional coverage, automation depth, AI innovation, and integration advantages.","Use during competitive deals, RFP responses, late-stage evaluations, objection handling, or when prospects are comparing CommerceIQ to Pacvue, Profitero, Stackline, Flywheel, Skai, or Supplypike.","Sales executives, account executives, solution consultants, revenue leadership, and sales enablement teams","ESM (E-commerce Sales Management) Capabilities; RMM (Retail Media Management) Capabilities; DSA (Digital Shelf Analytics) Capabilities; Market Share Capabilities; Profit Recovery Automations (PRA); AI-Driven Innovation; Integrations and Ecosystem; Competitive Benchmarking by Vendor","Capability scoring scale: 100% / 75% / 50% / 0%; Connected, All-in-One Solution positioning; AI-Driven Innovation emphasis; Predicted Out of Stocks (OOS) Forecasts & Actions; Automated Detail Page Ticketing; Retailer Margin Improvements; Automated Sales Leakage Prevention; Retail-Aware Advertising; Share of Voice Optimization; Dayparting and Budget Optimization; Integration with digital shelf data; Intraday Scraping; Store-Level Availability Data; AI-Powered Predictive Analytics; Automated, Multiphase Dispute Process","CommerceIQ positions itself as a unified, end-to-end commerce platform rather than a point solution.; AI-powered automation and predictive capabilities are core differentiators across ESM, RMM, and PRA.; Competitors often require integrations or agency partnerships to match CommerceIQ’s full capability set.; CommerceIQ integrates advertising, digital shelf, market share, and profit recovery into one connected system.","CommerceIQ vs Pacvue comparison; CommerceIQ vs Profitero capabilities; CommerceIQ vs Stackline market share; CommerceIQ vs Flywheel; CommerceIQ vs Skai retail media; CommerceIQ vs Supplypike profit recovery; CommerceIQ competitive matrix; ESM capability comparison; RMM competitive analysis; Digital shelf analytics comparison; Profit recovery automation comparison; CommerceIQ AI differentiation; All-in-one commerce platform comparison; Retail media management competitive landscape; CommerceIQ feature comparison chart","Product Box – defines product positioning, packaging, and pricing rather than competitor comparisons.; First Call Deck – high-level overview presentation for initial prospect meetings.; Second Call Deck – detailed product walkthrough including demos and case studies.; Pricing Calculator – ROI and cost modeling tool.","CommerceIQ","Flywheel; Ascential; Omnicom; Pacvue; Profitero; Stackline; Skai; Tinuiti; Data Impact; Supplypike; Dimetyde; Publicis; Salsify; VIZIT","","100% capability coverage indicator; 75% capability coverage indicator; 50% capability coverage indicator; 0% capability coverage indicator","Connected, All-in-One Solution; AI-Driven Innovation; Predicted OOS Forecasts & Actions; Automated Detail Page Ticketing; Retail-Aware Advertising; Share of Voice Optimization; Intraday Scraping; Store-Level Availability Data; AI-Powered Predictive Analytics; Automated Multiphase Dispute Process",,,"Active"
"Databricks Competitive Comparison & Overview","https://docs.google.com/document/d/1jckmA_8JEEwTzxVWg9KlGV98YwgyDNi7crNZ4HKp-ys/edit?usp=drivesdk","1jckmA_8JEEwTzxVWg9KlGV98YwgyDNi7crNZ4HKp-ys","battle-card","Enable sales teams to position CommerceIQ against Databricks in competitive deals","This is the Databricks Competitive Comparison & Overview - a sales enablement comparison document outlining Databricks’ platform capabilities (Delta Lake, Apache Spark, MLflow, Databricks SQL, Workspace, security and governance), pricing model (DBU-based compute, storage, enterprise add-ons), and positioning against CommerceIQ, with clear differentiation between Databricks’ generalized data/AI platform and CommerceIQ’s specialized eCommerce optimization solutions (profit recovery automation, digital shelf analytics, retail media management).","Use when Databricks is mentioned in a deal, when prospects compare CommerceIQ to general data platforms, or during build-vs-buy analytics discussions.","Sales teams, sales engineers, and account executives positioning CommerceIQ in competitive deals involving Databricks","Overview of Databricks platform; Core Databricks product offerings (Delta Lake, Spark, MLflow, Workspace); Databricks SQL and lakehouse architecture; Security and governance capabilities; Databricks pricing model (DBUs, storage, enterprise add-ons); Target audience comparison (Databricks vs CommerceIQ); CommerceIQ product offerings; Technology stack comparison; eCommerce specialization vs generalized analytics; Positioning and differentiation guidance","Databricks founded by creators of Apache Spark; Delta Lake as open-source storage layer for data lakes; Apache Spark as unified analytics engine; MLflow for machine learning lifecycle management; Databricks Workspace for collaborative workflows; Interactive notebooks with multi-language support; Automated cluster management; Databricks SQL optimized for lakehouse BI workloads; Subscription-based pricing model; Compute costs based on Databricks Units (DBUs); Storage costs based on volume of data stored and processed; Enterprise features and support add to total cost; CommerceIQ Profit Recovery Automation; CommerceIQ Digital Shelf Analytics and Optimization; CommerceIQ Retail Media Management","Databricks is a generalized data and AI platform, not purpose-built for eCommerce optimization.; CommerceIQ specializes in eCommerce sales, profitability, digital shelf, and retail media use cases.; Databricks pricing is infrastructure- and usage-based (DBUs and storage), often requiring custom quotes.; The core differentiation is build-your-own analytics platform vs pre-built eCommerce intelligence workflows.","CommerceIQ vs Databricks comparison; How does CommerceIQ compare to Databricks?; Databricks competitive positioning; Databricks vs CommerceIQ battle card; Databricks pricing model DBU; What are Databricks core products?; Delta Lake and Apache Spark overview; Databricks SQL lakehouse explanation; Why not build eCommerce analytics on Databricks?; CommerceIQ differentiation from data platforms; Databricks subscription pricing details; Databricks security and governance features; CommerceIQ profit recovery vs Databricks; Retail media management vs Databricks; Build vs buy eCommerce analytics platform","CommerceIQ Product Datasheet – focuses only on CommerceIQ features and benefits without competitive analysis.; CommerceIQ Pricing Calculator – details CommerceIQ pricing structure rather than Databricks pricing.; RMM Second Call Deck – full presentation deck for Retail Media Management with case studies and visuals.; General Competitive Landscape Overview – broader multi-competitor comparison rather than Databricks-specific.","Databricks; Delta Lake; Apache Spark; MLflow; Databricks Workspace; Databricks SQL; CommerceIQ; Profit Recovery Automation; Digital Shelf Analytics and Optimization; Retail Media Management","Databricks","","Compute costs based on Databricks Units (DBUs); Storage costs based on amount of data stored and processed","Delta Lake; Apache Spark engine; MLflow lifecycle management; Databricks Workspace collaboration; Interactive notebooks; Multi-language support; Automated cluster management; Databricks SQL; Security and governance controls; Profit Recovery Automation; Digital Shelf Analytics; Retail Media Management",,,"Active"
"Data Impact Comparison","https://docs.google.com/presentation/d/1VT92b_iG7yNa_CaAMG3NoDurIgGDLKFzRqxt2k2sI20/edit?usp=drivesdk","1VT92b_iG7yNa_CaAMG3NoDurIgGDLKFzRqxt2k2sI20","battle-card","Competitive differentiation of CommerceIQ’s data, coverage, and integration capabilities","This is the Data Impact Comparison – a competitive sales enablement comparison document outlining CommerceIQ’s omnichannel data capabilities versus alternative digital shelf and retail analytics providers, covering intraday scraping frequency, share of voice coverage, store-level data, market share measurement, data transparency, retailer breadth, mobile app coverage, advertising integration, and sales integration.","Use in competitive sales cycles, RFP responses, late-stage evaluations, and when prospects question data coverage, transparency, or integration depth.","Account Executives, Sales Engineers, Solutions Consultants, Customer Success Managers, and Revenue Enablement teams","Intraday Scraping Frequency; Share of Voice Coverage; Store-Level Data Availability; Market Share Measurement & Causality; Data Transparency & Governance; Retailer Breadth & Global Coverage; Mobile App Digital Shelf Coverage; Advertising (Retail Media) Integration; Sales & Content Optimization Integration; Customer Success & Regional Support","Most information scraped 1x to 6x per day; Top SKUs and keywords measured up to 24x per day; Thousands of keywords monitored for share of voice; Amazon market share data available now; Walmart, Target, and dozens more retailers launching Q1 2023; Store-level data across thousands of stores; Coverage across 500+ websites in 45+ countries; 750+ retailers in 50+ countries; 400+ retailers in 60+ countries (competitor benchmark); Digital shelf measurement on 50+ mobile apps; Customer-facing data integrity dashboard; 24/7 retail media bid optimization based on SOV and availability; Partnerships with Nielsen IQ and ciValue (competitor reference); Automated content correction and AI-driven content optimization; GLocal governance for managing data coverage and accuracy exceptions","CommerceIQ offers deeper intraday scraping and mobile app coverage than competitors.; CommerceIQ provides causality between digital shelf inputs and market share changes, not just descriptive metrics.; Data transparency is a key differentiator via a client-facing integrity dashboard.; CommerceIQ integrates data directly into Retail Media and Sales workflows for automated action, not just reporting.","CommerceIQ vs Nielsen IQ comparison; CommerceIQ data coverage comparison; CommerceIQ intraday scraping frequency; CommerceIQ mobile app monitoring; CommerceIQ share of voice methodology; CommerceIQ market share causality; CommerceIQ store-level data coverage; CommerceIQ retail media integration details; CommerceIQ data transparency dashboard; CommerceIQ retailer coverage by country; CommerceIQ advertising bid optimization; CommerceIQ digital shelf depth comparison; CommerceIQ Q1 2023 retailer expansion; CommerceIQ competitive battle card data impact; CommerceIQ omnichannel data differentiation","CommerceIQ Product Box – which defines product positioning, packaging, and pricing; CommerceIQ First Call Deck – which provides a high-level overview for discovery meetings; CommerceIQ Second Call Deck – which dives deeper into workflows and implementation; CommerceIQ Case Study Library – which focuses on customer results and proof points rather than feature comparisons","CommerceIQ; CommerceIQ Data Impact; Retail Media Management","Nielsen IQ; ciValue; Eretail Media","","1x–6x per day scraping frequency; 24x per day scraping for top SKUs/keywords; 500+ websites; 45+ countries; 750+ retailers in 50+ countries; 400+ retailers in 60+ countries (competitor); 50+ mobile apps monitored; Q1 2023 retailer expansion timeline","Intraday scraping; Share of Voice measurement; Market Share causality analysis; Store-level data analytics; Customer-facing data integrity dashboard; GLocal governance model; 24/7 retail media bid optimization; Automated content correction; AI-driven content optimization; Mobile app digital shelf monitoring",,,"Active"
"Quartile - Competitive Overview","https://docs.google.com/document/d/1C-84_-wMXEXQvW5qRhB3CuF5MmVL4gp-CYcr71NCIvM/edit?usp=drivesdk","1C-84_-wMXEXQvW5qRhB3CuF5MmVL4gp-CYcr71NCIvM","battle-card","Enable sales teams to position CommerceIQ against Quartile in competitive deals.","This is the Quartile - Competitive Overview - a comprehensive competitive comparison document outlining Quartile’s advertising-focused capabilities versus CommerceIQ’s broader ecommerce platform, including product feature breakdowns, AI optimization claims, strengths and weaknesses, target customer segments, and recommended FUD positioning strategy.","Use during active competitive opportunities involving Quartile, when preparing for competitive discovery calls, building objection handling strategy, or crafting differentiation messaging against AI-focused ad optimization vendors.","Sales executives, account executives, solutions consultants, and revenue leadership involved in competitive deals against Quartile.","Company overview: CommerceIQ vs Quartile; Product and solution comparison; Retail Media Management (RMM) capabilities; AI-driven optimization features; Digital Shelf Optimization (DSO); Profit Recovery Automation (PRA); Market Share tracking (MS); Strengths and weaknesses analysis; Target customer segmentation; Competitive claims and FUD strategy","AI-based Incrementality Estimation Module using iROAS standardization; Automated bid and spend adjustments (hourly updates); Full funnel optimization for retail media; Inventory-aware advertising; Dynamic share of voice and search ranking optimization; Generative AI for content creation and digital shelf optimization; Sponsored Products, Sponsored Brands, Sponsored Display management; Amazon DSP support; Google Ads, Walmart Ads, Instacart Ads, Facebook Ads management; Cross-retailer reporting and customized taxonomy reporting; Profit Recovery Automation focused on chargeback disputes; Market share tracking across retailers and categories; Integration of sales, supply chain, marketing, and operations (CommerceIQ ESM); Incrementality reporting and optimization agnostic of attribution models; Target customers: large enterprise brands vs marketplace-focused sellers","CommerceIQ offers a broader, integrated ecommerce operating system beyond ad management.; Quartile specializes in AI-driven ad optimization across major marketplaces.; Incrementality (iROAS) and inventory-aware advertising are core CommerceIQ differentiators.; Quartile is better suited for sellers focused narrowly on advertising ROI.; CommerceIQ wins in enterprise, cross-functional, long-term strategic ecommerce management.","CommerceIQ vs Quartile; Quartile competitive overview; How does CommerceIQ compare to Quartile?; Quartile strengths and weaknesses; CommerceIQ RMM vs Quartile; Quartile AI optimization claims; Inventory-aware advertising vs Quartile; Quartile incrementality comparison; Quartile target customers; CommerceIQ FUD strategy against Quartile; Quartile Amazon ad management comparison; Quartile Walmart ads comparison; iROAS vs Quartile; Quartile limitations beyond ad management; CommerceIQ differentiation from Quartile","RMM Product Deck – focuses only on CommerceIQ’s retail media capabilities without competitor comparison.; First Call Deck – high-level introductory presentation for prospects.; Pricing Calculator – commercial and ROI modeling tool.; Digital Shelf Overview – detailed DSO capability explanation without competitive framing.","Ecommerce Sales Management (ESM); Retail Media Management (RMM); Digital Shelf Optimization (DSO); Profit Recovery Automation (PRA); Market Share (MS); Sponsored Product Ads Management; Sponsored Brands Ads Management; Sponsored Display Ads Management; Amazon DSP; Google Ads Management; Walmart Ads Management; Instacart Ads Management; Facebook Ads Management","Quartile","","Hourly automated bid and spend adjustments; iROAS standardization across retailers; Incremental sales growth optimization agnostic of attribution models","AI-based Incrementality Estimation Module; Inventory-aware advertising; Dynamic share of voice optimization; Search ranking optimization; Generative AI content creation; Cross-retailer unified reporting; Customized taxonomy-based reporting; Full funnel retail media optimization; Profit recovery for chargebacks",,,"Active"
"Teikametrics Comparison","https://docs.google.com/presentation/d/16DCsGMLvvzsk7NT5XEGn7rUoetihb5uuGqpZCsgVb8M/edit?usp=drivesdk","16DCsGMLvvzsk7NT5XEGn7rUoetihb5uuGqpZCsgVb8M","battle-card","Equip sales teams to competitively position CommerceIQ against Teikametrics","This is the Teikametrics Comparison - a side-by-side competitive comparison document outlining CommerceIQ’s differentiated capabilities versus Teikametrics across Share Growth, Amazon Marketing Cloud, Supported Platforms, Retail-Aware Advertising, Share of Voice Optimization, Budget Optimization, and Incrementality measurement.","Use in competitive deals against Teikametrics, during renewal displacement conversations, or when prospects request a feature-by-feature comparison.","Account Executives, Sales Engineers, BDRs, and Sales Leadership involved in competitive deals against Teikametrics","Share Growth Capabilities; Amazon Marketing Cloud (AMC) Integration; Supported Advertising Platforms; Retail-Aware Advertising; Share of Voice (SOV) Optimization; Budget Optimization; Incrementality Measurement (iROAS)","Automatic competitive OOS conquesting flagging (CommerceIQ); AI automation of generic/branded/conquesting keyword classification vs manual classification (Teikametrics); Full market SOV and traffic insights across retailers; AMC fully integrated in-platform (CommerceIQ); Multi-touch attribution table available; Performance reporting across Search + Display + OTT; Supported platforms: AMS, DSP, Walmart, Criteo, Citrus, Instacart, Kroger (Q3); New retailer onboarding in 2–3 weeks; Tracks several thousand keywords driving >80% of sales; Teikametrics tracks 75–200 keywords; Weighted and item-level SOV tracking; Budget over-indexing during events like Prime Day; Daily budget pacing and mid-month optimization; First-of-its-kind incrementality ROAS (iROAS) using Machine Learning; Teikametrics relies on traditional ROAS only","CommerceIQ provides deeper automation and AI-driven classification than Teikametrics’ manual workflows.; CommerceIQ integrates AMC, SOV, retail data, and inventory signals directly into optimization loops.; CommerceIQ’s incrementality (iROAS) framework is a major strategic differentiator over traditional ROAS optimization.","CommerceIQ vs Teikametrics comparison; Teikametrics alternative; How does CommerceIQ compare to Teikametrics?; CommerceIQ incrementality ROAS vs Teikametrics; CommerceIQ AMC integration; Teikametrics AMC capabilities; CommerceIQ Share of Voice tracking; Teikametrics keyword tracking limits; CommerceIQ retail-aware advertising; CommerceIQ supported retailers list; CommerceIQ Prime Day budget optimization; Teikametrics inventory-aware advertising; CommerceIQ iROAS explanation; CommerceIQ DSP integration vs Teikametrics","CommerceIQ Product Overview Deck – high-level capabilities without competitive framing; CommerceIQ Pricing Sheet – outlines pricing tiers and packaging; CommerceIQ Case Study Deck – provides customer proof points rather than feature comparisons; General Omnichannel Strategy Deck – broader strategic narrative without Teikametrics comparison","CommerceIQ; Teikametrics; Amazon Marketing Cloud (AMC)","Teikametrics","",">80% of sales driven by tracked keywords; 75–200 keywords tracked by Teikametrics; 2–3 weeks to onboard new retailers; First-of-its-kind incrementality ROAS (iROAS)","Competitive OOS conquesting alerts; AI keyword classification (generic/branded/conquesting); Full market Share of Voice tracking; Multi-touch attribution table; Search + Display + OTT performance reporting; Retail-aware advertising automation; Inventory- and profit-aware advertising; Weighted and item-level SOV; Day-of-week automated budget optimization; Event-based budget over-indexing (Prime Day); Incrementality ROAS (iROAS)",,,"Active"
"AGO - Chorus Recording / Demo Video Links","https://docs.google.com/document/d/1fwLWPNbVMpP8wOEyaYpkY75TTa0c7y5vrdZ2GztKXLs/edit?usp=drivesdk","1fwLWPNbVMpP8wOEyaYpkY75TTa0c7y5vrdZ2GztKXLs","enablement-guide","Centralized access to AGO sales call and demo recordings","This is the AGO - Chorus Recording / Demo Video Links - a centralized repository containing links to a Chorus call recording and a product demo video for AGO-related sales enablement.","Use when a rep needs the AGO demo video, wants to review a recorded sales call, prepare for a live demo, or share a recording internally.","Sales representatives, sales managers, sales enablement teams, and customer success managers","Chorus call recording link; Product demo video link; AGO sales conversation example; AGO product walkthrough; Sales enablement resource access","Chorus Recording; Demo Video; Recorded AGO sales call; Recorded AGO product demonstration; Centralized access to multimedia assets","Provides direct access to AGO-related recorded sales content; Enables review of real sales conversations via Chorus; Offers a reusable demo video for training or prospect sharing","AGO demo video link; AGO Chorus recording; AGO sales call recording; AGO demo recording; Recording of AGO walkthrough; AGO call example; AGO demo replay; Chorus link for AGO; AGO product demo video; AGO recorded presentation","AGO First Call Deck – structured introductory sales presentation; AGO Second Call Deck – deep-dive product and pricing presentation; AGO Product Box – formal product definition and positioning document; AGO Battle Card – competitive comparison document","AGO; Chorus","","","","",,,"Active"
"Shalion Competitive Comparison","https://docs.google.com/document/d/1mFqLkUQq2lfegCTqKIQA6jacVWre4fwonrLaJ0GwOFg/edit?usp=drivesdk","1mFqLkUQq2lfegCTqKIQA6jacVWre4fwonrLaJ0GwOFg","battle-card","Equip sales teams to position CommerceIQ against Shalion in competitive deals.","This is the Shalion Competitive Comparison - a detailed side-by-side analysis of CommerceIQ and Shalion, outlining each platform’s key offerings, claimed unique capabilities (such as geolocation data and regional marketplace insights), and positioning guidance for when to sell against Shalion in eCommerce optimization deals.","Use in active opportunities where Shalion is a named competitor or when prospects ask about geolocation data, regional marketplace insights, or competitive intelligence comparisons.","Sales representatives, account executives, solution consultants, sales enablement teams","Overview of CommerceIQ; Overview of Shalion; Unified AI-driven eCommerce platform capabilities; Digital Shelf Optimization comparison; Retail Media tracking and optimization; Geolocation data and regional marketplace insights; Competitive intelligence tools comparison; Market share analytics; Real-time data integration; Positioning and buyer qualification guidance","CommerceIQ unified platform covering Sales Management, Digital Shelf, Retail Media, and Profit Recovery; AI-driven insights and automation across eCommerce functions; Predictive analytics for demand forecasting and inventory management; Real-time data integration across platforms; Market share analytics across various retailers; Shalion Digital Shelf Optimization including Content Health and Compliance; Search Ranking and Share of Voice monitoring; Retail Media Tracker for campaign ROI optimization; Geolocation and regional marketplace performance insights; Advanced and customizable competitive intelligence tools; Custom reports and dashboards for data transparency; Geolocation data marked as 'Not Unique'; Marketplaces insights marked as 'Unsure'; Positioning guidance: integrated solution (CommerceIQ) vs regional/competitive depth (Shalion)","CommerceIQ differentiates with a unified, AI-powered, end-to-end eCommerce platform.; Shalion is positioned strongly in regional marketplace insights and competitive intelligence.; The choice between platforms depends on whether the brand prioritizes integration and automation or granular regional and competitor analysis.; Geolocation and marketplace insights are key areas of competitive discussion.","CommerceIQ vs Shalion comparison; Shalion competitive battle card; How does CommerceIQ compare to Shalion?; Does Shalion offer geolocation data?; Shalion regional marketplace insights; Shalion competitive intelligence tools; CommerceIQ unified platform vs Shalion; Shalion digital shelf optimization features; Retail media tracker comparison Shalion; When to position against Shalion; Shalion strengths and weaknesses; CommerceIQ vs Shalion digital shelf; Shalion share of voice tracking; Shalion custom reports and dashboards","CommerceIQ Product Overview Deck – high-level capabilities without competitor comparison; Retail Media Management Battle Cards – focused on advertising platform competitors; CommerceIQ Pricing Documentation – details on pricing tiers and packaging; General Competitive Intelligence Overview – not specific to Shalion","CommerceIQ; Shalion","Shalion","","","Unified Platform; eCommerce Sales Management; Digital Shelf Analytics; Retail Media Management; Profit Recovery Automation; AI-Driven Insights and Automation; Predictive Analytics; Real-Time Data Integration; Market Share Analytics; Digital Shelf Optimization; Content Health and Compliance; Search Ranking and Share of Voice; Retail Media Tracker; Geolocation Data; Competitive Intelligence Tools; Custom Reports and Dashboards",,,"Active"
"Expert Insights FAQ - Internal","https://docs.google.com/document/d/1_l8U7aqQ-wpRgJcG_2pUquRSCH_R0l26nzd4qks7Rkc/edit?usp=drivesdk","1_l8U7aqQ-wpRgJcG_2pUquRSCH_R0l26nzd4qks7Rkc","enablement-guide","Provide internal clarity on ExpertIQ pricing, policies, and operational rules","This is the Expert Insights FAQ - Internal, a comprehensive internal-facing FAQ and pricing reference covering the ExpertIQ credit subscription model, packaging options, pricing structure, credit expiration rules, ARR eligibility, global usage policies, report options (DSO Insights and Amazon Marketing Cloud reports), and operational processes for quarterly planning and delivery.","Use during deal structuring, pricing discussions, ARR qualification questions, renewal planning, credit expiration clarification, and when aligning with Customer Success on quarterly planning cadence.","Internal Sales, Account Executives, Customer Success Managers, Sales Operations, and Revenue Leadership","Credit package options and pricing; ARR eligibility rules; Credit expiration policies; Quarterly planning and operational cadence; Global credit usage across markets; Report options (DSO Insights and AMC Reports); Ad-hoc 10-credit bundles; Contract term considerations; Support and launch communications","$25,000 minimum annual spend for 120 credits; $70,000 for 360 credits (3 packages, $5K discount); $150,000 for 840 credits (7 packages, $25K discount); $2,100 per 10-credit bundle (ad-hoc); Subscription packages count toward ARR; 10-credit bundles do not; Up to 10 credits can be carried over if customer renews base products; Ad-hoc credits expire within 90 days or at contract end (whichever is earlier); Example: 9/1 purchase with 9/30 contract end expires 9/30; Quarterly planning cadence with flexibility; Global clients can use credits across markets; Reports include DSO Insights and Amazon Marketing Cloud (AMC) Reports; Menu updates communicated quarterly; Support email: expertiq@commerceiq.ai; Credits tied to annual contract term; TBD section for contracts shorter than one year","ExpertIQ operates on a credit-based annual subscription model with a $25K minimum.; Only annual subscription packages count toward ARR; ad-hoc bundles do not.; Credit expiration rules differ significantly between subscription and ad-hoc purchases.; Quarterly planning with an Insights Manager is core to program execution.; Credits can be flexibly allocated across markets and phased throughout the year.","ExpertIQ minimum spend; ExpertIQ pricing 120 credits; Does ExpertIQ count toward ARR?; ExpertIQ 10 credit package ARR eligibility; ExpertIQ credit expiration policy; Do ExpertIQ credits expire after 90 days?; ExpertIQ carryover credits; Can ExpertIQ credits be used across markets?; ExpertIQ quarterly planning process; ExpertIQ DSO Insights cost; ExpertIQ Amazon Marketing Cloud reports; ExpertIQ contract less than one year; ExpertIQ SKU list internal; ExpertIQ ad-hoc credits expiration example; ExpertIQ support email","ExpertIQ External Menu – customer-facing list of available reports and descriptions; ExpertIQ SKU List and Rate Card – detailed internal pricing breakdown by SKU; ExpertIQ Sales Deck – presentation used to pitch the program to prospects; CommerceIQ Base Product Pricing Docs (RMM, ACP, DSO) – cover core platform pricing, not ExpertIQ credits","ExpertIQ; CommerceIQ; RMM; ACP; DSO; Amazon Marketing Cloud (AMC); DSO Insights","","","$25,000 minimum annual spend; 120 annual credits; $70,000 for 360 credits; $150,000 for 840 credits; $2,100 per 10-credit bundle; Up to 10-credit carryover; 90-day expiration for ad-hoc credits","Credit-based subscription model; Quarterly planning with Insights Manager; Global credit allocation across markets; ARR qualification rules; Credit carryover policy; Ad-hoc credit bundles; Quarterly menu update communications",,,"Work In Progress"
"Pacvue Commerce","https://docs.google.com/presentation/d/156Q3rD7XuaJRfdOZt1f8BaY2cSvVJAcazNCQpKDOfjU/edit?usp=drivesdk","156Q3rD7XuaJRfdOZt1f8BaY2cSvVJAcazNCQpKDOfjU","battle-card","Enable sales teams to position Pacvue Commerce against CommerceIQ ESM in competitive deals.","This is the Pacvue Commerce – CommerceIQ Competitive Comparison (ESM Feature Comparison) document - a detailed side-by-side feature comparison outlining Pacvue Commerce capabilities versus CommerceIQ’s ESM (Enterprise Sales Management) platform across Category Analytics, Digital Shelf, Supply Chain, Reporting, and Customer Success. The document itemizes specific functional areas such as Market Share Measurement, Digital Shelf Optimization, SKU Suppression Ticketing, Automatic PO Error Correction, Price Elasticity, and Quantified Lost Buy Box Impact to highlight competitive coverage and gaps.","Use in competitive sales cycles when CommerceIQ is shortlisted, during objection handling, RFP responses, or late-stage differentiation conversations.","Sales representatives, sales engineers, account executives, and competitive intelligence teams positioning Pacvue Commerce against CommerceIQ.","Category Analytics; Digital Shelf Monitoring; Digital Shelf Optimization; Supply Chain Forecasting & Automation; Reporting & Diagnostics; Retailer Profitability & Alerts; Customer Success & Strategic Consulting; ESM Feature Comparison","Market Share Measurement & Diagnostic; Category Leaderboard Dashboard; Amazon Fresh support; Availability monitoring; Content and Reviews tracking; Pricing & Promotion tracking; Competitive Alerts; SKU Suppression Ticketing; Variation Ticketing; 3P Catalog Correction; Consumption Forecasting; PO and Shipment Tracking; Automatic PO Error Correction; Quantified Lost Buy Box Impact; Price Elasticity analysis","Pacvue Commerce competes directly with CommerceIQ ESM across analytics, digital shelf, and supply chain capabilities.; The platform includes advanced operational automation such as PO error correction and ticketing workflows.; Reporting goes beyond dashboards to include contribution margin, Buy Box impact, and price elasticity diagnostics.; Customer Success includes structured QBRs and strategic consulting support.","Pacvue Commerce vs CommerceIQ; CommerceIQ ESM feature comparison; Pacvue digital shelf vs CommerceIQ; Does Pacvue support PO error correction?; Pacvue Buy Box impact measurement; Pacvue price elasticity analytics; Pacvue supply chain forecasting features; Pacvue SKU suppression ticketing; Pacvue vs CommerceIQ category analytics; Pacvue contribution margin reporting; Pacvue Subscribe & Save metrics; Pacvue Chrome plugin reporting; Pacvue 3P catalog correction; Pacvue retailer profitability alerts; Pacvue intraday automations","Pacvue Commerce Product Box – defines overall positioning, value proposition, and pricing rather than competitive comparison.; Pacvue First Call Deck – high-level introductory presentation.; Pacvue Pricing Calculator – ROI and cost modeling tool.; Customer Case Study Library – contains quantified customer results rather than feature comparisons.","Pacvue Commerce; CommerceIQ ESM","CommerceIQ","","","Market Share Measurement & Diagnostic; Category Leaderboard Dashboard; Digital Shelf Monitoring; SKU Suppression Ticketing; Variation Ticketing; 3P Catalog Correction; Retailer Profitability Alerts; Intraday Automations; Consumption Forecasting; PO and Shipment Tracking; Automatic PO Error Correction; Subscribe & Save Metrics; Contribution Margin; Quantified Lost Buy Box Impact; Sales Drop Diagnostic; Price Elasticity; Quarterly Business Reviews; Strategic Consulting Projects",,,"Active"
"ICP 1,2,3 Definitions","https://docs.google.com/presentation/d/1NTJ0XU3y_hoNzHP-VguvGHbqFGD-hKrIIOX8gJ4eL9Y/edit?usp=drivesdk","1NTJ0XU3y_hoNzHP-VguvGHbqFGD-hKrIIOX8gJ4eL9Y","enablement-guide","Define standardized Ideal Customer Profile tiers by revenue and category for targeting and qualification.","This is the ICP 1,2,3 Definitions - a structured definition document outlining CommerceIQ’s Ideal Customer Profile (ICP) segmentation by revenue thresholds and product categories, specifically defining Enterprise CPG, Mid-Market CPG, and Enterprise Hardlines accounts with explicit revenue bands (>$1B, $300M–$1B) and associated retail categories.","Use when qualifying accounts, segmenting territories, defining TAM, aligning on enterprise vs mid-market strategy, or clarifying which vertical categories count toward ICP 1, 2, or 3.","Sales leaders, SDRs, Account Executives, Revenue Operations, Marketing Ops, and GTM strategy teams","ICP segmentation framework; Revenue-based qualification thresholds; Enterprise CPG definition (ICP 1); Mid-Market CPG definition (ICP 2); Enterprise Hardlines definition (ICP 3); CPG category inclusions; Hardlines category inclusions; Revenue band distinctions ($300M–$1B, >$1B); Vertical-based segmentation (CPG vs Hardlines)","ICP 1: Enterprise CPG defined as ≥ $1B USD in total revenue; ICP 2: Mid-Market CPG defined as ≥ $300M USD and < $1B USD; ICP 3: Enterprise Hardlines defined as ≥ $1B USD in total revenue; CPG categories include Health & Household; Grocery & Gourmet Food category included; Pet Supplies category included; Beauty & Personal Care category included; Baby Products category included; Alcohol category included; Toys & Games category included; Hardlines categories include Home & Kitchen; Tools & Home Improvement category included; Patio, Lawn & Garden category included; Sports & Outdoors category included; Automotive and Electronics categories included","ICP tiers are defined primarily by annual revenue thresholds.; CPG and Hardlines are segmented separately at the enterprise level.; The $1B revenue mark distinguishes Enterprise from Mid-Market.; Mid-Market CPG is strictly between $300M and $1B in revenue.","ICP 1 definition; ICP 2 revenue threshold; ICP 3 Hardlines definition; Enterprise CPG revenue requirement; Mid-Market CPG revenue range; What qualifies as ICP 1?; CommerceIQ ICP segmentation; CPG vs Hardlines ICP categories; Revenue cutoff for enterprise accounts; Is $500M company ICP 2?; Hardlines enterprise definition; Ideal Customer Profile revenue bands; ICP category list; CommerceIQ target account criteria","Account Tiering Framework (which ranks accounts by strategic value beyond revenue); Vertical Playbooks (which provide industry-specific messaging and solutions); Product Qualification Guidelines (which focus on use-case fit rather than firmographics); Territory Planning Documents (which assign accounts geographically rather than by ICP definition)","","","","≥ $1B USD annual revenue; ≥ $300M USD annual revenue; < $1B USD revenue upper bound for ICP 2","Revenue-based segmentation; Category-based qualification; Enterprise vs Mid-Market distinction; CPG vs Hardlines vertical segmentation",,"2024","Active"
"DSO_Release Notes: Auto Product Tagging (Internal)","https://docs.google.com/document/d/1HhZCBIzskvFR7LauZgeolGZWhD0FK4McoSJX2iyZqSU/edit?usp=drivesdk",,"enablement-guide","Enable internal teams to position and deploy DSO Auto Product Tagging and Content Agent capabilities.","This is the DSO_Release Notes: Auto Product Tagging (Internal) – an internal sales enablement and product update document detailing the Digital Shelf Optimization (DSO) capabilities, including Auto Product Tagging, Content Agent, retailer-specific AI agents, category and SKU-level analytics pages, operational and advertising metrics, GTM rollout plan, customer offer structure, and key implementation requirements.","Use during internal sales prep, GTM planning, feature explanation, pricing discussions for Content Agent, or when detailing DSO metrics and retailer coverage.","Internal Sales, Customer Success Directors (CSDs), Marketing, GTM, and Product teams","Category Page competitive benchmarking; SKU-level analytics and metrics; Auto Product Tagging functionality; Content Agent and retailer-specific AI agents; Operations and inventory monitoring (OOS, Buy Box, Forecasting); Advertising and Share of Voice metrics; Co-op deduction and accrual recovery analytics; Digital Shelf Optimization customer offer; GTM rollout plan and deployment timeline; Implementation requirements and PIM integrations","Category Page includes competitor estimated sales and market share trends; SKU Page includes 1P and 3P sales, units sold, ASP, attributes like color and age group; Predictive OOS based on inventory level and sales velocity; Amazon forecast change detection >20% over next 6 weeks (ARAP mean forecast); Lost Buy Box detection when Amazon is seller but 3P wins; Content Agent free for 1 retailer, 1 market, 1 brand, 1 category; Supported retailers: Amazon, Kroger, Costco, Walmart; Salsify preferred PIM; no order form change required; Metrics include ROAS, iACoS, ACoS (1/7/14 day), CTR, CPC, Brand Halo Sales; Organic and Sponsored SOV (Top 3, Top 10, Page 1); Operations metrics: PO Fill Rate, Unavailability %, Weeks of Supply; Co-op Deduction Overview anchored on invoice date; Incrementality metrics: IROAS, Incremental Sales, Incremental Fraction; Inventory aging metrics: Units >90, >180, >365 days; Webinar and deployment timeline dates (12/15 through 2/2)","DSO provides end-to-end visibility across sales, operations, advertising, and content integrity.; Auto Product Tagging and Content Agent leverage AI to optimize PDP content and maintain compliance.; The customer offer includes a free entry tier with defined retailer and brand limits.; The solution proactively identifies revenue risks (OOS, Lost Buy Box, forecast changes).; Sales and CSD teams are supported with a structured GTM rollout plan and messaging sequence.","DSO Auto Product Tagging release notes; Digital Shelf Optimization internal enablement; Content Agent free offer details; Predictive Out of Stock definition; Lost Buy Box detection logic; Amazon forecast change 20% ARAP; SKU level metrics 1P 3P; Organic and Sponsored SOV metrics list; Co-op deduction overview widget; Retailers supported for automated syndication; Salsify PIM requirement for Content Agent; DSO GTM webinar timeline; Inventory aging metrics 90 180 365 days; Incrementality metrics IROAS definition; Content Authority 3P seller PDP edits","DSO external customer one-pager – high-level marketing summary without internal GTM details; Sales Agent Product Box – defines AI sales presentation tool, not DSO analytics; RMM advertising deck – focused only on retail media activation and bidding; Pricing calculator – does not contain full feature and GTM documentation","Digital Shelf Optimization (DSO); Auto Product Tagging; Content Agent; Amazon Copilot","","","ROAS; iACoS; ACoS (1/7/14 Day); Brand Halo Sales (1/7/14 Day); PO Fill Rate; Unavailability %; Lost Buy Box %; Weeks of Supply; Forecast change >20%; Organic and Sponsored SOV (Top 3, Top 10, Page 1)","Category Page benchmarking; SKU-level analytics; Predictive Out of Stock; Lost Buy Box detection; 3P Variant identification; Content Authority monitoring; Co-op Deduction Overview; Incrementality measurement; Retailer-specific content guideline updates; Automated syndication support",,,"Work In Progress"