"Document Name","URL","fileId","Document Type","documentPurpose","documentIdentity","When to Use","targetAudience","mainTopics","specificDetails","keyTakeaways","Search Queries","notToConfuseWith","productNames","competitorNames","customerNames","keyMetrics","keyFeatures","version","effectiveDate","status"
"AllyAI Agent Product Hub","https://docs.google.com/document/d/1J6qBG6orf29KRgsdSigkNvOYBHyPUaNY3dqsPidoHRw/edit?usp=drivesdk","","enablement-guide","Centralized internal hub for AllyAI agent sales enablement and certification","This is the AllyAI Agent Product Hub – a centralized internal sales enablement and training repository covering all AllyAI agents (Sales Agent, Shelf Agent, Content Agent, Media Agent), including pitch decks, demo scripts, certification requirements, competitive positioning (vs Stackline, Shalion, DSA), pricing references, FUD talk tracks, digital shelf comparisons, automation metrics, and contact resources for Marketing and Product.","Use when preparing for a Sales Agent pitch or demo, completing certification, handling competitive deals (Stackline/Shalion/DSA), accessing pricing tools, or locating training recordings and enablement assets.","Internal sales teams, account executives, sales engineers, PMM, and GTM teams preparing to sell or demo AllyAI agents","Sales Agent positioning and demo guidance; Shelf Agent, Content Agent, Media Agent resources; Certification requirements and scoring; Competitive positioning vs Stackline, Shalion, DSA; Digital Shelf Analytics (Digital Shelf 360); Automation and profit recovery metrics; Unified data and AI-driven root cause analysis; Pricing tools and country-based pricing; Internal training recordings (SKO 2026); Cross-functional value messaging","3+ billion automations; $200+ million deductions recovered; 2,500+ annual FTE hours saved; 6 of the top 10 CPG are CommerceIQ customers; Certification passing grade: 70%; Certification due date: April 1; Feedback by April 10; Intraday scraping capability; Store-level availability data; Weekly data updates critique of Stackline; Optimization for Amazon Rufus and GEO; Conversational AI: Ask AllyAI; Direct Amazon ticketing system integration; Country-based pricing (excluding market share); Gap-to-Plan recommendations and Root Cause Analysis","AllyAI Sales Agent unifies data and automates operational and financial workflows.; CommerceIQ differentiates with automation scale, transparency, and intraday data.; The hub centralizes all GTM materials, training, and certification resources.; Competitive positioning heavily emphasizes transparency, real-time insights, and proven automation.; Sales Agent supports multiple functions from Sales to Finance with actionable AI recommendations.","AllyAI Agent Product Hub; Sales Agent certification requirements; Sales Agent demo script link; Sales Agent pricing calculator; Stackline competitive FUD questions; Digital Shelf 360 comparison; CommerceIQ vs Shalion; SKO 2026 Sales Agent training recording; Ask AllyAI demo guidance; Sales Agent second call deck; Content Agent Amazon Rufus optimization; Dispute management automation details; Gap to Plan root cause analysis AI; Country-based pricing Sales Agent; AllyAI dry run pitch process","Sales Agent First Call Deck – customer-facing introductory presentation; Sales Agent Second Call Deck – detailed follow-up sales presentation; Sales Agent Product Box – strategic product definition and positioning document; Competitive Battle Cards – one-page competitor comparison sheets; Pricing Calculator – standalone pricing tool","AllyAI; Sales Agent; Shelf Agent; Content Agent; Media Agent; Digital Shelf 360; Ask AllyAI","Stackline; Shalion; DSA","","3+ billion automations; $200+ million deductions recovered; 2,500+ annual FTE hours saved; 6 of the top 10 CPG are CommerceIQ customers; 70% certification passing grade","Conversational AI (Ask AllyAI); Gap-to-Plan Recommendations; Root Cause Analysis; Unified Data Platform; Intraday Scraping; Store-Level Availability Data; Direct Amazon Ticketing Integration; Dispute Management Automation; Retail Media Reporting; AMC Insights and Incrementality","","","Active"
"Sales Agent Certification","https://docs.google.com/presentation/d/1a2a6loLWPQTCnLqJSLB4Lg8b06I9vmjGy28OQYVy9tc/edit?usp=drivesdk","1a2a6loLWPQTCnLqJSLB4Lg8b06I9vmjGy28OQYVy9tc","enablement-guide","Define and operationalize the internal certification process for selling and demoing AllyAI Sales Agent.","This is the Sales Agent Certification - an internal enablement and evaluation guide outlining the requirements, pitch structure, demo flow, scoring criteria, resources, and submission process for certifying sales reps on the AllyAI Sales Agent product. It details exactly how reps must deliver the Sales Agent Pitch and Demo, what materials to use (2nd Call Deck, Demo Script, Demo Link), certification logistics (70% passing grade, Zoom recordings, Google Form submission), deadlines (March 17 training, April 1 submission, April 10 feedback), and required dry runs prior to live opportunities.","Use when onboarding new reps to Sales Agent, preparing for certification submission, clarifying demo requirements, aligning managers and PMM on scoring standards, or answering questions about deadlines and certification logistics.","Internal sales representatives, sales managers, and product marketing managers responsible for certifying and enabling Sales Agent sellers.","Sales Agent Certification overview; Sales Agent Pitch requirements; Sales Agent Demo flow and script; Certification scoring and passing criteria; Submission process and deadlines; Required enablement resources; Dry run requirements; Pricing and calculator references","Certification Training date: March 17; Passing grade: 70%; Reviewers: Sales manager + PMM; Submission via Google Form with password-protected Zoom recordings; Due date: Wednesday, April 1; Feedback date: Friday, April 10; Redo required for scores below 70%; Pitch must use: 2nd Call Deck_Sales Agent; Demo must use: Demo_Sales Agent script and demo link; Demo includes Command Center gap-to-plan view; RCA at SKU level with recommendations; Ask Ally conversational Q&A demonstration; Dry run required 48 hours before first opportunity; References: First Call Pitch Deck - Agentic; Resource hub: GTM Enablement > AllyAI > Sales Agent","Reps must be formally certified before selling or demoing Sales Agent.; Certification requires both a structured pitch and a live demo recording.; A 70% score is required to pass; otherwise coaching and resubmission are mandatory.; The demo must clearly showcase Command Center, RCA, and Ask Ally.; Dry runs are mandatory to ensure pitch quality and win-rate optimization.","Sales Agent certification requirements; Sales Agent demo certification process; Sales Agent passing score; How to get certified on AllyAI Sales Agent; Sales Agent pitch recording submission; Sales Agent certification deadline April 1; Sales Agent demo script requirements; Sales Agent dry run requirement; Who reviews Sales Agent certification; Sales Agent certification scoring; Sales Agent Zoom recording submission; Sales Agent enablement resources; Sales Agent PMM review process; Sales Agent Command Center demo requirements; Sales Agent Ask Ally demo instructions","Sales Agent 2nd Call / Pitch Deck – customer-facing presentation content; Demo_Sales Agent Script – step-by-step demo talk track; Product Box - Sales Agent – product positioning and definition document; Sales Agent Datasheet – external-facing product summary; First Call Pitch Deck - Agentic – high-level introductory sales deck","AllyAI Sales Agent; Sales Agent; Ask Ally; Command Center; Copilot for Amazon","","","Passing grade: 70%; Dry run required 48 hours prior to first opportunity","Command Center gap-to-plan view; RCA at SKU level with recommendations; Ask Ally conversational interface; Sales Agent Pricing Calculator; Country-Based Pricing (Excluding Market Share)","","March 17 (training date); April 1 (submission deadline); April 10 (feedback date)","Active"
"Digital Shelf Optimization - Competitive Intelligence","https://docs.google.com/presentation/d/1xuKZj_eU0Lh0eJf7YcVhBuPGycK93UUmZ8pq722pmqQ/edit?usp=drivesdk","1xuKZj_eU0Lh0eJf7YcVhBuPGycK93UUmZ8pq722pmqQ","battle-card","Equip sales teams to competitively position CommerceIQ Digital Shelf Analytics against key DSA competitors.","This is the Digital Shelf Optimization - Competitive Intelligence sales enablement deck - a comprehensive competitive positioning and battlecard-style presentation focused on CommerceIQ’s Digital Shelf Analytics (DSA) capabilities versus Stackline, Shalion, Data Impact, and Omni & Beacon. It contains FUD-based discovery questions, side-by-side capability comparisons, CIQ strengths, competitive gaps, and detailed differentiation around intraday scraping, retail media integration, retailer coverage (900+ retailers across 50+ countries), and real-time bid optimization.","Use in active competitive deals against Stackline, Shalion, Data Impact, or Omni & Beacon; during objection handling around data frequency, integrations, or transparency; and in late-stage evaluations requiring differentiation.","Sales representatives, account executives, sales engineers, and competitive intelligence teams positioning CommerceIQ DSA in active deals","CommerceIQ Digital Shelf Analytics (DSA) positioning; Competitive comparisons: Stackline, Shalion, Data Impact, Omni & Beacon; Intraday scraping vs weekly scraping; Retail Media integration and 24/7 bid optimization; Retailer coverage and global expansion; Data transparency and custom reporting; FUD-based discovery questions; AI-driven automation and predictive analytics; Store-level availability and market share analytics; Unified platform integration (Sales, POS, Advertising, Availability)","Intraday scraping up to 6 times per day; Up to 24 scrapes per day for top SKUs and keywords; Stackline positioned as weekly scraping; 900+ retailers supported; 50+ countries covered; 24/7 retail media bid optimization; Integration with Sales, POS, Advertising, and Availability; Store-level availability data; Custom reporting and dashboard transparency; Shalion geolocation data capability; Profit Recovery Automation; AI-driven insights and predictive demand forecasting; Market Share Analytics across retailers; Mobile app integration coverage; Comparison references to Digital Shelf 360 and Data Impact Digital Shelf","CommerceIQ differentiates on real-time, intraday data versus competitors’ weekly updates.; Seamless integration between Digital Shelf and Retail Media with automated bidding is a core advantage.; CIQ offers broader retailer and global coverage (900+ retailers, 50+ countries).; Data transparency and customizable reporting are positioned against competitor 'black box' models.; The unified all-in-one platform provides cross-functional integration beyond standalone DSA tools.","CommerceIQ vs Stackline digital shelf; CIQ vs Shalion comparison; Data Impact vs CommerceIQ DSA; Omni & Beacon vs CommerceIQ; intraday scraping vs weekly scraping digital shelf; CommerceIQ retailer coverage 900 retailers; CIQ retail media integration with digital shelf; CommerceIQ 24/7 bid optimization; digital shelf competitive battlecard; CommerceIQ data transparency vs black box; Stackline weekly data updates concerns; Shalion geolocation capability comparison; CommerceIQ store-level availability data; DSA competitive intelligence deck; CommerceIQ unified ecommerce platform differentiation","Digital Shelf Analytics Product Datasheet – feature-focused overview without competitive framing; RMM (Retail Media Management) Competitive Battlecard – focuses on advertising competitors rather than DSA; DSA Second Call Deck – broader solution deep dive including workflow and implementation; Sales Agent Product Box – defines AI sales product positioning and pricing","Digital Shelf Analytics (DSA); Digital Shelf 360; Data Impact Digital Shelf; Omni & Beacon; Retail Media Management; Profit Recovery Automation","Stackline; Shalion; Data Impact; Omni & Beacon","","Up to 6 scrapes per day; Up to 24 scrapes per day for top SKUs/keywords; Weekly scraping (Stackline); 900+ retailers; 50+ countries; 24/7 bid optimization","Intraday Scraping; Store-Level Availability Data; Custom Reporting & Data Transparency; Retail Media Integration; Real-Time Bid Optimization; Market Share Analytics; AI-Driven Insights and Automation; Predictive Demand Forecasting; Profit Recovery Automation; Unified Sales, POS, and Advertising Integration","","","Work In Progress"
"AllyAI Sales Agent 2nd Call Deck","https://docs.google.com/presentation/d/1QZ2oSNQ9BVFRcntLSIkrJZjGFhEIJCvk00oD2MRIzL4/edit?usp=drivesdk","1QZ2oSNQ9BVFRcntLSIkrJZjGFhEIJCvk00oD2MRIzL4","second-call-deck","To support second-stage sales conversations with a deep dive into AllyAI Sales Agent capabilities and ROI.","This is the AllyAI Sales Agent 2nd Call Deck – a comprehensive sales presentation for second-stage customer conversations that details CommerceIQ’s AI-powered Sales Agent for Amazon, including unified sales intelligence, gap-to-plan forecasting, root cause analysis, AI-driven recommendations, retail media insights, profit recovery automation, and a $3.4M market share growth case study from a global pet food brand.","Use during second sales meetings, solution deep dives, Amazon sales strategy discussions, AI automation evaluations, profit recovery conversations, and retail media optimization reviews.","Sales executives, account executives, solutions consultants, and sales leadership selling CommerceIQ to Amazon-focused CPG and brand commercial teams.","Brand challenges on Amazon (margins, COGS, AI-driven behavior shifts); AllyAI as a 24x7 AI Junior Analyst; Gap-to-plan forecasting and root cause analysis; Unified sales, operations, content, advertising, and market share intelligence; Retail media reporting and AMC incrementality insights; Profit recovery and dispute management automation; AI-generated reporting and automated QBRs; Case study: pet food brand growth and automation impact; Scale metrics and enterprise adoption proof points","3+ billion automations executed; 6 of the top 10 CPG brands are CommerceIQ customers; $200+ million in deductions recovered; 2,500+ annual FTE hours saved; Recover up to 8x lost revenue and profit via multi-phase dispute process; Reduce reporting time by 50% with AI report generation; Conversational AI trained on 100k+ hours of commerce scenarios; Dashboards by category and SKU; AMC Insights and incrementality reporting; $3.4M in Sales Management / Retail Media automations; 26% CAGR growth in case study; Direct Amazon ticketing system integration; Automated QBR generation; Gap-to-plan forecasting with AI recommendations","AllyAI Sales Agent transforms data overload into actionable AI-driven recommendations.; CommerceIQ unifies sales, retail media, digital shelf, and operations in one Amazon-focused platform.; Automation at scale drives measurable ROI through profit recovery, time savings, and revenue growth.; Gap-to-plan diagnostics and root cause analysis help teams proactively hit sales targets.","AllyAI Sales Agent second call deck; CommerceIQ Sales Agent presentation; AI sales agent for Amazon brands; Gap to plan forecasting Amazon; Amazon root cause analysis tool; Automated QBR Amazon sales; CommerceIQ profit recovery automation; Amazon chargeback and deductions recovery AI; Retail media and sales unified platform Amazon; AllyAI conversational sales diagnostics; CommerceIQ case study pet food 3.4M growth; AI reporting automation for CPG Amazon; Amazon Command Center CommerceIQ; Reduce reporting time by 50% AI Amazon","AllyAI First Call Deck – high-level introductory overview for initial discovery calls; Sales Agent Product Box – defines packaging, pricing tiers, and SKU-level commercial structure; Retail Media Management (RMM) Deck – focused specifically on advertising execution rather than unified sales intelligence; Competitive Battle Cards – side-by-side competitor comparisons","AllyAI; AllyAI Sales Agent; CommerceIQ Sales Agent; Amazon Command Center","","Global pet food brand (unnamed)","3+ billion automations; 6 of top 10 CPG customers; $200+ million deductions recovered; 2,500+ annual FTE hours saved; 8x lost revenue recovery; 50% reporting time reduction; $3.4M Sales Mgmt / Retail Media automations; 26% CAGR growth","Conversational Sales Diagnostics; Gap-to-Plan Forecasting; Root Cause Analysis; AI Recommendations (AI Reco’s); Automated QBR; Dashboards by Category and SKU; Retail Media Reporting; AMC Insights & Incrementality; Dispute Management (Chargebacks, Shortages); Amazon Ticketing System Integration; Automated Reporting & Alerts","","","Active"
"Content Agent Objections ","https://docs.google.com/document/d/1KCpsRO1l4LQ9XvoqV7FBNHjRR0jwO4i30xzvA5zYt9k/edit?usp=drivesdk","1KCpsRO1l4LQ9XvoqV7FBNHjRR0jwO4i30xzvA5zYt9k","enablement-guide","Standardize and strengthen objection handling for Content Agent in sales conversations","This is the Content Agent Objections document – a centralized internal enablement guide capturing common customer objections about CommerceIQ’s Content Agent product, along with approved responses and positioning guidance to help sales, solutions, and product marketing teams address concerns during prospect and customer conversations.","Use during sales calls, technical validation discussions, security reviews, or late-stage evaluations when prospects raise concerns about PIM access, workflow disruption, messy data, or prior negative experiences with content optimization tools.","Sales representatives, solutions consultants, product marketing managers, and customer-facing CommerceIQ teams","PIM data access concerns; Read-only vs full PIM integration; Internal approval workflow alignment; Handling messy or unreliable PIM data; Comparison to legacy SEO/content tools; AI-driven retail optimization (Amazon Rufus, GEO); PDP vs PIM data evaluation; Governance and brand control over publishing; Cross-functional review process for objections; Ongoing objection intake and response workflow","Content Agent does not require full control of PIM; Supports limited, read-only PIM access; Can operate using PDP and available product data; Brands maintain full approval control before publishing; Designed to fit into existing internal approval workflows; Surfaces prioritized recommendations and draft content; Evaluates both PIM data and live PDP content; Identifies gaps, inconsistencies, and incorrect information; Recommends updates to both PIM and retailer PDP; Improves overall PIM health over time; Differentiates from static SEO/completeness tools; Optimizes for AI-driven experiences like Amazon Rufus; References GEO (Generative Engine Optimization); Addresses claim of 'already highly optimized' content; Includes internal tagging process (e.g., tag Erika for answers)","Content Agent works even with messy or incomplete PIM data.; Brands retain full control over approvals and publishing decisions.; The product integrates into existing workflows rather than bypassing them.; Legacy SEO tools do not account for AI-driven retail experiences like Amazon Rufus.; This document standardizes objection handling across sales and product teams.","Content Agent PIM access objection; CommerceIQ Content Agent data security concerns; How to respond to messy PIM data objection; Content Agent approval workflow integration; What if brand cannot give full PIM access; Content Agent vs legacy SEO tools; Amazon Rufus content optimization explanation; GEO optimization objection handling; We tried content tools before objection; Does Content Agent require PIM integration; Content Agent governance and approvals; How Content Agent improves PIM health; Content Agent PDP vs PIM comparison; Internal FAQ for Content Agent sales calls; Common objections for Content Agent","Content Agent Product Box – defines product positioning, features, and commercial packaging; Content Agent First Call Deck – high-level introductory sales presentation; Content Agent Second Call Deck – deeper product walkthrough and value proof; Content Agent Battle Cards – competitive head-to-head comparisons","Content Agent","","","","Read-only PIM access support; PDP and PIM data evaluation; Prioritized content recommendations; Draft content generation; Workflow-integrated approval process; AI-driven retail optimization; Generative Engine Optimization (GEO)","","","Active"
"Demo_Sales Agent Script","https://docs.google.com/document/d/1_Pgat_9rcuve3EmEJNVzOfQ5pyuzEGCIgcCPp1OOMlY/edit?usp=drivesdk","1_Pgat_9rcuve3EmEJNVzOfQ5pyuzEGCIgcCPp1OOMlY","talk-track","Provide a standardized live demo talk track for Sales Agent","This is the Demo_Sales Agent Script – a structured demo talk track that walks sales reps through how to position, introduce, and demonstrate the AllyAI Sales Agent, including the opening hook, problem framing, value proposition, and live demo transition using a generic demo link and Nestlé example.","Use during live Sales Agent demos, demo prep sessions, onboarding new sales reps, or when standardizing messaging for executive-facing presentations.","Sales representatives, sales engineers, and sales enablement teams demonstrating Sales Agent to prospective customers","Sales Agent introduction and positioning; Executive pain point framing (manual reporting burden); Diagnostic sales questions (pricing, traffic, media, SKU vs category); Comparison to dashboard-heavy solutions; AI analyst analogy (""junior analyst 24/7""); Pacing vs. plan visibility; Gap identification and recommendations; Root cause analysis via natural language questions; Live demo transition; Generic and Nestlé demo reference","Opening hook question about time spent weeding through reports; Example executive questions: 'Why did sales drop last week?'; Diagnostic factors: pricing, traffic, media, SKU vs whole category; Manual workflow: export data, build pivot, stitch traffic/media/inventory; Insight delay framed as 'by the week's already over'; Positioned against hours or days in dashboards; Described as a 'junior analyst who does all the heavy lifting for you, 24/7'; Shows pacing vs. plan; Identifies performance gaps; Provides recommendations; Enables root cause analysis by asking questions; Includes Demo Link (Generic Demo Link & Nestlé); Explicit transition to live demo: 'Let me show you how it works.'","Sales Agent eliminates manual report stitching and accelerates insight delivery.; The product is positioned as an always-on AI analyst that answers questions instantly.; The demo should start with a strong pain-based hook tied to leadership questions.; The script standardizes messaging to contrast Sales Agent vs dashboard-based tools.","Sales Agent demo script; AllyAI Sales Agent talk track; How to demo Sales Agent; Sales Agent positioning script; Sales Agent hook question; Why did sales drop last week demo example; Sales Agent vs dashboards messaging; Sales Agent Nestle demo; Sales Agent root cause analysis demo; AI sales analyst positioning; Sales pacing vs plan demo; Sales Agent recommendations demo; AllyAI demo script; How to explain Sales Agent in a demo","Sales Agent Product Box – defines pricing, packaging, value propositions, and competitive differentiation; Sales Agent First Call Deck – high-level overview for discovery conversations; Sales Agent Second Call Deck – detailed feature, implementation, and ROI presentation; Sales Agent Battle Card – competitive comparison vs specific competitors","AllyAI Sales Agent; Sales Agent","","Nestlé","","Pacing vs. plan visibility; Gap identification; Automated recommendations; Root cause analysis via natural language questions; 24/7 AI analyst functionality","","","Active"
"Case Study Slide Library - Copilot, DSO, RMM, Ally","https://docs.google.com/presentation/d/1AKgrmgU_a3wvFJPsMfhjshmIIDURdtxEnfnRuyOSYOE/edit?usp=drivesdk","","case-study-library","Centralized repository of case studies, proof points, and sales assets for AllyAI and CommerceIQ solutions","This is the Case Study Slide Library - Copilot, DSO, RMM, Ally - a centralized sales enablement library of customer-ready case study slides, proof points, training recordings, messaging frameworks, product boxes, and demo assets supporting AllyAI Agents (Sales, Shelf, Content, Media), Digital Shelf Optimization (DSO), Retail Media Management (RMM), and Retailer Copilots across Amazon, Walmart, and global retailers.","Use when building first-call or second-call decks, preparing retailer-specific case studies, sourcing quantified ROI metrics, answering proof-point questions about AI Agents, or assembling leave-behind materials.","Sales, Marketing, Customer Success, and Product teams building customer-facing presentations and proof-point narratives","AllyAI Agent case studies (Sales, Shelf, Content, Media); Digital Shelf Analytics (DSO) and Retailer Copilots (AVC); Retail Media Management (RMM) optimization proof points; Training & certification materials (SKO 2026, eTail pitch); Messaging frameworks and demo scripts; Retailer & geographic coverage (Amazon, Walmart, Instacart, Target); Consulting & Managed Services offerings; AI performance metrics and ROI statistics; Product roadmap (Ask AllyAI, GEO Optimization, AEO); Leave-behind case study versions and illustrative examples","4,000+ daily optimizations (AI Media Agent) vs <100 manual; 4,500+ annual ticket resolutions vs 520 manual; 355 insight packs in 3 minutes (AI Shelf Agent); 98% recovery rate on invalid co-op deductions; 458 FTE hours saved annually; $100M+ Amazon revenue brand case study; Time-to-value: 35 minutes to <1 minute (Newell/Coke stat); SKO 2026 trainings (2/2–2/5) with video and audio transcripts; 2/13 First Call & Content Agent Certification & Training Recording; CommerceIQ Sales Agent Messaging Framework.docx; AllyAI Content Agent_datasheet.pdf; Amazon geo coverage: US, CA, MX, UK, DE, FR, ES, IT, AU, NL, PL; DSO active in 110 countries; Ask AllyAI and Ask AllyAI Diagnostics (Q1 roadmap); AEO Optimization BETA and GEO Optimization (Q2)","AI Agents + human experts drive 10–100x operational performance gains.; Quantified ROI proof points (time savings, revenue recovery, optimization scale) are central to the pitch.; The library centralizes all sales-facing collateral across agents and retailer solutions.; Strong PMF signals come from time-to-value stats and simplified AI metaphors.; Global retailer and geographic coverage is a key competitive differentiator.","AllyAI case studies Amazon; AI Media Agent 4000 optimizations stat; 98% co-op deduction recovery case study; suppressed listings same day resolution example; Sales Agent 4500 ticket resolutions metric; Shelf Agent insight packs 3 minutes example; Newell Coke 35 min to 1 min stat; SKO 2026 training recordings link; Content Agent certification recording 2/13; Retailer Copilots AVC overview; DSO 110 countries coverage; Ask AllyAI roadmap Q1; AI Agents + Experts 10 to 100x slide; CommerceIQ Messaging Framework doc; Leave-behind case study slides","Sales Agent Product Box – defines product positioning, pricing, and features for Sales Agent only; RMM Second Call Deck – structured sales presentation specifically for Retail Media Management; Content Agent Datasheet – one-page product summary for external distribution; AllyAI Sales Agent 2nd Call Deck – specific meeting-stage presentation, not the full library","AllyAI Sales Agent; AllyAI Shelf Agent; AllyAI Content Agent; AllyAI Media Agent; Retailer Copilots (AVC); Digital Shelf Analytics (DSO); Retail Media Management (RMM); Ask AllyAI; Ask AllyAI Diagnostics","","Newell; Coke; Estee Lauder; Danone; Wahl Clipper; Leading Home Appliances Company; Leading Home Appliances Brand; Big Pet Food Brand","4,000+ daily optimizations; 4,500+ annual ticket resolutions; 355 insight packs in 3 minutes; 98% recovery rate; 458 FTE hours saved annually; 35 minutes to <1 minute time-to-value; $100M+ annual Amazon revenue brand","Automated Reporting (AskAllyAI, Brand Insights, Retailer Insights, Country Insights); Content Compliance monitoring; SEO Optimization; AEO Optimization BETA; Bid optimization; Budget pacing; Market Share data; Campaign management; Action optimization & review; Retail Media Management services","","","Work In Progress"
"Agent Pitch - Customer PresentationV3","https://docs.google.com/presentation/d/1vnbulKXEam0skTM35j-t9NZjGPizzUqtPIofBmSJElQ/edit?usp=drivesdk","1vnbulKXEam0skTM35j-t9NZjGPizzUqtPIofBmSJElQ","second-call-deck","Drive customer expansion and upgrade to the CIQ AI Platform using quantified value and AI Agent capabilities","This is the Agent Pitch - Customer Presentation V3 - a comprehensive customer-facing upgrade and value realization deck showcasing CommerceIQ’s AllyAI-powered CIQ AI Platform, including Content Agent, Shelf Agent, Sales Agent, and Media Agent, with quantified business impact ($4.3M value delivered, +8.5% YoY sales, +276bps CVR, +55% iROAS, +75% sales growth) and a roadmap for upgrading existing DSO, Copilot, and RMM customers to AI Agents in 2026.","Use during QBRs, second-call deep dives, renewal/upsell conversations, AI platform upgrade pitches, and executive value recap meetings","Customer Success Directors, Account Executives, and sales teams presenting to brand executives, eCommerce leaders, and retail media stakeholders for expansion and upgrade discussions","Partnership value recap and quantified business impact; Macro, retailer, and category context insights; AllyAI Content Agent capabilities; AllyAI Shelf Agent digital shelf automation; AllyAI Sales Agent and Copilot integrations; AllyAI Media Agent optimization and incrementality; Upgrade path to CIQ AI Platform (2026); Current vs Future package comparison (DSO, Copilot, RMM); Implementation roadmap and FDE deployment model; Team introduction and global scale overview","$4.3M value delivered in last 12 months; +8.5% YoY units ordered; +276bps CVR increase; 10,000 automated tickets and 2.5K hours saved; +46% YoY improvement in revenue lost to OOS; $1.5M sales recaptured; 400+ employees, 250+ engineers & data scientists; 3+ billion automations with 6 AI agents; Shelf Agent increases shelf scores by 10+ points; Coke example: 33 countries, 355 retailers, 500 insight packs; +55% iROAS increase (10-brand study); +75% sales growth from Media Agent; -12.8% CPC reduction; SOV tracking across 200 keywords per retailer; Production deployment within 60 days","CommerceIQ delivers measurable financial impact and operational efficiency; AllyAI Agents automate content, shelf, sales, and media workflows end-to-end; Customers are being upgraded from legacy modules to a unified CIQ AI Platform in 2026; Media Agent drives significant incremental revenue and cost efficiency; Implementation is structured, fast (≤60 days), and supported by Forward Deployed Engineers","Agent Pitch Customer Presentation V3; CIQ AI Platform 2026 upgrade deck; CommerceIQ AI Agents customer presentation; Content Agent Shelf Agent Sales Agent Media Agent deck; CommerceIQ $4.3M value delivered slide; Media Agent +55% iROAS case study; Shelf Agent 10+ point shelf score improvement; DSO to CIQ AI Platform upgrade; Copilot Plus vs AI Agents comparison; RMM Core to Media Agent upgrade; CommerceIQ QBR presentation template; AllyAI Content Agent free for 1 retailer; Forward Deployed Engineer 60 day deployment; Coke 33 countries shelf agent example","Product Box documents (define packaging, pricing, and SKU structure rather than presenting customer value); First Call Deck (introductory overview without deep ROI or upgrade mapping); Battle Cards (competitive comparisons vs specific competitors); Standalone Media Agent case study (focused only on advertising results)","CIQ AI Platform; AllyAI Content Agent; AllyAI Shelf Agent; AllyAI Sales Agent; AllyAI Media Agent; Copilot - Plus; Copilot - Performance; DSO - Core; DSO - Plus; DSO - Performance; RMM - Core; AllyAI Category Teammate; AllyAI Sales Teammate","","Coke (Coca-Cola example)","$4.3M value delivered; +8.5% YoY units ordered; +276bps CVR; 10,000 automated tickets; 2.5K hours saved; +46% OOS improvement YoY; $1.5M sales recaptured; +55% iROAS; +75% sales growth; -12.8% CPC; 28-day impression attribution; Deployment within 60 days","Content score reporting and gap identification; SEO and AEO PDP optimization; Digital Shelf Insight Packs; Automated branded reporting (<10 minutes); CAARS shelf readiness tracking; SOV tracking (200 keywords per retailer); Full Category Discovery; Competitor Tracking; Rules-based ROAS automation; Guided Campaign Builder; Incrementality Reporting; Forward Deployed Engineer onboarding","V3","","Active"
"CIQ_PMF_Signal_Report_Mar3-9_2026.pdf","https://drive.google.com/file/d/1n7O4sdZBnk5K_JFQSJ2ea5mTqPXC40Mk/view?usp=drivesdk","1n7O4sdZBnk5K_JFQSJ2ea5mTqPXC40Mk","enablement-guide","Diagnose and quantify weekly product-market fit signals to drive messaging, sales enablement, and roadmap prioritization.","This is the CIQ_PMF_Signal_Report_Mar3-9_2026.pdf - a weekly Product-Market Fit (PMF) Signal Report analyzing Gong sales call data to assess message-market fit, objection patterns, deal velocity, Aha moments, and roadmap gaps for CommerceIQ’s Content Agent product during the week of March 3–9, 2026. It includes quantified PMF scoring (6.5/10 overall), signal breakdowns by dimension (e.g., Aha Moment Clarity 85%, Competitive Differentiation 55%), deal velocity analysis by pain category, messaging gaps, roadmap inputs tied to active deals ($280K blocked), and a detailed PMM action plan for immediate messaging fixes and enablement content creation.","Use during GTM reviews, PMM planning, sales leadership meetings, roadmap prioritization discussions, or when diagnosing stalled Content Agent deals.","Product Marketing (PMM), Sales Leadership, Account Executives, Product Management, and GTM strategy teams","Message-Market Fit analysis; Problem-Language Alignment (Customer vs. CIQ phrasing); Aha Moment Detection in demos; Deal Velocity by Pain Category; PMF Signal Scorecard (quantitative scoring); Objection Pattern Analysis by segment; Roadmap Inputs tied to active deals; PMM Action Plan (weekly and monthly); Messaging A/B Test recommendations; Enterprise vs. Mid-Market vs. EMEA segmentation insights","Overall PMF Score: 6.5/10; Aha Moment Clarity: 85%; Competitive Differentiation: 55%; Manual PDP updates at scale: 45-day avg close, 75% win rate; AI-powered content optimization: 90-day avg close, 40% win rate; Legacy platform trust rebuilding: 120-day avg close, 30% win rate; 2 active deals worth $280K blocked by lack of PIM confidence scoring; Strong Aha workflow: PIM-PDP side-by-side comparison (landed in 4 of 6 calls); Human-in-the-loop framing reduced AI anxiety in 5 of 6 calls; Accounts mentioned: Estee Lauder, Mars Wrigley, Kimberly Clark, Wahl Clipper, P&G, Danone, Newell, Coke, Tropicana EU, Target; Messaging shift: 'content compliance' → 'organic SKU health'; Emerging frame: 'Junior analysts that never sleep'; New GTM motion: agent-to-agent integration (Target); IT security one-pager and data flow diagram identified as content gap; A/B tests: 'Less than one minute time-to-action' subject line","Content Agent has strong PMF for brands managing 10+ SKUs with manual PDP updates, but positioning gaps weaken broader adoption.; Broken PIM data, image optimization expectations, and IT security concerns are major deal blockers.; The PIM-PDP side-by-side demo workflow is the strongest repeatable Aha moment.; Messaging language misalignment ('content compliance' vs. 'organic SKU health') materially impacts buyer resonance.; Immediate PMM and roadmap actions can unlock stalled revenue and improve win rates.","PMF Signal Report March 3-9 2026; CommerceIQ PMF score 6.5/10; Content Agent product market fit analysis; Which messages are landing in Content Agent demos?; PIM-PDP side-by-side workflow feedback; Deal velocity by pain category Content Agent; Why are AI content optimization deals stalling?; PIM confidence scoring blocking deals; Organic SKU health vs content compliance messaging; Junior analysts metaphor sales feedback; IT security objection mid-market AI tools; EMEA legacy trust rebuilding PMF risk; Agent-to-agent integration Target GTM motion; Weekly Gong call analysis CommerceIQ; Roadmap inputs blocking $280K deals","Content Agent Sales Deck – external presentation used in customer meetings; Sales Agent Product Box – defines product packaging, pricing, and positioning; Customer Case Study Deck – showcases proof points and success stories; Battle Cards – competitive comparison one-pagers","Content Agent","","Estee Lauder; Mars Wrigley; Kimberly Clark; Wahl Clipper; P&G; Danone; Newell; Coke; Tropicana EU; Target Corporation; Mars Food","Overall PMF Score: 6.5/10; Aha Moment Clarity: 85%; Competitive Differentiation: 55%; Manual PDP updates: 45 days avg close, 75% win rate; AI-powered optimization: 90 days avg close, 40% win rate; Legacy trust rebuilding: 120 days avg close, 30% win rate; $280K in blocked deals tied to PIM confidence scoring","PIM-PDP side-by-side comparison workflow; Human-in-the-loop control framing; Agent-to-agent API integration; PIM confidence scoring (proposed); Image optimization capability (expected gap); IT security data flow documentation; Organic SKU health scoring; Broken PIM compatibility messaging","","Week of March 3–9, 2026","Active"
"CIQ Service Level Agreement.pdf","https://drive.google.com/file/d/16L5AhQkqBwMaeMauO_hbyPrD6SM4zdrk/view?usp=drivesdk","16L5AhQkqBwMaeMauO_hbyPrD6SM4zdrk","datasheet","Define CommerceIQ’s contractual uptime commitment and remedies for service unavailability.","This is the CIQ Service Level Agreement (SLA) - a formal contractual document defining CommerceIQ’s service availability commitment (99.5% monthly uptime), scheduled maintenance windows, service credit structure (5%, 7.5%, 10% tiers), SLA claim process, termination rights tied to sub-95% performance, and exclusive remedy terms. It outlines the specific conditions, exclusions, and financial remedies that apply if CommerceIQ fails to meet its uptime obligations.","During procurement, legal review, enterprise negotiations, SLA discussions, IT due diligence, or when addressing uptime and reliability questions.","Procurement teams, enterprise IT stakeholders, legal teams, sales teams supporting contract negotiations, and customer success managers","Service Availability commitment (99.5%); Scheduled Downtime and Maintenance Window; Service Availability exclusions; SLA Claims Process; Service Credit calculation tiers; Maximum credit cap (10%); SLA Termination Event definition; Exclusive remedy clause","99.5% monthly Service Availability target; Measured over a calendar month; Scheduled Downtime window: 2:00 am – 6:00 am EST; 24-hour advance notice if outside Maintenance Window; Customer must submit SLA claim within 5 business days; 5.0% credit for >97.5% and ≤99.5% availability; 7.5% credit for >95.0% and ≤97.5% availability; 10.0% credit for ≤95.0% availability; Maximum credit capped at 10% of monthly fee; Credits applied to next invoice, not redeemable for cash; SLA Termination Event if <95% availability; Trigger requires 4 months below 95% within 2 consecutive quarters; Termination allowed without opportunity to cure; Exclusive remedy clause limits liability to credits or termination","CommerceIQ contractually commits to 99.5% monthly uptime.; Customers receive tiered service credits if uptime falls below 99.5%, capped at 10%.; Persistent sub-95% uptime can trigger termination rights.; Claims must be filed within 5 business days via support ticket.; Service credits are the exclusive financial remedy for availability failures.","CIQ SLA uptime commitment; CommerceIQ 99.5% availability guarantee; CIQ service credits calculation; CommerceIQ downtime policy; CIQ maintenance window EST; SLA termination event CommerceIQ; CIQ 95% availability threshold; CommerceIQ exclusive remedy clause; How to file SLA claim CIQ; CIQ service credit percentage tiers; CommerceIQ scheduled downtime policy; CIQ uptime exclusions; CommerceIQ SLA last updated; CIQ availability monthly calculation","Master Services Agreement (MSA) – governs broader contractual and commercial terms beyond uptime; Security or Compliance Documentation – focuses on data protection and certifications; Product Datasheets – describe features and functionality, not contractual service guarantees; Customer Support Policy – outlines support responsiveness rather than uptime commitments","CIQ Service; CommerceIQ","","","99.5% monthly Service Availability; 2:00 am – 6:00 am EST Maintenance Window; 5 business days to submit SLA claim; 5.0% service credit tier; 7.5% service credit tier; 10.0% service credit tier; 10% maximum monthly credit cap; 95% availability termination threshold; 4 months within 2 consecutive quarters trigger termination","Service Availability definition; Scheduled Downtime policy; Maintenance Window definition; Service Availability exclusions; SLA Claims Process; Tiered Service Credit structure; SLA Termination Event clause; Exclusive remedy provision","","October 6, 2020","Active"
"8/3 Ally 2 Training Deckv2","https://docs.google.com/presentation/d/1OE9r6Mzj-Zf_YmoBlF_j5E1-PEszixzoZ4d0Z2Zm3Gs/edit?usp=drivesdk","1OE9r6Mzj-Zf_YmoBlF_j5E1-PEszixzoZ4d0Z2Zm3Gs","training-deck","Enable sales team to commercialize and sell AllyAI Sales Teammate II at GA","This is the 8/3 Ally 2 Training Deckv2 - an internal sales enablement and General Availability (GA) training presentation covering the commercialization, positioning, packaging, pilot motion, and value proposition of AllyAI Sales Teammate II (Gap-to-Plan, Root Cause Analysis, and Recommendations) within the CommerceIQ Amazon Copilot strategy. It includes case studies (e.g., +20% YoY growth, +101% pacing-to-plan improvement, $1.3M PO recovery, 40% organic rank lift), pricing/packaging guidance (CORE, PLUS, PERFORMANCE, add-ons), pilot requirements, implementation timelines (30-day results), and AE selling motion guidance.","Use for internal training on AllyAI Sales Teammate II, preparing for Performance package pitches, structuring pilots, explaining Gap-to-Plan/RCA capabilities, and aligning on pricing and packaging strategy.","CommerceIQ Account Executives, Solution Consultants, Sales Leadership, and Revenue Enablement teams","AllyAI Sales Teammate II General Availability (GA); Amazon Copilot strategy and packaging (CORE, PLUS, PERFORMANCE); Gap-to-Plan Management and SKU-level modeling; Root Cause Analysis (RCA) frameworks and decision trees; Pilot process, implementation requirements, and time to value; Pricing, add-ons, and renewal strategy; Case studies and ROI proof points; AE selling motion and commercialization plan","Personal Care brand achieved +20% YoY growth; Pacing improved from 88% to +101% after implementation; $1.3M increase in POs due to missing promos identified; 40% lift in Organic Rank for a Consumer Goods manufacturer; -41% YoY sales decline tied to lost Buy Box and glance view drop; 3.5% reduction in Total Advertising Cost of Sale (TACoS); Pricing structured as % of OPS; Performance package includes Ally Sales Teammate II and Intraday Ticketing; PLUS includes Incrementality Reporting and Ally Sales Teammate I (PPTs); Immediate availability of Gap-to-Plan and RCA insights; Typical results seen within 30 days; Pilot contract structure: 2 + 12; Requires Amazon Vendor Central and Amazon Marketing Console access; Jobs to Be Done: pacing, drivers, SKU gaps, actions; Embedded insights and 1-click executive reports","AllyAI Sales Teammate II enables proactive Gap-to-Plan tracking and root cause-driven action.; Clear ROI proof points support Performance package upsell.; Successful pilots require VP+ alignment, measurable outcomes, and weekly execution cadence.; Teammate I vs II positioning is critical during packaging and proposal discussions.; AI-driven sales optimization unifies sales, shelf, and media data into a command center.","AllyAI Sales Teammate II GA deck; 8/3 Ally 2 Training Deck v2; Gap to Plan CommerceIQ; Root Cause Analysis sales deck; Ally pilot process requirements; Performance package vs PLUS CommerceIQ; AllyAI pricing as percent of OPS; Ally Sales Teammate I vs II difference; CommerceIQ $1.3M PO case study; Personal Care +20% YoY Ally case; 40% organic rank lift CommerceIQ; How to sell AllyAI internally; Amazon Copilot strategy sales enablement; Intraday ticketing AllyAI; SKU level modeling under spend zone","AllyAI customer-facing pitch deck – external presentation for prospects; AllyAI product datasheet – high-level feature summary without selling motion; RMM or Retail Media Management deck – focused specifically on advertising activation; Digital Shelf deck – focused on content, availability, and shelf metrics only","AllyAI Sales Teammate I; AllyAI Sales Teammate II; Amazon Copilot; ESM; PRA; Incrementality Reporting; Intraday Ticketing; Market Insights; Performance Package","","Personal Care Brand; Household Appliance Manufacturer; Worldwide Toy Manufacturer; Consumer Goods manufacturer; Worldwide beverage company","+20% YoY growth; +101% pacing to plan after implementation; 88% pacing before; $1.3M increase in POs; 40% lift in organic rank; -41% YoY sales decline example; 3.5% reduction in TACoS; Results within 30 days; 2 + 12 contract structure","Gap-to-Plan recommendations; Root Cause Analysis (RCA); SKU-level modeling; Embedded insights; 1-click executive reports; Intraday ticketing; Incrementality reporting; Market Insights (200 KWs); AMS Integration; Chrome Plug-in; Data Lake Integration; Single Sign-on","v2","August 3","Active"
"Ally Training Deck 5/9","https://docs.google.com/presentation/d/1ZxSGExOKRkpMJhynxUeecVBHtJ4aGIMBih6ZX75ZmA4/edit?usp=drivesdk","1ZxSGExOKRkpMJhynxUeecVBHtJ4aGIMBih6ZX75ZmA4","training-deck","Enable internal teams to position, sell, and operationalize AllyAI teammates","This is the Ally Training Deck 5/9 - a comprehensive internal sales enablement presentation introducing AllyAI as “the industry’s first suite of role-specific AI teammates,” covering Sales, Media, and Category AI teammates, their jobs-to-be-done (JTBD), root cause analysis capabilities, gap-to-plan identification, 1-click executive reporting, AI-driven bid and budget optimization, and quantified performance results (e.g., -85% YoY sales decline example, $691K media gap closure opportunity, $2.47M quarterly miss projection, -$19.29K brand gap, $137K OOS risk, Q1 2025 efficiency gains across 10 brands).","Use for internal sales training, onboarding new reps, prepping for Ally prospect calls, aligning cross-functional teams on Ally value proposition, and gathering quantified proof points for pitches.","Internal sales, account management, retail media, category analytics, and sales leadership teams","AllyAI positioning as role-specific AI teammates; Sales Teammate JTBD (Gap to Plan, RCA, 1-click reporting); Media Teammate bid & budget optimization (iROAS); Category & Digital Shelf insights; Root Cause Analysis decision tree; Gap Closure and media reallocation; Content optimization via AI keyword identification; Out-of-stock risk prediction & availability monitoring; Executive reporting automation; Unified data & AI automation thesis","Sales down -85% YoY example; $691K media gap closure opportunity; Monster Jam SKU under pacing by $137K; Quarter miss projection of $2.47M; Games category shortfall $1.1M; Wheels/Action shortfall $937K; Preschool shortfall $787K; Brand A missing -$19.29K MTD; Organic SOV decline -6.8%; Brand A SOV decline -5.38%; Q1 2025 results from 10 brands; Reduce manual reporting time by 50%; 70 retail partners in availability reporting example; AI-identified missing keyword: “Sensory Bin”; CIQ positioned 18 months ahead of competition (customer quote)","AllyAI unifies siloed commerce data into actionable, role-specific insights.; AI-driven root cause analysis and gap-to-plan insights enable faster performance recovery.; Media optimization models improve iROAS while lowering CPC and increasing efficiency.; 1-click reporting dramatically reduces manual reporting workload.; Predictive insights (availability, pacing, SOV) enable proactive decision-making.","AllyAI Sales Teammate JTBD; Ally gap to plan example; Ally root cause analysis decision tree; AllyAI media optimization iROAS model; Ally Q1 2025 results 10 brands; Ally reduce reporting time 50%; Ally $2.47M quarter miss example; Ally $691K media reallocation case; Ally out of stock prediction example; Ally digital shelf insights reporting; Ally SKU deep dive example; Ally share of voice decline analysis; Ally 1-click executive reports; Ally training deck internal; Ally role-specific AI teammates overview","Ally First Call Deck – external introductory sales presentation; Ally Second Call Deck – detailed customer-facing product deep dive; Ally Datasheet – concise feature and benefit summary; Ally Product Box – formal product definition including packaging and pricing","AllyAI; AllyAI Sales Teammate; AllyAI Media Teammate; AllyAI Category Teammate; CommerceIQ","","","Sales down -85% YoY; $691K media gap closure; $137K OOS pacing gap; $2.47M quarterly miss projection; $1.1M Games shortfall; $937K Wheels/Action shortfall; $787K Preschool shortfall; -$19.29K Brand A MTD gap; -6.8% Organic SOV decline; 50% reduction in reporting time","1-click PowerPoint and Excel reporting; Automated Root Cause Analysis; Gap to Plan identification; SKU deep dive analysis; Goal optimization for iROAS; Daily-trained bid and budget models; Efficient Bid Frontier; Embedded insights; Availability risk prediction; Content keyword gap detection","5/9","","Active"
"CommerceIQ-AI Retail-Survey- Report-2026.pdf","https://drive.google.com/file/d/1Bo9_-x9N3eCU9FahS4E3NfSFyJyh6gPw/view?usp=drivesdk","1Bo9_-x9N3eCU9FahS4E3NfSFyJyh6gPw","enablement-guide","Provide data-backed market validation for AI agent adoption in retail commerce","This is the CommerceIQ AI Retail Survey Report 2026 - a research-driven thought leadership report presenting findings from a Qualtrics survey of 240 marketing and sales decision-makers at $300M+ ecommerce brands, detailing commerce leaders’ readiness for AI agents, budget reallocation from agencies to AI, adoption barriers, non-negotiable requirements (data trust, unified context, ROI, integration, human oversight), priority 2026 AI investment areas, and strategic recommendations for AI adoption in retail media, digital shelf, and ecommerce operations.","Use in executive sales conversations, strategic account planning, thought leadership outreach, AI readiness discussions, and when validating market demand for AI agents versus agencies.","Sales teams, account executives, marketing leaders, retail media strategists, and CommerceIQ executives engaging VP and C-level ecommerce decision-makers","AI agent familiarity and adoption levels; Budget reallocation from agencies to AI; Barriers to AI adoption in commerce; Non-negotiable requirements for AI solutions; Operational challenges in retail media and digital shelf; Unified data and business context requirements; Human-in-the-loop AI expectations; Top AI investment priorities for 2026; Agency model limitations vs AI agents; Survey methodology and respondent demographics","240 respondents surveyed by Qualtrics; Brands with $300M+ in annual ecommerce revenue; 71% very familiar with or actively using AI agents; 69% ready to pilot or already using AI agents; 80% likely or very likely to shift budget from agencies to AI; 82% expect AI investment to increase; 86% past exploration phase with AI; 56% cite data trust/quality as biggest barrier; 49% require integration with existing systems; 48% require proven ROI before committing; 82% say unified business context is critical; 43% require human-in-the-loop oversight; 46% say data isn’t actionable; 42% lack time to make decisions; 55% say agency costs don’t match results","AI agents are becoming the expected operating model in commerce, not an experimental initiative.; Commerce leaders are ready to shift significant budget from agencies to AI, but only if trust, ROI, integration, and oversight requirements are met.; Unified context across sales, media, and shelf is the most critical capability (82%) for AI adoption.; Manual and agency-driven models cannot scale with SKU and retailer complexity; AI is positioned as the structural solution.","CommerceIQ AI Retail Survey Report 2026; How many brands are using AI agents in retail?; 80% shifting budget from agencies to AI; AI adoption statistics ecommerce 2026; Non-negotiable requirements for AI adoption retail; Unified context AI commerce 82%; Human-in-the-loop AI retail percentage; Commerce leaders biggest performance challenges data not actionable; AI investment increase 82% commerce leaders; Qualtrics retail AI survey 240 respondents; Agency vs AI budget shift statistics; Retail media AI optimization adoption; Barriers to AI adoption data trust 56%; AI agents familiarity 71%; Where will brands invest in AI in 2026?","CommerceIQ Product Datasheet – which details specific platform features and capabilities; CommerceIQ Pricing Deck – which outlines commercial models and packaging; Retail Media Management Second Call Deck – which focuses on product demo and feature depth; Competitive Battle Cards – which compare CommerceIQ against specific vendors","CommerceIQ AI agents","","","71% familiar with or using AI agents; 69% ready to pilot or already using AI agents; 80% likely to shift budget from agencies to AI; 82% expect AI investment to increase; 86% past exploration phase; 56% data trust barrier; 53% require stronger data security; 49% require integration; 48% require proven ROI; 82% unified context critical; 43% require human oversight; 46% data not actionable; 42% lack time to decide; 55% agency costs don’t match results","Unified business context across sales, media, and shelf; Human-in-the-loop AI oversight; Decision transparency (non-black-box AI); Clean, trusted unified data; Integration with existing systems; Proven ROI measurement; Predictive demand capabilities; PIM compliance automation; Autonomous retail media optimization agents","2026 Edition","January 2026","Active"
"AllyAI Sales Teammate","https://docs.google.com/presentation/d/1CxJFq3Y56UDNfCaQqaQAzflnyJ_UB86HGGE5BKxmFYc/edit?usp=drivesdk","1CxJFq3Y56UDNfCaQqaQAzflnyJ_UB86HGGE5BKxmFYc","first-call-deck","Introduce and position AllyAI Sales Teammate as an AI-driven gap-to-plan and sales execution solution.","This is the AllyAI Sales Teammate - a comprehensive sales enablement presentation detailing the AI-powered sales performance management solution that provides gap-to-plan forecasting, root cause analysis, and actionable recommendations to help retail and ecommerce teams hit their sales targets. It includes product positioning, feature breakdowns, AI capabilities, customer testimonials, quantified performance results (e.g., +101% pacing to plan improvement, 3.5% TACoS reduction, +20% YoY growth), and use cases across CPG, beverage, personal care, toy, and appliance brands.","Use during first-call or early-stage sales conversations to explain AllyAI Sales Teammate capabilities, share proof points, and align on sales plan challenges.","Sales leaders, ecommerce directors, omnichannel leaders, retail analytics teams, and CPG brand executives responsible for hitting sales targets","Retail sales team challenges (data silos, data overload, lack of insight); Gap-to-plan forecasting and quarterly pacing; Root cause analysis across traffic, conversion, inventory, Share of Voice; AI-driven recommendations (media, search, content, budget reallocation); SKU-level performance insights; Media optimization and TACoS improvement; Out-of-stock (OOS) risk identification; Embedded insights and 1-click executive reports; Customer case studies and testimonials; Integration within CommerceIQ Command Center","88% missing plan BEFORE vs +101% pacing to plan AFTER; 3.5% reduction in Total Advertising Cost of Sale (TACoS) while increasing Total Sales; +20% YoY growth for Personal Care Brand; -41% YoY sales decline example tied to lost Buy Box and drop in glance views; 100k+ hours of AI training data; 1400 retailers in CommerceIQ AI model training set; Optimizes 1000s of keyword bids using 50+ signals (Media Teammate reference); AI identifies missing search themes per SKU contributing to plan gap; Root cause decision tree highlighting Share of Voice decline; Decline driven by organic and paid SOV; example driven by brand C rank loss on 'term 1'; Identify SKUs to add, remove, or maintain media budget; OOS risk alerts before they impact plan; Embedded insights and 1-click executive reports; Amazon Copilot turnkey integration; Customer quotes from beverage, toy, appliance, and omnichannel leaders","AllyAI Sales Teammate proactively identifies and closes sales plan gaps with AI-driven recommendations.; The solution combines forecasting, root cause analysis, and prescriptive actions in one Command Center.; Quantified results show measurable impact on pacing, TACoS, and YoY sales growth.; Designed for daily use by sales, ecommerce, and analytics leaders to replace reactive fire drills.","AllyAI Sales Teammate overview deck; How does AllyAI help hit sales plan?; Gap to plan AI solution; Sales pacing to plan forecasting tool; Root cause analysis for ecommerce sales decline; AI recommendations to close sales gap; TACoS reduction case study AllyAI; Personal Care brand +20% YoY AllyAI; AllyAI Command Center recommendations; Identify OOS risk to sales plan; SKU level insights lost Buy Box impact; CommerceIQ AI 100k hours 1400 retailers; AllyAI vs reactive sales execution; Media budget reallocation AI recommendations; Embedded executive reporting ecommerce AI","AllyAI Media Teammate deck – focused specifically on media bid optimization and advertising execution; AllyAI Category Teammate materials – focused on category management insights; Technical architecture documentation – covers backend AI and system integrations; Pricing proposals or commercial agreements – detail cost structures and contract terms","AllyAI Sales Teammate; AllyAI Media Teammate; AllyAI Category Teammate; CommerceIQ AI Model; Amazon Copilot","","Worldwide beverage company; Personal Care Brand; Household Appliance Manufacturer; Worldwide Toy Manufacturer; Consumer Goods manufacturer","88% missing plan before; +101% pacing to plan after; 3.5% reduction in Total Advertising Cost of Sale (TACoS); +20% YoY growth; -41% YoY sales decline example; 100k+ hours of AI training; 1400 retailers in training data; 50+ signals for bid optimization","Projected Pacing to Plan; Gap to Plan Management; Root Cause Analysis decision tree; SKU Insights; AI Recommendations; Media Budget Reallocation; Search Optimization Recommendations; OOS Risk Identification; Embedded Insights; 1-click Executive Reports; Command Center integration","","","Active"
"AI Goal Optimizer - Internal Training Deck V2","https://docs.google.com/presentation/d/1icEP_MRHspJzIOkHHXA9heemdaOEIAvaugt_F2SG-Yw/edit?usp=drivesdk","1icEP_MRHspJzIOkHHXA9heemdaOEIAvaugt_F2SG-Yw","training-deck","Train internal teams on how to position and explain AI Goal Optimizer’s incrementality-driven optimization engine.","This is the AI Goal Optimizer - Internal Training Deck V2 - a comprehensive internal enablement presentation detailing CommerceIQ’s AI-powered Goal Optimizer (powered by AllyAI), covering its incrementality-based bidding and budget allocation methodology, proprietary algorithms (ASAS, 3D Bid Efficiency Frontiers, Real-Time Optimization Flywheel), product walkthrough, UI capabilities, seasonality controls, real-time optimization engine, and quantified performance results across 10 brands including Pilgrim’s Pride (+55% ad sales, +75% growth in performance metrics, -12.8% CPC reduction, +41.83% iROAS lift, +58.62% ad sales lift, -16.21% CPC efficiency gains).","Use for internal sales onboarding, pre-call preparation, enablement sessions, or when building messaging around incrementality, AI bidding, and budget reallocation.","Internal sales teams, sales engineers, customer success managers, retail media strategists, and go-to-market enablement teams at CommerceIQ","Incrementality (iROAS) vs traditional ROAS optimization; AI-driven bid and budget optimization across thousands of keywords; Real-time data integrations (Amazon Marketing Stream, Walmart hourly data); Proprietary algorithms (ASAS, 3D Bid Efficiency Frontiers, Optimization Flywheel); Daily budget reallocation and seasonality detection; Custom KPI alignment (iROAS, SoV, ROAS, total sales); Digital shelf signal integration (price, promotion, availability, OOS); Case study: Pilgrim’s Pride; UI walkthrough and workflow simplification; Competitive positioning vs MMM and legacy models","+55% ad sales growth across brands; +75% performance improvement metric cited; -12.8% CPC reduction; +41.83% iROAS surge; +58.62% ad sales amplification; -16.21% CPC efficiency improvement; +51.2% traffic (clicks) growth; +39.98% ROAS uplift; Results from 10 brands in Q1 2025; 50+ data signals used in model; Thousands of keywords optimized daily; Amazon Marketing Stream hourly integration; Walmart hourly CTR, clicks, impressions integration; Campaign Potential Assessment System (ASAS); 3D Bid Efficiency Frontiers and Real-Time Optimization Flywheel","The AI Goal Optimizer prioritizes incrementality (iROAS) over vanity ROAS metrics.; Real-time AI reallocates budgets daily within constraints to maximize efficiency.; Digital shelf + retail media signals are combined for total sales optimization.; Proprietary algorithms prevent overspending beyond efficient bid frontiers.; Proven cross-category results demonstrate scalable incremental growth.","AI Goal Optimizer internal training deck; AllyAI incrementality model explanation; CommerceIQ iROAS optimization training; ASAS Campaign Potential Assessment System; 3D Bid Efficiency Frontier explanation; Real-Time Optimization Flywheel CommerceIQ; AI budget reallocation daily optimization; Pilgrim’s Pride CommerceIQ case study; AI optimizer 50+ signals Amazon Marketing Stream; CommerceIQ vs MMM incrementality comparison; How does CommerceIQ prevent ROAS cannibalization?; AI Goal Optimizer Q1 2025 results; Custom KPI alignment iROAS SoV ROAS; Digital shelf signal optimization CommerceIQ; Seasonality and tentpole budget allocation AI","AI Goal Optimizer Customer-Facing Sales Deck – external, shorter, polished version for prospects; CommerceIQ Product Datasheet – high-level 1-2 page summary without technical depth; Retail Media Management Second Call Deck – broader retail media capabilities beyond Goal Optimizer; Competitive Battle Cards – focused solely on competitor comparisons","CommerceIQ AI Goal Optimizer; AllyAI; Campaign Potential Assessment System (ASAS); 3D Bid Efficiency Frontiers; Real-Time Optimization Flywheel","Backward-looking MMM models; Other incrementality models (unnamed)","Pilgrim’s Pride; Aaron Conkey","+55% ad sales growth; +75% campaign performance improvement; -12.8% CPC reduction; +41.83% iROAS surge; +58.62% ad sales amplification; -16.21% CPC efficiency gain; +51.2% clicks increase; +39.98% ROAS uplift","Incrementality-based optimization (iROAS); Custom KPI alignment (iROAS, SoV, ROAS, total sales); Daily dynamic budget reallocation; Seasonality detection and tentpole budget controls; 50+ signal neural network model; Digital shelf signal integration; Amazon Marketing Stream integration; Walmart hourly data integration; Live Goal Tracker dashboard; Granular product and keyword-level bid optimization","V2","Q1 2025 (references) / Training held 05/29/2025","Active"
"AllyAI Teammate I S&S Dashboard Example Generic ","https://docs.google.com/presentation/d/1uhmhOXzmxE6Q9eznkbTMVnLo3bCnwZJWes8u_CAxC9A/edit?usp=drivesdk","1uhmhOXzmxE6Q9eznkbTMVnLo3bCnwZJWes8u_CAxC9A","datasheet","Demonstrate S&S dashboard capabilities and subscription analytics interface","This is the AllyAI Teammate I S&S Dashboard Example Generic - a sample Subscription & Services (S&S) performance dashboard showcasing brand- and SKU-level subscription revenue, OPS loss due to out-of-stocks (OOS), period-over-period comparisons, and key KPIs such as sales $, unit volume (in K), percentage growth/decline, and price changes across multiple brands and SKUs.","Use during product demos, second calls, or discovery sessions when showcasing subscription performance tracking, brand/SKU drill-down, or OOS-related revenue analysis.","Sales executives, account executives, solutions consultants, and prospective retail or CPG clients evaluating subscription analytics capabilities","Subscription & Services (S&S) performance overview; Period-over-period comparison (current vs last period); % OPS loss due to OOS tracking; Brand-level subscription revenue performance; SKU-level drill-down functionality; Unit volume performance (in thousands); Brand share and contribution percentages; Revenue change by brand; Price change by brand/SKU; Interactive metric filtering","OPS loss improvement from +0.45% to -1.25%; Revenue example: $22.2M +3%; Revenue example: $6M +6.9%; Revenue example: $4M +10%; Revenue example: $1.1M -5%; Unit volume example: 150K +1%; Unit volume example: 16K -4%; Unit volume example: 12.3K +1.1%; Brand share example: 24% -4%; Brand share example: 13.4% +8.1%; Revenue shift example: $0.5M -15%; Revenue shift example: $0.9M +11%; Price example: $99.5 +8.1%; Price example: $73.10 -9.8%; Dated dashboard view: 12/3/25","AllyAI Teammate I provides clear period-over-period subscription performance comparisons.; The dashboard identifies revenue impact from OOS-driven OPS loss.; Users can analyze performance at both brand and SKU levels.; Revenue, volume, share, and price metrics are consolidated in one interface.; Interactive filtering enables rapid identification of growth and decline drivers.","AllyAI S&S dashboard example; Teammate I subscription dashboard; OPS loss due to OOS reporting example; Subscription performance by brand and SKU; Period over period subscription comparison dashboard; AllyAI subscription revenue analytics; S&S dashboard 12/3/25 example; Brand level subscription revenue view; SKU drill down subscription analytics; Subscription volume in thousands dashboard; Price change tracking in subscription dashboard; Brand share percentage subscription report; Out of stock impact on subscription revenue; Generic S&S dashboard mockup; AllyAI Teammate I analytics interface example","AllyAI Teammate I Product Box – defines positioning, value proposition, and pricing rather than showing dashboard visuals; AllyAI Second Call Deck – full sales narrative presentation including implementation and ROI; AllyAI Case Study Library – contains named customer success stories with quantified outcomes","AllyAI Teammate I","","","% OPS loss (+0.45% to -1.25%); Subscription revenue (e.g., $22.2M +3%, $6M +6.9%); Unit volume (e.g., 150K +1%, 16K -4%); Brand share (e.g., 24% -4%, 13.4% +8.1%); Price changes (e.g., $99.5 +8.1%, $73.10 -9.8%)","Metric filter selection; Period-over-period comparison; Brand-level performance view; SKU-level drill-down via brand arrow; OPS loss due to OOS tracking; Revenue, volume, share, and price visualization","","12/3/25","Active"
"Ally I Teammate Training","https://docs.google.com/presentation/d/1nYPCt3ZJLtDZDm-y27jykNt0-2guUdURHk4iGgaYMno/edit?usp=drivesdk","1nYPCt3ZJLtDZDm-y27jykNt0-2guUdURHk4iGgaYMno","training-deck","Enable internal teams to demo, position, and drive adoption and renewal of AllyAI Teammate I.","This is the Ally I Teammate Training - a comprehensive internal product demo and sales enablement deck covering AllyAI Teammate I’s AI-powered reporting, 1-click executive report generation, real-time insights, use cases, adoption programs, renewal strategy, and positioning for customers like Coca-Cola and a National Apparel Brand.","Use during internal sales training, demo preparation, QBR prep enablement, renewal strategy discussions, or when aligning on Ally messaging and use cases for customers like Coca-Cola.","Internal CommerceIQ sales, category, media, analytics, and enablement teams preparing to demo, position, and renew AllyAI Teammate I.","AllyAI Teammate I product overview; 1-click executive reporting and report builder demo flow; AI-driven insights and embedded recommendations; Use cases across sales, media, category, and analytics teams; Retailer and geography-level benchmarking; Adoption, upgrade, and renewal strategy (H2 2025); Pain points and value proposition messaging; Customer examples and quantified impact; Internal enablement resources (Ally Product Hub in Seismic); Role-based demo ownership (Category, Media, Sales Teammates)","Reduce manual reporting time by 50% with 1-click reports; 79% time savings (3 days reduced to 5 hours) – National Apparel Brand; Country-level overall scores with AI takeaways; One-click PowerPoint presentation generation; Custom insight decks built via guided report builder; Reporting dimensions: Retailers, Geographies, Job Function, Product Categories; Weekly, monthly, and quarterly executive reporting use cases; Tracking availability across 70 retail partners; Share of Voice week-over-week change analysis; Content completeness gap identification; Retailer-driven price change analysis; Valentine’s Day campaign incrementality reporting; Walmart SKU Group availability improvement example; Ally Adoption Program July ’25; CIQ H2 2025 renewal pricing tracker and strategy","AllyAI Teammate I significantly reduces manual reporting effort through AI-powered 1-click reporting.; The product connects siloed sales, media, and digital shelf data into unified executive-ready insights.; It supports multiple roles (Sales, Media, Category, Analytics) with tailored use cases and demos.; Strong quantified ROI exists, including up to 79% reporting time savings.; Adoption and renewal strategy are tightly integrated into commercial planning for H2 2025.","Ally Teammate I training deck; How to demo AllyAI; Ally 1-click executive reports; Ally reporting time savings 79%; Ally Adoption Program July 25; CIQ H2 2025 renewal strategy teammates; Ally use cases for Coca-Cola; Generate PowerPoint report with Ally; Ally real-time digital shelf insights; Ally SKU availability reporting example; Ally share of voice week over week analysis; Ally executive QBR report generation; Ally Product Hub Seismic; Teammate I vs Teammate II renewal; Ally AI embedded insights demo flow","Ally External One-Pager – customer-facing high-level overview without deep demo or renewal strategy detail; Ally Product Box – formal packaging, SKU, and pricing definition document; Ally Battle Card – competitive comparison snapshot; RMM or other CommerceIQ product training decks – focused on retail media rather than AI reporting teammate","AllyAI; AllyAI Teammate I; Ally Teammate I; Teammate II","","Coca-Cola; National Apparel Brand; Walmart","50% reduction in manual reporting time; 79% time savings; 3 days reduced to 5 hours; 70 retail partners tracked for availability","1-click executive reports; Custom insight deck creation; Guided report builder; Embedded AI insights; Real-time performance drivers; PowerPoint auto-generation; Country-level benchmarking scores; Retailer/geography/job function/product category filters","","","Active"
"CIQ Mutual NDA - Sales/BD use.pdf","https://drive.google.com/file/d/1wMavFD7tjcvb37I3miYzeHQVR9AJfMf-/view?usp=drivesdk","1wMavFD7tjcvb37I3miYzeHQVR9AJfMf-","enablement-guide","Provide a standard mutual NDA template for CommerceIQ sales and business development engagements.","This is the CIQ Mutual NDA - Sales/BD use.pdf - a Standard Reciprocal Mutual Non-Disclosure Agreement template used by CommerceIQ (Boomerang Commerce, Inc. d/b/a CommerceIQ) for sales and business development engagements. It contains the full legal terms governing the exchange of Confidential Information between CommerceIQ and a prospective customer, partner, or other third party, including definitions of Confidential Information, confidentiality obligations, permitted purpose (evaluation of and engagement in a business opportunity), 3-year confidentiality period, California governing law, Santa Clara County jurisdiction, assignment, remedies, termination, and signature blocks for both parties.","Use before sharing confidential product, pricing, technical, customer, or strategic information with prospects, partners, or third parties during evaluation or early-stage deal discussions.","CommerceIQ Sales, Business Development, Legal, and Deal Desk teams","Definition of Confidential Information; Exclusions from Confidential Information; Obligations of Receiving Party; Permitted Purpose (business opportunity evaluation); Confidentiality Period (3 years); Return or Destruction of Information; Remedies and Injunctive Relief; Governing Law and Jurisdiction (California, Santa Clara County); Assignment and Successors; Termination and Survival","Mutual Non-Disclosure Agreement (Standard Reciprocal NDA); Parties include Boomerang Commerce, Inc. d/b/a CommerceIQ; Confidentiality Period: 3 years; Governing Law: California (without reference to choice of law principles); Jurisdiction: Santa Clara County, California; Permitted Purpose: Evaluation of and engagement in business opportunity; Includes technology, products, trade secrets, financial data, customer data; Excludes publicly available, previously known, independently developed information; Requires reasonable care at least equal to protection of own confidential information; Allows disclosure to employees, affiliates, advisors on need-to-know basis; Requires immediate notice of unauthorized use or disclosure; Return or certify destruction upon request or termination; Injunctive or equitable relief available for breach; 30 days’ prior written notice for termination; Waiver of jury trial in disputes","Establishes legally binding confidentiality obligations for both parties.; Sets a clear 3-year confidentiality term and defined permitted purpose.; Limits use strictly to business evaluation and engagement discussions.; Provides strong legal remedies including injunctive relief and California venue.; Designed for pre-contract sales and business development engagements.","CommerceIQ mutual NDA template; CIQ standard reciprocal NDA; Boomerang Commerce NDA for sales; CommerceIQ NDA governing law; CommerceIQ NDA confidentiality period; CIQ NDA Santa Clara jurisdiction; CommerceIQ NDA 3 year term; Standard NDA for business development; CommerceIQ NDA permitted purpose clause; CIQ NDA return or destruction clause; CommerceIQ NDA injunctive relief; CommerceIQ NDA assignment clause; CommerceIQ NDA termination notice; Mutual NDA California governing law template; CommerceIQ sales NDA PDF","Master Services Agreement (MSA) – governs commercial terms, pricing, and service delivery rather than pre-contract confidentiality.; Data Processing Agreement (DPA) – governs personal data handling and regulatory compliance (e.g., GDPR/CCPA).; Unilateral NDA – only one party discloses confidential information, unlike this reciprocal NDA.","CommerceIQ","","","Confidentiality Period: 3 years; Termination notice: 30 days prior written notice","Mutual confidentiality obligations; Permitted Purpose restriction; Return or destruction requirement; Injunctive relief provision; California governing law clause; Santa Clara County jurisdiction; Assignment restriction with change-of-control exception; Waiver of jury trial","","","Active"
"First Call Deck - Agentic Retail","https://docs.google.com/presentation/d/1OTAKoxgOvSILDwYb6ev6mzJoVm9EBH8eePk3XL5v_mE/edit?usp=drivesdk","","enablement-guide","Centralized sales enablement and training hub for Agentic Retail first-call execution","This is the FIRST CALL DECK – AGENTIC RETAIL (First Call & Content Agent Certification & Training Recording) – a comprehensive sales enablement and training hub that consolidates first-call presentation materials, Content Agent certification recordings, internal SKO trainings, product boxes, messaging frameworks, demo links, competitive FUD talk tracks, retailer coverage details, feature lists, and cross-agent positioning for AllyAI’s Sales, Shelf, Content, and Media Agents.","Use when preparing for a first customer call on Agentic Retail, locating Content Agent certification recordings, aligning on cross-agent messaging, accessing SKO training materials, or preparing competitive positioning vs Stackline or Shalion.","Internal Sales, Marketing, Product, and Enablement teams preparing for Agentic Retail customer conversations","First Call & Second Call Deck assets for Agentic Retail; Content Agent certification & training recordings; SKO 2026 internal training materials; Product Boxes, Messaging Frameworks, Datasheets; Retailer & geographic coverage; Feature catalog across Sales, Shelf, Content, Media Agents; Competitive positioning & FUD (Stackline, Shalion); Roadmap items (Ask AllyAI, GEO, AEO); Managed & consulting services; Proof points & performance metrics","2/2–2/5 SKO with Day 1 & Day 2 video links and passwords; 2/23 eTail Customer Meeting – Agent Pitch PresentationV3; 2/13 First Call & Content Agent Certification & Training Recording; 3B+ automations; $200M+ deductions recovered; 2,500+ annual FTE hours saved; 6 of top 10 CPG are CommerceIQ customers; 110 countries supported for DSO product; Amazon coverage: US, CA, MX, AU, UK, DE, IT, FR, ES, NL, PL, Pan EU; AEO Optimization BETA; Ask AllyAI (Q1) and Ask AllyAI Diagnostics (Q1); GEO Optimization Q2; AEO for Walmart Q2; Competitive FUD vs Stackline (weekly data, unproven automations); Digital Shelf Comparison for Shalion; Retailer Copilots (AVC)","Agentic Retail is positioned as an integrated multi-agent platform (Sales, Shelf, Content, Media) tied together by AllyAI.; The enablement hub centralizes all decks, messaging docs, product boxes, demos, and certifications for internal alignment.; CommerceIQ differentiates on automation scale, deduction recovery, global coverage, and real-time optimization vs competitors.; Content Agent extends beyond legacy SEO tools to AI-driven optimization (e.g., Amazon Rufus, GEO/AEO).","Agentic Retail first call deck; First Call & Content Agent certification recording; Content Agent 2nd call slides; AllyAI Sales Agent 2nd Call Deck; SKO 2026 training links; Agent product hub assets; Stackline competitive FUD questions; Shalion digital shelf comparison; Ask AllyAI roadmap Q1; AEO optimization Walmart Q2; 110 country DSO coverage; CommerceIQ automations 3B; Deduction recovery $200M; Retailer Copilots AVC; Digital Shelf Analytics DSA positioning","Sales Agent Product Box – defines packaging, pricing, and positioning for Sales Agent only; Content Agent Datasheet – external one-page product summary; AllyAI Sales Agent 2nd Call Deck – detailed feature walkthrough for second meetings; Shelf Agent Training Deck – focused only on Shelf Agent enablement","AllyAI; Sales Agent; Shelf Agent; Content Agent; Media Agent; Retailer Copilots (AVC); Digital Shelf Analytics (DSA); Ask AllyAI","Stackline; Shalion","","3B+ automations; $200M+ deductions recovered; 2,500+ annual FTE hours saved; 6 of top 10 CPG as customers; 110 countries DSO coverage","Automated Reporting; Content Compliance; SEO Optimization; AEO Optimization (BETA); Bid optimization; Budget pacing; Campaign management; Retail Media Management; Digital Shelf Optimization; Competitive Intelligence; Market Share Analytics; Retailer Copilots (AVC); Ask AllyAI Diagnostics","","","Work In Progress"
"Shelf Agent Training","https://docs.google.com/presentation/d/13wWsiBNRTIVucyWrBcIeLgQtC9eu--6YxKpKY1pWmfU/edit?usp=drivesdk","13wWsiBNRTIVucyWrBcIeLgQtC9eu--6YxKpKY1pWmfU","enablement-guide","Train sales and GTM teams to position and differentiate Shelf Agent","This is the Shelf Agent Training - a sales enablement document that defines the AllyAI Shelf Agent product, explains why it was separated from Content Agent, outlines its data foundations (DSO), core capabilities (digital shelf insights, prioritized recommendations, automated insight packs), measurable outcomes (create business reports in <10 minutes, increase shelf scores 10+ points), and positions it within the broader CommerceIQ AI Platform and 2025–2026 offerings evolution.","Use for internal onboarding, explaining Shelf Agent vs Content Agent, preparing for Shelf Agent sales conversations, or aligning messaging around DSO-based insights and automated reporting.","Sales reps, GTM teams, sales engineers, product marketing, and agency services teams","Shelf Agent product definition; Separation of Shelf Agent vs Content Agent; DSO vs PIM data foundations; Digital Shelf Insights and Insight Packs; Automated reporting and next best actions; CommerceIQ AI Platform architecture; 2025–2026 offerings evolution; Agency vs AI comparison; Global scalability example (Coke); Shelf Agent & Services positioning","Create business reports in <10 minutes; Increase shelf scores 10+ points; Drive retail readiness across CAARS; 500 shelf insight packs generated worldwide in minutes (Coke example); Coke operates in 33 countries across 355 retailers; Analyzes content, availability, assortment, ratings, and search signals; Built on DSO data; Content Agent built on PIM and PDP content data; +10 pts PIM compliance in less than 2 weeks; 90%+ PIM compliance across retailers; Less than 1 min time to action (35 min industry avg); Insight packs provide scores, insights, actions; Agency reports the score; Shelf Agent recommends actions; CommerceIQ AI Platform includes Sales Agent, Media Agent, Inventory Agent, Shelf Agent; 2025 (Software Budgets) to 2026 (Agency Budgets) positioning shift","Shelf Agent is a DSO-powered AI agent focused on digital shelf performance and automated insight packs.; Shelf Agent and Content Agent are intentionally separated due to different data sources and use cases.; Shelf Agent goes beyond reporting by delivering prioritized next best actions.; The product is positioned as faster and more actionable than traditional digital shelf agencies.; Shelf Agent is part of a broader CommerceIQ AI Platform strategy for 2025–2026.","What is AllyAI Shelf Agent?; Shelf Agent vs Content Agent difference; DSO data vs PIM data explanation; How does Shelf Agent increase shelf score?; Create business reports in less than 10 minutes; What are AllyAI Insight Packs?; Shelf Agent 10+ point improvement; Coke 500 shelf insight packs example; CommerceIQ AI Platform agents overview; Digital Shelf Agency vs Shelf Agent comparison; Drive retail readiness across CAARS; Shelf Agent automated reporting; 2025 2026 CommerceIQ offerings evolution; Shelf Agent and Services positioning; How to sell Shelf Agent internally","Shelf Agent Pitch Deck – external sales presentation; Shelf Agent Datasheet – concise customer-facing overview; Product Box – Shelf Agent – formal product definition and packaging document; Content Agent Training – focused on PIM compliance and PDP optimization workflows","AllyAI Shelf Agent; AllyAI Content Agent; Sales Agent; Media Agent; Inventory Agent; CommerceIQ AI Platform; Retail Context Engine","Digital Shelf Agency","Coca-Cola (Coke)","Create business reports in <10 minutes; Increase shelf scores 10+ points; +10 pts PIM compliance in less than 2 weeks; 90%+ PIM compliance across retailers; Less than 1 min time to action vs 35 min industry average; 500 shelf insight packs generated in minutes; 33 countries; 355 retailers","Digital Shelf Insights; Prioritized next best actions; Automated reporting; Executive-ready Insight Packs; Content gap detection; PDP content compliance monitoring; Title, bullet, image, and attribute optimization; Syndication to retailers and back to PIM; Side-by-side action comparison vs agency; Analysis of content, availability, assortment, ratings, and search signals","","","Work In Progress"
"Profitero Competitive Battle Card_101525 (Updated Oct 2025)","https://docs.google.com/presentation/d/1esvEvZ79ebaKdfF32_u7Jiq_CyOwCnjtBhw0O0s3AaY/edit?usp=drivesdk","1esvEvZ79ebaKdfF32_u7Jiq_CyOwCnjtBhw0O0s3AaY","battle-card","Equip sales teams to competitively position and win against Profitero","This is the Profitero Competitive Battle Card_101525 (Updated Oct 2025) – a comprehensive competitive enablement document detailing how CommerceIQ (CIQ) positions against Profitero across Digital Shelf, Market Share, Retail Media, pricing models, integrations, global coverage, strengths, weaknesses, FUD questions, and objection handling. It includes feature-by-feature comparisons, pricing intelligence, known clients, former clients, geographic footprint, product module breakdowns, performance metrics (e.g., +86% sales lift for top 10 search spots, 42% sales loss when OOS <30%), and recommended sales talk tracks to displace Profitero in competitive deals.","When Profitero is in a live deal, during competitive discovery, pricing negotiations, RFP responses, or objection handling related to Digital Shelf, Market Share, or Retail Media.","CommerceIQ Account Executives, BDRs, Sales Leaders, Solutions Consultants, and Revenue Enablement teams","Where Profitero competes with CIQ products; Profitero pricing model (DS & MS); Why Profitero wins vs why they lose; Retailer coverage and global footprint comparison; Data refresh rates and data accuracy comparison; UI/UX and integration complexity concerns; Retail media integrations (Pacvue, Skai, Publicis); FUD discovery questions for sales; Customer intelligence and former clients; CIQ differentiation metrics and scale","DS pricing tiered by retailer: Tier 1 (up to 3,000 SKUs), Tier 2 (2,000), Tier 3 (1,000); MS charged on performance – more sales = higher client cost; Publicis ownership and ~30% discounted family rates; CIQ covers 1,450+ retailers in 85+ countries; 100+ mobile apps supported; 90% data accuracy via Transparency Dashboard; Data refreshed up to 6x daily; top SKUs tracked up to 24x; 530M products in database; ~55M added per quarter; 42% sales loss when OOS drops below 30%; +86% sales lift from top 10 search placement; 206% sales lift from increasing review velocity; 58% sales lift from content improvements; 11% sales loss when losing Buy Box due to price; Known clients: General Mills, Bose, Pernod Ricard, L’Oreal, Samsung, J&J; Former client now with CIQ: Weber","Profitero is strong in benchmarking and integrated DS + MS, but has UI, integration, and retailer coverage limitations.; Profitero’s pricing model can become expensive as sales scale, especially with performance-based MS fees.; CIQ differentiates on retailer scale, refresh frequency, mobile app coverage, automation, and AI-driven actionability.; Publicis ownership influences pricing dynamics and partnership constraints in competitive deals.; Sales reps should use targeted FUD questions around integrations, data accuracy, and international expansion.","Profitero vs CommerceIQ comparison; Profitero battle card October 2025; How does Profitero price Digital Shelf?; Profitero Market Share pricing model; Publicis ownership Profitero impact; Profitero weaknesses UI integrations; CIQ vs Profitero retailer coverage; Profitero data refresh frequency; Profitero SKU tier pricing; Profitero known clients list; Profitero former clients Weber; How to beat Profitero in RFP; Profitero retail media integrations Pacvue Skai; CIQ FUD questions for Profitero deals; Profitero global coverage countries","Digital Shelf 360 Product Deck – focuses on CIQ capabilities without competitive framing; Sales & Share (Amazon) Datasheet – product-specific overview, not competitive; RMM Second Call Deck – detailed retail media platform walkthrough; CIQ Corporate Overview – high-level company positioning, not competitor-specific","Digital Shelf 360; AMZ Market Share - Sales & Share; Shelf Intelligent Retail Media; Shelf Intelligent Analytics; Profitero Copilot","Profitero; Pacvue; Skai; Publicis; Salsify","General Mills; Bose; Pernod Ricard; L’Oreal; Samsung; J&J; Weber; Glanbia; WGS","1,450+ retailers; 85+ countries; 100+ mobile apps; 90% data accuracy; 6x daily refresh; 24x for top SKUs; 530M products; 55M new products per quarter; 42% sales loss when OOS <30%; +86% sales lift from top 10 search; 206% sales lift from increased review velocity; 58% sales lift from improved content; 11% sales loss from losing Buy Box","Transparency Dashboard; Global Profitero Score; Digital Shelf Modules (Content, Availability, Ratings & Reviews, Placement, Pricing & Promotions); Sales & Share benchmarking; Retailer and module custom weighting; Open Commerce Ecosystem integrations","","2025-10-15","Active"
"Data Impact Competitive Battle Card_111025","https://docs.google.com/presentation/d/1r5PSFY13xuJcn3h0afyAI2Mc5LlxuOGpkxkf6RxFbZU/edit?usp=drivesdk","1r5PSFY13xuJcn3h0afyAI2Mc5LlxuOGpkxkf6RxFbZU","battle-card","Enable sales teams to win competitive deals against Data Impact by NielsenIQ.","This is the Data Impact Competitive Battle Card_111025 – a comprehensive competitive intelligence and sales enablement battle card outlining how to position CommerceIQ against Data Impact by NielsenIQ in Digital Shelf Analytics (DSA) and Market Share deals. It contains Data Impact’s product capabilities (Performance Optimiser, Search Optimiser, Content Advisor, location-based analytics), pricing benchmarks (US ~$18K; ROW $4K–$9K per retailer), differentiators, known customers (Nestlé, L’Oréal, P&G Europe, Unilever, Pepsi Europe/APAC), win/loss insights (CIQ lost L’Oréal $3.7M, Nestlé $4M), FUD questions, and prescribed CommerceIQ response messaging focused on AI-driven automation, daily data refresh, unified platform, and workflow automation.","Use during active competitive deals, RFP strategy sessions, objection handling, pricing discussions, and when preparing for head-to-head calls against Data Impact.","CommerceIQ sales representatives, sales leaders, solution consultants, competitive intelligence teams","Data Impact product overview (Digital Shelf, Market Share, Performance Optimiser); AI capabilities (LLMs, ROI modeling, Search Optimiser, Content Advisor); NielsenIQ acquisition and omnichannel positioning; Pricing benchmarks by region; Known clients and win/loss intelligence; FUD and landmine sales questions; CommerceIQ differentiation and response strategy; Data refresh cadence comparison; Automation vs manual workflow comparison; Support and service weaknesses","Founded 2014 in France; acquired by NielsenIQ in 2021; Active in 90+ countries with strong European presence; Pricing: US ~$18K; ROW $4K–$9K per retailer; CIQ lost L’Oréal RFP at $3.7M; CIQ lost Nestlé RFP at $4M; Performance Optimiser ingests Nielsen, Circana, Dunnhumby, IRI, EPOS data; LLM-based modeling predicts sales impact from KPI changes (e.g., +3 SERP positions, +0.3 star rating); Content Advisor auto-generates optimized titles and descriptions; Search Optimiser decodes retailer algorithm weighting (promotions, titles, velocity, taxonomy); Data refresh comparison: CIQ daily; pricing/top SKUs/keywords up to 6x per day; Known clients: Nestlé, Unilever, Pepsi (EU/APAC), P&G (EU), Danone, L’Oréal, Mars (EU); Weakness: Performance Analysis tool buggy as of August 2025; Dependency on Nielsen data and consulting services; Reported thinly spread service/support resources","Data Impact wins on omnichannel analytics, EU strength, and AI ROI modeling messaging.; CommerceIQ differentiates on automation, unified platform, and high-frequency data refresh.; DI may overpromise AI impact modeling and rely heavily on Nielsen ecosystem.; Pricing and enterprise RFP losses indicate DI competes aggressively in large global deals.","Data Impact vs CommerceIQ; How to compete against Data Impact; Data Impact pricing per retailer; Data Impact Performance Optimiser details; Data Impact Search Optimiser explanation; Data Impact Content Advisor AI tool; Why did CIQ lose L’Oréal RFP; Why did CIQ lose Nestlé RFP; Data Impact NielsenIQ acquisition; Data Impact weaknesses; CommerceIQ differentiation vs Data Impact; Data Impact data refresh cadence; Data Impact client list Europe; Data Impact DSA competitor analysis; FUD questions for Data Impact deals","DSO Second Call Deck – detailed product walkthrough for customers; CommerceIQ Pricing Calculator – ROI and pricing modeling tool; Digital Shelf Product Datasheet – feature overview without competitive positioning; Market Share Solution Overview – product-focused, not competitor-focused","Data Impact Digital Shelf; Performance Optimiser; Search Optimiser; Content Advisor; CommerceIQ DSO; Digital Shelf Analytics (DSA); Market Share; Retail Media Management (RMM); Profit Recovery","Data Impact; NielsenIQ","Nestlé; Unilever; Carlsberg; Pepsi; P&G; Danone; L’Oréal; Bell Dairy; Mars; Mondelez; Coca-Cola","US pricing approximately $18K; ROW pricing $4K–$9K per retailer; CIQ lost L’Oréal RFP at $3.7M; CIQ lost Nestlé RFP at $4M; Data refresh daily with pricing/top SKUs/keywords up to 6x per day; Impact modeling example: +3 SERP positions; Impact modeling example: +0.3 star rating improvement","Performance Optimiser (LLM-based ROI modeling); Search Optimiser (retailer algorithm decoding); Content Advisor (AI title and description generation); Location-based analytics; Omnichannel online + in-store data integration; Automated workflows (CIQ differentiation); Transparency Dashboard (CIQ)","111025","10/16/2025","Active"
"AllyAI Content Agent_2nd Call Slides","https://docs.google.com/presentation/d/15zKFbgUa2SS6H98tRWMQUEhsnxgAipegF8eErhLLjow/edit?usp=drivesdk","15zKFbgUa2SS6H98tRWMQUEhsnxgAipegF8eErhLLjow","second-call-deck","Drive second-call validation and quantify ROI for AllyAI Content Agent.","This is the AllyAI Content Agent_2nd Call Slides - a detailed second-call sales presentation covering AllyAI’s Content Agent for PDP content compliance, optimization, and automated publishing across retailers in an AI Shelf world. The deck outlines the manual digital shelf challenge (2,000 SKUs, 30,000 hours per year, 35 minutes per update), the failure points in Digital Shelf Agency (DSA) workflows, the shift to AI-driven retail discovery (AEO, GEO, AI Shelf), and the quantified outcomes of using the Content Agent (90%+ PIM compliance, +10 pts compliance in less than 2 weeks, <1 minute time to action). It includes a Newell case example achieving 100% PIM compliance in 60 days and frames the product within retailer and consumer AI gatekeepers such as Rufus, Sparky, ChatGPT, and Gemini.","Use during second sales meetings after discovery, when presenting quantified impact, operational workflow transformation, AI Shelf strategy, or customer proof (e.g., Newell compliance results).","Sales executives, account executives, sales engineers, and retail brand decision-makers (eCommerce, digital shelf, PIM, and content operations leaders).","AI Shelf and Digital Shelf evolution; Manual PDP workflow challenges; Digital Shelf Agency (DSA) failure points; PDP content compliance and optimization; PIM compliance improvement; Retailer and consumer AI gatekeepers; Before vs After workflow transformation; Newell case example; Time and FTE cost reduction; Content scoring and gap identification","2,000 active SKUs; 6 updates per year; 30 minutes per update; 30,000 hours per year (15 FTEs); 35 minutes industry average time to action; Less than 1 minute time to action with Content Agent; +10 pts PIM compliance in less than 2 weeks; 90%+ PIM compliance across retailers; 100% PIM compliance in 60 days (Newell); 5 retailers in workflow example; 30+ day feedback loop in manual process; AEO examples: Rufus, Sparky; GEO examples: ChatGPT, Gemini; UCP and MCP agentic protocols (e.g., Marty); C.A.R.S: PDPs x Retailers framework","Manual PDP management at scale is operationally unsustainable and FTE-intensive.; AI-driven Content Agent reduces update time from 35 minutes to under 1 minute.; Brands can achieve 90%+ PIM compliance and even 100% in 60 days.; AI Shelf (consumer and retailer AI) is reshaping product discovery and merchandising.; Automation eliminates 30+ day feedback loops and DSA workflow failure points.","AllyAI Content Agent second call deck; Content Agent PDP compliance presentation; How does AllyAI improve PIM compliance?; Content Agent ROI FTE savings 30000 hours; Newell 100% PIM compliance 60 days; AI Shelf retail battleground slides; Reduce 35 min PDP update to 1 minute; Digital Shelf Agency workflow failure points; AllyAI vs manual PDP process; 90% PIM compliance across retailers; CARS PDP retailers framework; AEO GEO retail content optimization; ChatGPT Gemini retail discovery slides; Content gap identification automation; Multi-retailer PDP automation solution","AllyAI Content Agent One-Pager – high-level summary without detailed metrics and workflow breakdown.; AllyAI Pricing Calculator – financial modeling tool without AI Shelf strategic framing.; First Call Deck – introductory overview without deep operational detail or quantified FTE math.; Sales Agent Product Box – defines a different product focused on AI-generated sales presentations.","AllyAI Content Agent; Content Agent & Services","","Newell","2,000 active SKUs; 30,000 hours per year; 15 FTEs; 6 updates per year; 30 minutes per update; 35 minutes industry average; <1 minute time to action; +10 pts PIM compliance in less than 2 weeks; 90%+ PIM compliance; 100% PIM compliance in 60 days","PDP Content Compliance and Optimization; Automated content scoring; Content gap identification; Automated content publishing; AI Shelf optimization; Multi-retailer PIM compliance management","","","Active"
"AllyAI Content Agent_archive","https://docs.google.com/presentation/d/1Y_Uow7sGBwMLm3SA0ej2YLOUMQhjeRE-_6zSfkvwX4k/edit?usp=drivesdk","1Y_Uow7sGBwMLm3SA0ej2YLOUMQhjeRE-_6zSfkvwX4k","second-call-deck","To demonstrate the value, workflow, and quantified impact of AllyAI Content Agent for PIM compliance and retail content optimization.","This is the AllyAI Content Agent_archive - a comprehensive product sales presentation detailing the capabilities, value proposition, case studies, and workflow of the AllyAI Content Agent for achieving 100% PIM-PDP compliance, accelerating content updates to under 1 minute, and increasing PIM compliance by 10+ points in less than 2 weeks.","Use during second sales calls, product deep dives, demo sessions, or when a prospect requests proof of PIM compliance results, workflow automation details, or customer case studies showing measurable compliance improvements.","Sales executives, solutions consultants, and account executives presenting AllyAI Content Agent to enterprise CPG and retail brands.","PIM compliance challenges and market problem; Content Agent product overview and positioning; Automated content validation and gap detection; PIM-to-retailer syndication workflow; Retailer-specific PDP indexing optimization; AI-driven content recommendations; Agent training with brand context; Case studies and quantified business impact; Before vs After transformation (Newell example); 2026 platform upgrade focus","100% PIM compliance for 75 SKUs within 60 days; 80 SKUs aligned within 1 hour to reach 100% PIM-PDP compliance; +10 points improvement in PIM compliance in < 2 weeks; <1 minute time to action per SKU (vs 35-minute industry average); 30+ day feedback loop in traditional workflows; 5+ systems involved in manual content updates; 6,000+ SKUs on Amazon (Newell example); 1-click syndication to retail partners; Automated detection of mismatches between PIM and retailer PDP; Optimization of titles, descriptions, bullets, images, and video; Retailer-specific indexing recommendations; Self-service natural language agent training interface; Digital Shelf Agency before/after comparison; Gold standard PIM compliance positioning; Reporting on content score and gap identification workflow","Content Agent enables brands to achieve 100% PIM-PDP compliance rapidly and at scale.; It reduces SKU update time from 35 minutes to under 1 minute through automation.; The platform closes fragmented multi-system workflows into a single validation and syndication engine.; Retailer-specific optimization and AI recommendations improve indexing and conversion.; Quantified case studies demonstrate measurable compliance gains within weeks.","AllyAI Content Agent deck; Content Agent PIM compliance presentation; 100% PIM compliance case study; reduce SKU update time to 1 minute; PIM to PDP compliance solution; Newell PIM compliance example; 1-click syndication to retailers; retailer content mismatch detection; improve PIM compliance 10 points in 2 weeks; Content Agent product walkthrough; retail readiness validation tool; AI content gap detection for PIM; optimize PDP indexing by retailer guidelines; CommerceIQ Content Agent archive; gold standard PIM compliance solution","AllyAI Sales Agent deck – focuses on AI-generated sales presentations and CARS metrics rather than PIM compliance.; RMM (Retail Media Management) decks – focus on advertising and retail media optimization, not content compliance.; Content Agent one-pager – would provide a high-level summary without detailed case studies and workflow diagrams.","AllyAI Content Agent; CommerceIQ FDE; AllyAI Retail AI Platform","","Newell; Global consumer products company","100% PIM compliance; 75 SKUs in 60 days; 80 SKUs aligned in 1 hour; +10 points PIM compliance in < 2 weeks; <1 minute time to action; 35-minute industry average update time; 30+ day feedback loop; 6,000+ SKUs on Amazon","Automated PIM validation; Content gap identification; PIM-PDP mismatch detection; 1-click retailer syndication; Retailer-specific indexing optimization; AI content recommendations; Brand-context agent training; Content score reporting dashboard","","","Archived"
"CommerceIQ Agentic Platform Datasheet Draft Mar 25","https://docs.google.com/document/d/1_BiW6FYYICXM5YCtDEC3SK7TnKGwkIU3TBWIE0NYriw/edit?usp=drivesdk","1_BiW6FYYICXM5YCtDEC3SK7TnKGwkIU3TBWIE0NYriw","datasheet","Provide a comprehensive enterprise overview of the CommerceIQ Agentic Platform and its AI agents.","This is the CommerceIQ Agentic Platform Datasheet Draft Mar 25 - a comprehensive enterprise datasheet outlining CommerceIQ’s AI-powered ecommerce operating platform, including its Retail Context Engine (AllyAI), four purpose-built AI Agents (Sales, Shelf, Content, and Media), key skills and automations, enterprise scale metrics (2,200+ brands, $40B+ in sales, 1,450+ retailers, 4B+ automations), and the core value proposition of delivering 10–100x performance versus traditional agencies and dashboard-driven tools.","Use in executive-level sales conversations, demo follow-ups, RFP responses requiring platform overview, and when positioning CommerceIQ as a unified ecommerce operating system.","Enterprise ecommerce leaders (CMO, CRO, VP Ecommerce), retail media and digital shelf directors, and sales teams positioning CommerceIQ in strategic platform evaluations.","CommerceIQ Agentic Platform overview and positioning; Retail Context Engine (AllyAI); Four AI Agents (Sales, Shelf, Content, Media); AI-driven ecommerce automation and optimization; Enterprise scale and performance metrics; AI Agents + Experts operating model; Unified data across shelf, media, sales, and inventory; Digital shelf analytics and CAARS scorecards; PDP optimization and PIM compliance; Retail media bid and budget optimization","2,200+ brands using the platform; $40B+ in sales managed; 1,450+ retailers globally; 4B+ automations executed; 10–100x performance vs traditional models; 40x improvement in time saved (Newell Brands quote); 80+ KPIs in AI Shelf Insights; Trusted CAARS Scorecards; 50+ shelf-aware signals for media optimization; Gap to Plan Recommendations; Root Cause Analysis and Sales Diagnostics; Profit Recovery Automations; Unified Shelf & Media (iROAS); PIM Compliance with 2-way sync; Rufus Optimization for SEO/AEO","CommerceIQ is positioned as a unified AI-driven ecommerce operating platform, not a dashboard or agency.; Four specialized AI Agents automate sales, shelf, content, and media execution.; The platform operates at enterprise scale across 2,200+ brands and 1,450+ retailers.; AI + expert services deliver measurable efficiency gains (e.g., 40x time savings).; The core value proposition is closing the gap to plan through automated, outcome-driven execution.","CommerceIQ Agentic Platform overview; CommerceIQ datasheet March 2025 draft; What are the four AI agents in CommerceIQ?; CommerceIQ Sales Agent capabilities; CommerceIQ Shelf Agent 80+ KPIs; CommerceIQ Content Agent PIM compliance; CommerceIQ Media Agent bid optimization; AllyAI Retail Context Engine; CommerceIQ enterprise scale metrics; CommerceIQ 2,200 brands 1,450 retailers; CommerceIQ vs traditional agencies; CommerceIQ iROAS unified shelf and media; CAARS scorecards CommerceIQ; CommerceIQ profit recovery automations; Newell Brands CommerceIQ 40x improvement","Sales Agent Product Box – focuses only on the Sales Agent packaging and feature depth.; Shelf Agent Product Box – detailed digital shelf feature breakdown.; Media Agent Second Call Deck – includes pricing, implementation, and deeper media case studies.; Competitive Battle Cards – side-by-side comparisons vs specific vendors.; Internal Training Decks – enablement materials for onboarding teams.","CommerceIQ Agentic Platform; Sales Agent; Shelf Agent; Content Agent; Media Agent; Retail Context Engine (AllyAI)","","Newell Brands","2,200+ brands; $40B+ in sales; 1,450+ retailers; 4B+ automations; 10–100x performance; 40x time saved; 80+ KPIs; 50+ shelf-aware signals","Gap to Plan Recommendations; Root Cause Analysis; Sales Diagnostics; Sales Automations; Profit Recovery Automations; AI Shelf Insights; Trusted CAARS Scorecards; Workflow Automation; Automated Reports; PIM Compliance (2-way sync); Search Engine Optimization; Rufus Optimization; 24/7 PDP Automation; Unified Shelf & Media (iROAS); AI Bid & Budget Optimization; Retail Media Expertise","Draft Mar 25","","Work In Progress"
"[Aniket] Agentic Platform Customer Deck","https://docs.google.com/presentation/d/1cZh9BEqucGuMreDLbi983jsJ6ieipm3ITB_ULLV2lBk/edit?usp=drivesdk","1cZh9BEqucGuMreDLbi983jsJ6ieipm3ITB_ULLV2lBk","second-call-deck","Drive second-call platform adoption by proving ROI and outlining 60-day deployment of AllyAI agents.","This is the [Aniket] Agentic Platform Customer Deck – a comprehensive customer-facing sales presentation that introduces CommerceIQ’s AllyAI Agentic Platform, detailing its four AI agents (Content Agent, Shelf Agent, Media Agent, and Sales Agent), a structured 60-day deployment plan, real customer outcomes (e.g., +4% Net Sales, +55% ad sales growth, +75% CPC efficiency), and a roadmap for driving sales, share, margin, and operational efficiency across Amazon, Walmart, and Target.","Use during second sales meetings when a prospect wants detailed capabilities, proof points, ROI metrics, and a clear implementation roadmap for AllyAI agents.","Enterprise CPG sales leaders, eCommerce directors, retail media teams, and executive buyers evaluating AllyAI platform adoption","AllyAI Agentic Platform overview; Content Agent capabilities and PDP optimization; Shelf Agent digital shelf automation; Media Agent incrementality and iROAS optimization; Sales Agent (Ask Ally) integration; 60-Day deployment roadmap; Case studies and quantified business outcomes; PIM compliance and retail readiness; Incrementality vs traditional ROAS; Implementation model with Forward Deployed Engineer (FDE)","2,000 active SKUs requiring 30,000 hours/year (15 FTEs); 6 updates per SKU per year at 30 minutes per update; <1 minute time to action vs 35-minute industry average; +10 PIM compliance points in <2 weeks; 90%+ PIM compliance across retailers; 168% increase in sales (pet category case study); 54% increase in traffic; 1,115 bps increase in conversion rate; +4% Net Sales despite 2.04% ASP increase; +4.57% unit conversion; +2.47% digital penetration; Coke receives 500 shelf insight packs in minutes; +55% ad sales growth across 10 brands; +75% CPC efficiency improvement; -12.8% cost metric improvement; Incremental ROAS example: $2.14 with 95% incrementality fraction","Manual PDP and media optimization at scale is operationally impossible without AI agents.; Incrementality (iROAS) provides more accurate portfolio decision-making than standard ROAS.; AllyAI agents deliver measurable KPI improvements within 60 days.; Content, shelf, and media optimization must work together to drive sales, share, and margin.; The platform includes embedded services (FDE) to ensure rapid deployment and value realization.","AllyAI Agentic Platform deck; Content Agent 60 day deployment plan; CommerceIQ incrementality vs ROAS explanation; iROAS optimization example; PIM compliance improvement case study; Digital shelf automation AI agent; 168% sales increase PDP case study; Shelf Agent vs digital shelf agency; Media Agent incrementality fraction example; AllyAI CPC reduction results; Forward Deployed Engineer AI implementation; AI agent for Amazon Walmart Target PDP updates; CommerceIQ 4 AI agents sales share margin; Content Agent free retailer offer; Coke shelf insight packs example","Sales Agent Product Box – which defines packaging, pricing, and positioning specifically for Sales Agent only.; RMM-specific decks – which focus only on retail media management rather than full agentic platform.; Standalone case study decks – which highlight individual customer stories without platform architecture or deployment roadmap.; One-pagers – which provide high-level summaries without detailed metrics and timelines.","AllyAI; Content Agent; Shelf Agent; Media Agent; Sales Agent; Ask Ally; Copilot","","Newell; Coke","+4% Net Sales; 2.04% ASP increase; +4.57% unit conversion; +2.47% digital penetration; 168% increase in sales; 54% increase in traffic; 1,115 bps conversion rate increase; +55% ad sales growth; +75% CPC improvement; -12.8% cost metric change; 95% Incrementality Fraction; $2.14 Incremental ROAS","PDP Content Compliance and Optimization; Digital Shelf Insights and Automated Reporting; Incrementality-based iROAS Optimization; Automated Budget Pacing; Customizable Attribution Windows (7, 14, 30-day click; 28-day impression); Insight Packs with Scores, Insights, Actions; Forward Deployed Engineer (FDE) model; Workflow Mapping and Guardrails; Prototype in 30 Days; Production Deployment in 60 Days","","","Active"
"Comprehensive Prime Day Report July 2024","https://docs.google.com/presentation/d/10IBSw-YGlYVC5z-7_X5oCde5ZArdPanDm65Eiky52rc/edit?usp=drivesdk","10IBSw-YGlYVC5z-7_X5oCde5ZArdPanDm65Eiky52rc","enablement-guide","To provide a data-backed retrospective analysis of Prime Day 2024 performance to guide future event strategy.","This is the Comprehensive Prime Day Report July 2024 - a data-driven industry performance recap analyzing traffic, conversion, inventory, advertising spend, discounting strategies, CPCs, ROAS, and revenue impact during Prime Day 2024 (July 16–17) compared to the prior 28-day baseline (L28) and year-over-year versus 2023, using CommerceIQ REM Platform internal data.","Use for Prime Day performance reviews, QBR discussions, event strategy planning, inventory planning conversations, ad budget allocation strategy, and executive recaps of July 2024 results.","Sales teams, customer success managers, retail media strategists, ecommerce directors, and executive stakeholders preparing Prime Day recaps or planning future tentpole events.","Traffic and Glance View performance; Discount strategy and elasticity; Conversion rate trends during and post Prime Day; Revenue loss due to out-of-stocks (OOS); Inventory planning year-over-year comparison (2023 vs 2024); Advertising spend trends by ad type; ROAS and CPC performance; Post-Prime Day recovery trends; Category-level performance (Toys, Home & Kitchen, Beauty, Pet, Patio/Lawn & Garden); Year-over-year comparisons (2023 vs 2024)","Traffic spiked +59% over baseline in 2024 vs. 2023; 10%–20% discounts correlated with 10x–15x increase in glance views; Revenue loss due to OOS spiked +200% vs. 2023 in some analyses; Certain category cuts showed +1000% OOS revenue loss vs. 2023; Conversion rates declined during Prime Day and recovered 5–7 days later; Sponsored Display ad spend increased up to 10x vs. baseline; Other ad types increased 4x+ vs. baseline; Brands increased ad spend 100–150% more in 2024 vs. 2023 (in some industries); CPCs increased 2x going into Day 2; ROAS strongest at <5% and 10%–20% discount levels; Brands pulled back post-event ad spend by upwards of 40%; Sponsored Display remained elevated 7 days post-event; ASP saw a major decline during the event; Toys, Home & Kitchen, and Beauty hit hard by OOS losses; Pet category sustained slight ad spend increase post-event","Mid-range discounts (10%–20%) drive the largest traffic spikes but do not guarantee conversion gains.; Inventory misalignment during peak traffic can erase Prime Day revenue gains through OOS losses.; Ad costs (CPCs) increased during the event, pressuring ROAS—especially on Day 2.; Sponsored Display emerged as the dominant and most sustained ad investment channel.; Post-event recovery in conversion and spend normalization takes up to 7 days.","Prime Day 2024 performance recap; Prime Day 2024 traffic vs conversion data; Revenue loss due to OOS Prime Day 2024; Prime Day 2024 ad spend by type; Sponsored Display performance Prime Day 2024; Prime Day 2024 ROAS and CPC trends; Best discount percentage for Prime Day; Glance views by discount level Prime Day; Prime Day 2024 vs 2023 comparison; Post Prime Day conversion recovery timeline; Ad spend pullback after Prime Day; Inventory planning impact Prime Day 2024; L28 average comparison Prime Day; Category performance Prime Day 2024; CommerceIQ REM Prime Day analysis","Prime Day 2024 Playbook (forward-looking strategy guide); Category-Specific Industry Overviews (single-vertical deep dives); Quarterly Business Review decks (broader time horizon); Advertising Product Datasheets (feature-focused, not event recap)","CommerceIQ REM Platform; Sponsored Display; Sponsored Product; Sponsored Brand","","","+59% traffic spike vs. baseline; 10x–15x glance view lift at 10%–20% discounts; +200% to +1000% revenue loss due to OOS vs. 2023; 2x increase in CPC on Day 2; 100–150% YoY increase in ad spend (select industries); Upwards of 40% ad spend pullback post-event; 5–7 day conversion recovery period","L28 Day Average benchmarking; Year-over-year (2023 vs 2024) comparison; Ad Spend by Type analysis; Revenue Loss due to OOS analysis; Glance Views by Discount % analysis; ROAS and CPC trend analysis; Post-event 3-, 5-, and 7-day performance tracking","","August 2024","Active"
"CommerceIQ-Prime-Big-Deal-Days-2025-Report","https://docs.google.com/presentation/d/1dQ4Ui4qMXCW-gJ-c-oGwjwxHe41p0ePnSrdaIDTUbGo/edit?usp=drivesdk","1dQ4Ui4qMXCW-gJ-c-oGwjwxHe41p0ePnSrdaIDTUbGo","enablement-guide","Provide a data-driven Prime Day 2025 performance recap to support strategic sales and client conversations.","This is the CommerceIQ-Prime-Big-Deal-Days-2025-Report - a comprehensive Prime Day 2025 performance analysis report covering YoY trends across revenue, gross margin, ROAS, CPC, ad spend, glance views, unit conversion, and out-of-stock (OOS) impact by category using CommerceIQ’s REM Platform data.","Use during post–Prime Day business reviews, QBRs, category performance discussions, ROAS decline investigations, OOS impact analysis, or when positioning CommerceIQ’s REM Platform for event optimization.","Sales teams, customer success managers, retail media strategists, and account executives conducting Prime Day business reviews with brand partners.","Prime Day 2025 vs 2024 YoY Performance; Comparison to L14 Baseline Average; Gross Margin Trends by Category; ROAS & Advertising Efficiency; Ad Spend and CPC Trends; Glance Views (Traffic) Analysis; Unit Conversion Rate Changes; Revenue Loss Due to Out-of-Stock (OOS); Day 1 vs Day 2 Performance Shifts; Category-Level Deep Dives","Gross margin dropped 31% YoY overall in certain segments; Gross margin declined 13% YoY across both Day 1 and Day 2 in some categories; Total ROAS declined by 233% overall; Tools & Home Improvement: 34% gross margin decrease, 12.51% ROAS increase; Health & Personal Care: 9% gross margin reduction, 34.14% ROAS drop; Toys: 60% YoY ordered revenue decline; Health & Personal Care: 32% YoY revenue growth; Beauty: ~3× baseline revenue but -3% YoY; Beauty Day 1 glance views up 369%; Unit conversion dropped 447% YoY in some segments; Beauty unit conversion declined 112% YoY; Revenue loss due to OOS increased 27% YoY in certain categories; Ad spend increased 3–5% YoY overall; Sponsored Display spiked +814% Day 1 in 2025 vs +27% in 2024; CPC inflation cited as major driver of margin pressure","CPC inflation and OOS issues were primary drivers of margin and ROAS pressure in 2025.; Performance varied dramatically by category, with some seeing revenue growth but margin erosion.; Traffic increases did not consistently translate into conversion efficiency.; Smarter bidding and ad reallocation helped offset lower traffic in certain categories.; Inventory discipline materially influenced event outcomes.","CommerceIQ Prime Day 2025 report; Prime Big Deal Days 2025 performance; Prime Day 2025 ROAS decline analysis; Gross margin drop Prime Day 2025; Sponsored Display 814% spike 2025; Prime Day 2025 OOS revenue loss; Beauty category Prime Day 2025 performance; Tools & Home Improvement ROAS 2025; Health & Personal Care Prime Day YoY growth; Toys 60% revenue drop Prime Day; Prime Day 2025 CPC inflation impact; Ad spend trends Prime Day 2025; Day 1 vs Day 2 Prime Day 2025 analysis; Glance views YoY Prime Day 2025; CommerceIQ REM Platform Prime Day insights","CommerceIQ REM Platform Product Deck – focuses on platform capabilities and features rather than event performance data.; CommerceIQ Pricing or Packaging Documents – covers commercial terms and subscription tiers.; Individual Customer Case Studies – focus on one brand rather than cross-category aggregated data.","CommerceIQ REM Platform","","","31% YoY gross margin decline; 13% YoY gross margin decline (select categories); 233% total ROAS decline; 60% YoY revenue drop (Toys); 32% YoY revenue growth (Health & Personal Care); 369% Day 1 glance view increase (Beauty); 447% YoY unit conversion drop (select segments); 112% YoY unit conversion decline (Beauty); 27% YoY revenue loss increase due to OOS; +814% Sponsored Display spike Day 1 2025","Prime Day vs L14 Baseline Benchmarking; Day 1 vs Day 2 Comparative Analysis; Category-Level ROAS & Gross Margin Breakdown; Ad Spend by Type (SP, SB, Sponsored Display); Revenue Loss Due to OOS Analysis; CPC Impact Assessment","","August 2025","Active"
"Product Box: Shelf Agent","https://docs.google.com/document/d/1az4xXzI0P9ZEkA8hYegZlJ6sDRBS_1_JJZntf0DK1DI/edit?usp=drivesdk","1az4xXzI0P9ZEkA8hYegZlJ6sDRBS_1_JJZntf0DK1DI","product-box","Define and standardize the scope, capabilities, and requirements of AllyAI Shelf Agent for sales and internal alignment.","This is the Product Box: Shelf Agent – a comprehensive internal product definition and service description outlining AllyAI Shelf Agent’s capabilities, required Digital Shelf Optimization (DSO) foundation, agent skills, supported geographies and retailers, reporting functionality, insight generation workflows, and optional managed agency services. It defines Shelf Agent as the intelligence layer on top of DSO that transforms digital shelf data into prioritized insights, executive-ready reporting, and retailer-specific strategic recommendations.","Use during product qualification, scoping discussions, RFP responses, internal enablement, DSO + Shelf Agent bundling conversations, or when clarifying dependencies and feature coverage.","Sales teams, solutions consultants, account managers, product marketing, and internal enablement teams","Shelf Agent product overview and positioning; Digital Shelf Optimization (DSO) dependency and inclusion; Agent Skills (Ask AllyAI, Automated Reporting, AllyAI Takeaways, Brand Insights, Retailer Insights, Country Insights); Insight Pack generation and executive-ready reporting; Supported geographies and retailers (aligned to DSO coverage); Performance diagnostics across content, availability, pricing, search, ratings & reviews; Share of shelf, share of voice, out-of-stock detection, pricing compliance; Retailer strategy, market review, event strategy, and launch strategy use cases; Optional ExpertIQ managed agency services; FAQs and product differentiation vs Content Agent","Conversational workflows powered by Ask AllyAI; Automated Insight Packs with export-ready PowerPoint output; Configurable reporting cadence: weekly, monthly, quarterly, ad hoc; Coverage across content, availability, assortment, pricing, promotions, ratings & reviews, search; Share of shelf and share of voice monitoring; Out-of-stock detection by SKU and retailer; Pricing compliance exception tracking; Driver analysis linking digital shelf shifts to sales and engagement changes; SKU-level gap analysis and keyword performance shifts; Retailer-specific joint business planning support; Country-level rollups for global and regional leadership; Requires active Digital Shelf Optimization (DSO) subscription; Available in all markets where DSO coverage exists; Differentiation: Shelf Agent recommends changes; Content Agent executes content updates; Updated: 02-26-26, internal use only","Shelf Agent is the AI intelligence layer built on top of required DSO data.; It transforms complex digital shelf metrics into prioritized actions and executive-ready reporting.; It supports brand, retailer, and country-level diagnostics with conversational querying.; It cannot be purchased without Digital Shelf Optimization.; Optional managed services extend Shelf Agent into strategic planning and execution consulting.","What is Shelf Agent?; Shelf Agent product box; Does Shelf Agent require DSO?; Shelf Agent vs Content Agent; Shelf Agent agent skills; Ask AllyAI capabilities; Shelf Agent automated reporting; Shelf Agent Insight Packs PowerPoint export; Supported retailers for Shelf Agent; Supported geographies for Shelf Agent; Digital Shelf Optimization required for Shelf Agent; Shelf Agent share of shelf monitoring; Shelf Agent out-of-stock detection; Shelf Agent managed services; Retailer strategy and market review Shelf Agent","Digital Shelf Optimization (DSO) Product Description – defines the data foundation and measurement layer, not the AI insight layer.; Content Agent Product Box – focuses on content execution and syndication rather than insight generation.; Sales Decks (First Call or Second Call) – presentation materials used in customer meetings.; Pricing Calculator – does not include pricing tiers or financial modeling.","AllyAI Shelf Agent; Digital Shelf Optimization (DSO); Ask AllyAI; Content Agent; ExpertIQ","","","","Ask AllyAI conversational querying; Automated Insight Pack generation; Executive-ready PowerPoint exports; Brand Insights; Retailer Insights; Country Insights; AllyAI Takeaways auto-summaries; Share of Shelf monitoring; Share of Voice tracking; Out-of-stock detection; Pricing compliance exception tracking; Driver analysis linking shelf shifts to sales","","2026-02-26","Active"
"CommerceIQ-CategoryIQ-Hair-Styling-April-2025","https://docs.google.com/presentation/d/1l-vCwZQ9xrK-lg6dZ9ZbjPyVPxMLiQUQ1fjP0RAhzgw/edit?usp=drivesdk","1l-vCwZQ9xrK-lg6dZ9ZbjPyVPxMLiQUQ1fjP0RAhzgw","enablement-guide","Provide category-level ecommerce intelligence to guide brand growth strategy on Amazon","This is the CommerceIQ-CategoryIQ-Hair-Styling-April-2025 - a comprehensive ecommerce category intelligence report analyzing US Amazon performance for the Hair Products: Hair Styling: Others category, including market growth trends, competitive benchmarking, share of voice (paid and organic), pricing architecture, search behavior, assortment themes, and brand-level performance metrics for Q1 2025.","Use in sales conversations, SBRs, and prospecting when discussing Hair Styling category trends, competitive share shifts, pricing optimization, or search and assortment opportunities on Amazon.","Sales teams, Customer Success Managers, Category Managers, and Brand Strategists working with Hair Styling and Personal Care brands on Amazon","Executive Summary and Category Overview; Year-over-Year Category Growth Analysis; Competitive Benchmarking – Top Gainers and Losers; Ecommerce P&L Framework (Sales, Traffic, Conversion, ASP); Share of Voice (Organic vs Sponsored); Search Behavior and Traffic Drivers; Assortment Themes and Buying Trends; Pricing Architecture and Price Band Analysis; Out of Stock Rate and Consumer Sentiment; Promotional Strategy Insights","Hair Styling category grew 23% YoY from $96.3M to $118.4M; Average adjacent category growth was 16%; Hair Color: Powder grew 51.1% from $5.7M to $8.6M; Body Wash: Liquid grew 15.1% from $114.5M to $131.8M; Color Wow share increased from 3.7% to 4.5%; Color Wow sales up 49% from $2.3M to $5.5M; Moroccanoil ASP increased from $25.64 to $25.74; Garnier accounts for 12% of category search; Hair Volumizing theme holds 6.6% category share; Revlon holds 18.3% share in Anti Frizz theme; I Dew Care holds 10.4% share in Hair Volumizing theme; $7–$11 price band drives 22.5% of units; $12–$16 price band drives 21% of units; $22–$26 price band drives 15% of units and 20.4% of revenue; Tail bands ($42–$46 and >$49) drive 2.6% of units and 7.7% of revenue","Hair Styling is outpacing adjacent categories with 23% YoY growth, signaling strong demand.; Mid-tier price bands ($7–$16) dominate unit sales, while $22–$26 drives disproportionate revenue.; Share of Voice alignment between paid and organic presence is critical to sustaining share gains.; Volume and Anti Frizz themes present growth and whitespace opportunities.; Brands gaining share are aligning assortment, pricing, and promotional execution with search demand.","CommerceIQ Hair Styling CategoryIQ April 2025; Hair Products Hair Styling Others Amazon growth 2025; Hair Styling category YoY growth Q1 2025; Color Wow market share increase 2025; Hair Styling price band analysis Amazon; Top search themes Hair Styling Amazon; Anti Frizz theme market share Amazon; Hair Volumizing share of voice data; Garnier search share Hair Styling; Sponsored SOV proxy for ad spend Hair Styling; Competitive benchmarking Hair Styling Amazon; Moroccanoil ASP change 2025; Hair Styling ecommerce P&L drivers; US Amazon Personal Care category growth 2025; CommerceIQ CategoryIQ report example","CommerceIQ Retail Media Management Deck – focuses on platform capabilities and ad execution, not category intelligence.; CommerceIQ Product Box – defines a specific product’s positioning, pricing, and features rather than market data.; Customer-Specific Business Review – tailored to one brand’s performance rather than aggregated category analysis.","CommerceIQ CategoryIQ","Color Wow; Moroccanoil; Amika; Revlon; I Dew Care; Garnier","","23% YoY growth ($96.3M to $118.4M); 51.1% growth in Hair Color: Powder; 15.1% growth in Body Wash: Liquid; Color Wow +49% sales growth; Garnier 12% search share; 44% of units in $7–$16 price bands; $22–$26 price band = 20.4% of revenue; Premium tail bands = 7.7% of revenue","Sponsored Share of Voice (SOV) tracking; Organic vs Paid Presence analysis; Ecommerce P&L framework; Search Theme analysis; Price Band contribution analysis; Assortment Strength benchmarking; Out of Stock Rate tracking; Consumer Sentiment analysis","","April 2025","Active"
"First Call & Content Agent Certification","https://docs.google.com/presentation/d/1dvFn0dg_IphiLRNTMMuljNhZ2lMEKGebDxoRILMObE0/edit?usp=drivesdk","1dvFn0dg_IphiLRNTMMuljNhZ2lMEKGebDxoRILMObE0","enablement-guide","Standardize and certify sales readiness for 1st Call and Content Agent pitches and demos.","This is the First Call & Content Agent Certification – a structured sales certification and enablement guide outlining the requirements, decks, demo flow, scoring criteria, resources, timelines, and pricing context for certifying sellers on the 1st Call (Agentic Commerce) pitch and the AllyAI Content Agent pitch & demo.","Use when onboarding new reps, preparing for certification submission, scheduling a dry run before a first Content Agent opportunity, or clarifying scoring, submission, and demo requirements.","Sales representatives, sales managers, and product marketing managers responsible for certifying and enabling reps on AllyAI Content Agent and 1st Call pitches.","1st Call (Agentic Commerce) certification requirements; Content Agent pitch certification requirements; Content Agent demo script and required flow; Scoring criteria and 70% passing threshold; Submission process and deadlines; Required resources and enablement materials; Dry run coaching requirements; Content Agent packaging and pricing overview","Passing grade: 70%; Two required recordings: 1st Call pitch + Content Agent pitch & demo; Due date: Friday, Feb 20; Feedback by Friday, Feb 27; Redos required for scores under 70%; 1st Call Deck – Agentic Commerce; 2nd Call Deck_Content Agent; Demo script: Demo_Content Agent; Customer stories: Coke, Retail Media, Newell; Demo flow includes SKU prioritization and PIM vs PDP evaluation; Out-of-the-box Salsify integration; Regions for pricing: NA, EU9, ROW; Managed Services priced on par with agencies; Dry run required 48 hours before first opportunity; Submission via Zoom recordings and Google Form","Reps must be formally certified before delivering 1st Call or Content Agent pitches independently.; The demo has a strict narrative flow focused on SKU prioritization, content evaluation, and publishing changes.; A 70% score is required to pass; coaching and resubmission are mandatory below that threshold.; Content Agent is packaged with Agent AI Skills and can be sold standalone or with Managed Services.; Dry runs with managers and PMMs are strongly encouraged to increase win rates and message consistency.","First Call certification requirements; Content Agent certification process; AllyAI Content Agent demo script; 70% passing score sales certification; How to submit Content Agent certification recording; 1st Call Agentic Commerce pitch requirements; Content Agent pitch deck requirements; Content Agent demo flow steps; Newell Content Agent customer story; Coke retail media customer example first call; Content Agent pricing by region NA EU9 ROW; Salsify integration Content Agent; Sales dry run 48 hours requirement; GTM Enablement AllyAI Content Agent resources; Managed Services pricing for Content Agent","First Call Deck – Agentic Commerce (customer-facing presentation); 2nd Call Deck_Content Agent (customer-facing pitch deck); Content Agent Product Box (product definition and positioning document); Content Agent Datasheet (external marketing collateral); Demo video (HJ) – example demo recording","AllyAI Content Agent; Agentic Commerce; AllyAI","","Coke; Newell","Passing grade: 70%; Dry run 48 hours prior to first opportunity","SKU prioritization; PIM content evaluation; PDP content evaluation; Suggested content improvements with reasoning; Accept and publish changes workflow; Out-of-the-box Salsify integration; Agent AI Skills; Retailer-based regional pricing (NA, EU9, ROW)","","Friday, Feb 20 (submission deadline referenced)","Active"
"Product Box: AllyAI SalesAgent & Services","https://docs.google.com/document/d/1GKR5i2wDDEBKIzuGGhx8R3Joqka6qV2GAAqh2JzOKlw/edit?usp=drivesdk","1GKR5i2wDDEBKIzuGGhx8R3Joqka6qV2GAAqh2JzOKlw","product-box","Define the full scope, capabilities, and positioning of AllyAI Sales Agent for sales and enablement teams","This is the Product Box: AllyAI SalesAgent & Services – a comprehensive product definition document outlining the capabilities, supported retailers and regions, AI skills, automation features, Profit Recovery Automation (PRA), reporting tools, deck generation, and agency services associated with the AllyAI Sales Agent. It details how the Sales Agent uses Amazon Vendor Central data to diagnose performance gaps (media, content, availability), automate dispute recovery, protect content authority, and provide prescriptive, AI-driven sales recommendations.","Use when defining what Sales Agent includes, explaining supported retailers/regions, positioning AI skills, discussing PRA capabilities, or clarifying automation features and roadmap.","Sales teams, sales engineers, customer success managers, and leadership positioning AllyAI Sales Agent to Amazon vendors and retail brands","Retailer and regional availability; AI Agent Skills (Ask Ally, Gap to Plan, Diagnostics); Gap Closure Framework (Media, Content, Availability); Profit Recovery Automation (PRA); Chargebacks, Shortages (PQV), Price Variance (PPV); Shipment Tracker and Deductions Overview; Automated Deck Creation; Content & Variation Authority Automation; Unauthorized ASIN Detection; Agency Services (ExpertIQ)","Available for Amazon in US, Canada, EU5, Australia; PRA supported in US, EU9, Brazil, Mexico, Australia; Sales Diagnostics available end of Q1; Media gap closure includes reallocation of spend across SKUs; Content compliance gap prioritized by revenue impact; Content efficacy analyzes competitor listings and semantic themes; Availability gap identifies forecasted stockouts; Tracks shortages as % of shipped COGS (PQV); Price Variance (PPV) tracked at PO- and ASIN-level; Phase 1 and Phase 2 dispute recovery tracking; One-click PowerPoint generation with GenAI insights; Custom Agent Branding (name and visual identity); Unauthorized ASIN auto-ticket submission to Amazon; Variation Authority merges orphaned 1P variants; Early Access includes free Content Agent for contract duration","Sales Agent is an AI-powered commerce analyst that moves teams from insight to prescriptive action.; It combines performance diagnostics, financial recovery automation, and content protection in one platform.; It supports Amazon-first workflows with expanding retailer roadmap (Walmart scoped for Q2).; It reduces analyst workload through autonomous deep reasoning and automated deck creation.; It integrates gap-to-plan measurement with prescriptive media, content, and availability recommendations.","What is AllyAI Sales Agent?; Sales Agent supported retailers and regions; Difference between Ask Ally and Sales Diagnostics; What is Gap to Plan?; Does Sales Agent automate chargebacks?; How does Profit Recovery Automation work?; PRA Phase 1 vs Phase 2 disputes; Does Sales Agent create PowerPoint decks?; Unauthorized ASIN automation Amazon; Content Authority automation; Variation Authority merge ASINs; Sales Agent Walmart availability; Shortages PQV dashboard details; Price Variance PPV tracking; Early Access Content Agent pricing","Copilot Product Box – focuses on reporting (ESM, PRA, Market Share) rather than AI agent automation; Sales Agent First Call Deck – high-level sales presentation; Sales Agent Second Call Deck – detailed demo presentation; Standalone PRA Datasheet – limited to financial recovery workflows","AllyAI Sales Agent; Ask AllyAI; Ask AllyAI Diagnostics; Gap to Plan; Profit Recovery Automation (PRA); Retailer Copilot; Content Agent; ExpertIQ","","","Shortages as % of shipped COGS (PQV); PO- and ASIN-level PPV tracking; Phase 1 and Phase 2 recovery dollars; Sales pacing vs. targets; Organic rank and conversion impact estimates","Media Gap Closure; Content Compliance Gap Closure; Content Efficacy Gap Closure; Availability Gap Closure; Unauthorized ASIN Automation; Content Authority Automation; Variation Authority Automation; Shipment Tracker; Deductions Overview; Automated Deck Creation; Interactive RCA Refinement; Self-Serve Agent Training; Custom Agent Branding","","","Active"
"CommerceIQ-CategoryIQ-Liquid-Body-Wash-April-2025","https://docs.google.com/presentation/d/14JbaX-O_evmuIo_FYZ7gmCJsNBZkRMPa9dKeV-BlHQ0/edit?usp=drivesdk","14JbaX-O_evmuIo_FYZ7gmCJsNBZkRMPa9dKeV-BlHQ0","enablement-guide","To provide data-driven category intelligence and competitive insights for the Amazon Liquid Body Wash market.","This is the CommerceIQ-CategoryIQ-Liquid-Body-Wash-April-2025 - a quarterly US Amazon category intelligence report analyzing the Personal Care: Body Wash: Liquid segment, including market size growth, price band performance, promotional trends, share of voice (SOV), assortment strength, search behavior, and competitive benchmarking for brands like Dove, Olay, Method, Aveeno, Native, and Salt Stone.","Use in quarterly business reviews, retail media strategy discussions, Amazon category deep dives, competitive benchmarking sessions, and sales conversations demonstrating CommerceIQ’s analytics capabilities.","Sales teams, account managers, retail media strategists, category managers, and brand partners using CommerceIQ insights","Executive Summary – Liquid Body Wash category trends; Category Overview – Market size and YoY growth; Competitor Watch – Top gainers and losers; Pricing Architecture – Unit sales by price band; Promotional Strategy & Promotion Rate Analysis; Traffic Drivers – Share of Voice (Sponsored & Organic); Search Behavior & Theme Analysis; Assortment Strength & Out-of-Stock Rate; Consumer Sentiment; Ecommerce P&L Framework (Sales, Traffic, Conversion, ASP)","Liquid Body Wash grew 15.1% YoY from $114.5M to $131.8M; Hair Color: Powder grew 51.1% from $5.7M to $8.6M; Hair Styling: Others grew 23% from $96.3M to $118.4M; Similar categories averaged 16% growth; $5–$14 price range accounts for 60% of unit sales; $5–$9 band drives 30.5% of units and 23% of revenue; Tail price bands contribute 1.5% of units and 4.6% of revenue; Dove market share increased from 16.3% to 18.4%; Dove promotion rate increased by 29.9%; Olay reduced ASP by 40%, increasing sales by 50%+ to $5.5M; Paraben Free theme: Dove holds 69.4% share; Paraben Chemicals: Native 25.8%, Salt Stone 24.4%; Moisturizing Skin Care theme holds 25.5% share; Body Wash for Men search theme at 3.1% SOV; Method holds 8.6% share in Body Wash for Men","Promotions and price positioning are the primary drivers of share gains in Liquid Body Wash.; The $5–$14 price band is the most critical volume driver.; Paraben-Free is high demand but under-contested outside of Dove.; Retail media investment (Sponsored SOV) directly impacts market share outcomes.; Brands ignoring promotion and paid presence risk share decline.","CommerceIQ CategoryIQ Liquid Body Wash April 2025; Amazon Liquid Body Wash category growth 2025; Dove market share body wash Amazon; Paraben Free body wash share of voice; Liquid Body Wash price band analysis $5-9; Promotion rate impact on market share Amazon; Olay ASP decline 40% sales increase; Native vs Salt Stone paraben chemicals share; Body Wash for Men search share Amazon; Sponsored SOV proxy for ad spend body wash; Liquid Body Wash YoY growth $114M to $131M; Top gainers losers body wash Amazon Q1 2025; Amazon Basics share of search body wash; CategoryIQ Personal Care report April 2025; CommerceIQ ecommerce P&L framework body wash","CommerceIQ RMM Sales Deck – focuses on advertising platform capabilities, not category analysis; Sales Agent Product Box – defines AI sales product features and pricing; Customer Case Study Deck – highlights one brand’s success story rather than full category trends; Retail Media Battle Cards – competitive comparisons vs ad tech vendors","CommerceIQ; CategoryIQ","Dove; Olay; Method; Aveeno; Native; Salt Stone; Nivea Men; Amazon Basics","","15.1% YoY growth ($114.5M to $131.8M); 51.1% growth in Hair Color: Powder; 23% growth in Hair Styling: Others; 60% of units in $5–$14 band; 30.5% units in $5–$9 band; 1.5% units in tail price bands; Dove share increase from 16.3% to 18.4%; Olay ASP decline of 40%; Olay sales increase 50%+ to $5.5M; Dove 69.4% share in Paraben Free","Sponsored Share of Voice (SOV) analysis; Promotion Rate benchmarking; Price Band Analysis; Theme-based search analysis; Assortment Strength tracking; Out-of-Stock Rate monitoring; Consumer Sentiment analysis; Ecommerce P&L framework","","April 2025","Active"
"IndustryTrends-TheStateofRetailEcomm-Q3","https://docs.google.com/presentation/d/1JmOOEArkirr9FLw32PRkjjRsiYfBbRVoHV43RNqRKpw/edit?usp=drivesdk","1JmOOEArkirr9FLw32PRkjjRsiYfBbRVoHV43RNqRKpw","enablement-guide","Provide Q3 2024 retail ecommerce benchmarks and industry trend insights for sales and strategy conversations.","This is the IndustryTrends-TheStateofRetailEcomm-Q3 - a quarterly industry trends report analyzing Q3 2024 retail ecommerce performance across major Amazon categories using aggregated CommerceIQ REM Platform data (April 2023–September 2024). It contains category-level insights on ad spend, ROAS, CPC, inventory, out-of-stocks (RepOOS), pricing, discounting, margins, glance views, fulfillment, and revenue trends, with YoY and QoQ comparisons and tentpole event analysis (e.g., Prime Day).","Use during sales conversations, QBR prep, industry benchmarking discussions, or when positioning CommerceIQ against macro ecommerce trends (e.g., CPC stability, ROAS pressure, inventory strategy, Prime Day impact).","Sales teams, account executives, customer success managers, retail media strategists, and ecommerce brand leaders using industry benchmarks in customer conversations.","Total Industry Overview (Q3 2024); Ad Spend, ROAS, and CPC trends; On-Hand Inventory and Digital Shelf Availability; Revenue Loss Due to Out-of-Stocks (RepOOS); OPS vs. Unit Margin %; Price Level vs. Discount %; Fulfillment and Fill Rates; Glance Views and Organic Traffic; Category Deep Dives (Beauty, Tools & Home, Grocery, H&PC, Toys, Others); Tentpole Event Impact (Prime Day, seasonal peaks)","Data source: CommerceIQ REM Platform, April 2023–September 2024; CPC remained relatively flat YoY; ROAS increased 53.5% to $7.32 during off-peak periods; Tools & Home ad spend +20% YoY, -9.7% QoQ; Beauty unit margins declined from 37% to 35.8%; Tools & Home unit margins down 740 basis points; Tools & Home on-hand inventory +15% YoY, +6% QoQ; Health & Personal Care inventory +25% YoY in September; Toys inventory peaked at 54% higher YoY; Others category overall inventory -17% YoY; RepOOS peaked at 2.5% vs. ~2% benchmark; Fulfilled units in Tools & Home -17% YoY with flat fill rates; Grocery prices stable over 18 months with reduced discounting in H2 2024; Prime Day drove seasonal OOS spikes in Beauty (July peak); Sales +3% YoY but -7% QoQ in Tools & Home","Ad efficiency is declining despite flat CPCs due to mix shifts and rising ad spend.; Margins are under pressure from rising COGS and increased inventory costs.; Tentpole events like Prime Day significantly impact traffic, inventory, and OOS rates.; Pricing across key categories remains relatively stable, especially in low-elasticity segments like Grocery.; Operational efficiency (fill rates, supply chain optimization) is improving despite volatility.","Q3 2024 retail ecommerce trends; State of Retail Ecommerce Q3 report; Amazon CPC trends 2024; ROAS decline 2024 benchmark; Prime Day impact on inventory; RepOOS benchmark 2%; Beauty industry ecommerce margins 2024; Tools & Home ad spend YoY; Grocery price elasticity ecommerce; Health & Personal Care inventory growth 2024; Toys inventory YoY increase; Amazon fill rate trends 2024; Unit margin decline ecommerce Q3; Organic traffic vs ad spend ecommerce; CommerceIQ industry benchmarks Q3 2024","REM Product Overview Deck – focuses on platform features and capabilities rather than industry benchmarks.; Customer Case Study Deck – highlights named brand success stories instead of aggregated industry data.; Quarterly Business Review (QBR) Templates – customer-specific performance reviews, not macro industry analysis.","CommerceIQ REM Platform","","","CPC (flat YoY); ROAS up 53.5% to $7.32 off-peak; Beauty unit margin 37% to 35.8%; Tools & Home unit margin -740 bps; Tools & Home ad spend +20% YoY; Tools & Home ad spend -9.7% QoQ; Tools & Home inventory +15% YoY; Health & Personal Care inventory +25% YoY; Toys inventory +54% YoY; Others inventory -17% YoY; RepOOS peak 2.5% vs ~2% benchmark; Fulfilled units -17% YoY","Category-level industry benchmarking; YoY and QoQ comparisons; Tentpole event analysis (Prime Day); Ad Spend | ROAS | CPC framework; Inventory and OOS tracking (RepOOS); Pricing and discount trend analysis; Margin and COGS impact analysis; Operational efficiency metrics (fill rates)","Q3 2024","September 2024 (data through September 2024)","Active"
"CategoryIQ-IndustryReport-StuffedToys","https://docs.google.com/presentation/d/1oe5hjcvUGKF7ipy7sjr2O6L3DZ_OxmVBWm2WewhuNgI/edit?usp=drivesdk","1oe5hjcvUGKF7ipy7sjr2O6L3DZ_OxmVBWm2WewhuNgI","enablement-guide","To provide competitive benchmarking and category insights for Stuffed Toy brands using CommerceIQ analytics.","This is the CategoryIQ-IndustryReport-StuffedToys - a comprehensive industry performance and competitive benchmarking report analyzing the Stuffed Toys category, including category growth trends, market share shifts, pricing architecture, promotion rate changes, search behavior, and brand-level performance metrics across a defined 2024 time period comparison.","Use during prospecting, category reviews, QBRs, or strategic discussions with stuffed toy brands seeking market share, pricing, promotion, or search trend insights.","Sales teams, account executives, customer success managers, and strategy leaders engaging stuffed toy brands in ecommerce growth discussions.","Executive Summary and Category Growth Overview; Stuffed Toys Market Share Analysis; Competitive Benchmarking – Top Brands; Pricing Architecture and Price Band Analysis; Promotion Rate and Change Analysis; Search Behavior and Traffic Drivers; Theme and Assortment Analysis; Ecommerce P&L Drivers (Sales, Traffic, Conversion, ASP); Sponsored Share of Voice Benchmarking; Out-of-Stock Rate and Consumer Sentiment Inputs","Average category growth of 18%; Playsets grew 26% ($76.2M to $96M); Activity Kits grew 34.5% ($40.5M to $54.5M); Games grew 18.4% ($236.6M to $280.1M); Just Play market share increased from 2.3% to 2.7%; Squishmallows market share declined from 6.6% to 6.4%; Just Play ASP up 9.9%; Pokemon – Jazwares ASP up 5.1%; $15–19 price band = 33.5% of units, 31.7% of revenue; $10–14 price band = 25.8% of units; Tail price bands = 6.4% of units, 10.4% of revenue; Wild Republic holds 20% share in Stuffed Toy Theme; Squishmallows holds 55% share in Medium Sized segment; Bluey accounts for 33% of category searches; Aurora promotion rate increased by 15.1%; Gund decreased by 117%","Stuffed Toys category shows positive growth with shifting competitive dynamics.; Market share gains are tied to pricing discipline and controlled promotions.; The $15–19 price band is the dominant volume driver in stuffed toys.; Branded search (e.g., Bluey) plays a major role in traffic capture.; Promotion rates are generally declining across leading brands.","Stuffed Toys category market share report 2024; Squishmallows market share change; Just Play ASP increase 2024; Stuffed animal price band analysis; $15-19 stuffed toys price band performance; Stuffed toys promotion rate benchmarking; Bluey search share stuffed toys; Wild Republic theme share stuffed toys; Medium sized plush toy market share; Pokemon Jazwares ASP growth; Stuffed toys sponsored share of voice; Aurora promotion increase stuffed toys; Gund promotion rate decline; CommerceIQ stuffed toys industry report; Stuffed toys ecommerce P&L drivers","CategoryIQ-IndustryReport-Playsets (focuses on Playsets category instead of Stuffed Toys); CommerceIQ Product Box (defines product features and pricing rather than industry insights); RMM Second Call Deck (detailed product capability presentation); Stuffed Toys QBR Deck (customer-specific performance review rather than industry-wide analysis)","CommerceIQ; CategoryIQ","Just Play; Squishmallows; Pokemon – Jazwares; Franco; Aurora; Gund; Wild Republic; Morismos; Bluey","","Average category growth: 18%; Playsets growth: 26% ($76.2M to $96M); Activity Kits growth: 34.5% ($40.5M to $54.5M); Games growth: 18.4% ($236.6M to $280.1M); Just Play share: 2.3% to 2.7%; Squishmallows share: 6.6% to 6.4%; Just Play ASP: +9.9%; Pokemon – Jazwares ASP: +5.1%; $15–19 price band: 33.5% units, 31.7% revenue; Tail price bands: 6.4% units, 10.4% revenue; Bluey search share: 33%","Market Share Analysis; Competitive Benchmarking; Pricing Architecture Analysis; Promotion Rate Change Analysis; Sponsored Share of Voice; Search Behavior Analysis; Theme and Assortment Analysis; Ecommerce P&L Framework","","Analysis period: Jun 09, 2024 – Sep 07, 2024 vs Mar 10, 2024 – Jun 08, 2024","Active"
"CommerceIQ-Prime-Day-2024-Insights","https://docs.google.com/presentation/d/1-q2LxrtTOooTbU3guxAK8RjUXSqKxt1ZeoDtnhIrzZA/edit?usp=drivesdk","1-q2LxrtTOooTbU3guxAK8RjUXSqKxt1ZeoDtnhIrzZA","enablement-guide","To provide a data-backed Prime Day 2024 performance recap for sales enablement and customer insights.","This is the CommerceIQ-Prime-Day-2024-Insights - a comprehensive data-driven performance recap analyzing Prime Day 2024 revenue and pricing trends across major CPG and hardlines categories, including hourly ordered revenue, Average Selling Price (ASP) shifts, year-over-year comparisons vs. 2023, and baseline comparisons vs. the prior 6-day (L6) average using CommerceIQ’s REM Platform data.","Use during post-Prime Day customer reviews, prospecting conversations highlighting CommerceIQ analytics capabilities, strategic planning for tentpole events, and when discussing pricing, discounting, and hourly performance trends.","Sales teams, account executives, customer success managers, and retail strategy leaders using CommerceIQ data for Prime Day planning and business reviews.","Prime Day 2024 overall revenue and ASP performance; Hourly ordered revenue vs. L6 Day Average; Hourly ASP change vs. L6 Day Average; Prime Day 2024 vs. Prime Day 2023 pacing comparison; Category-specific industry overviews (Pets, Beauty, Health & Personal Care, Office, Electronics, Toys, Home & Kitchen, Patio); Peak sales hour identification by category; Revenue growth percentage ranges across categories; Consumer purchasing behavior shifts (higher-consideration items, bundles, premium products)","Data window: July 16–17, 2024, 12:00AM–11:59PM PST; Baseline comparison: L6 Day Average (July 10–15, 2024); Pet Products: +317% ordered revenue vs. L6, +65% ASP; Health & Personal Care: +226% ordered revenue vs. L6, +4% ASP; Toys: up to +611% revenue growth, +$12.24 ASP change at peak; Example category: +410% revenue, +63% ASP in peak window; Revenue growth across categories ranged from 79% to 611%; Day 1 had stronger impact than Day 2 in multiple categories; Opening hours of Day 1 generated 4.6% more revenue vs. 2023; Day 2 peak in Health & Personal Care occurred 6–8 PM PST; Morning peaks observed (5–7 AM, 6–9 AM PST); Evening peaks observed (5–7 PM PST); Some categories experienced ASP declines indicating deep discounting; 2024 initial surge followed by normalized pattern; Revenue and ASP measured in USD using CommerceIQ REM Platform data","Prime Day 2024 drove significant revenue lifts across all categories, with growth between 79% and 611%.; Consumers purchased higher-value and bundled items, driving ASP increases in several key categories.; Day 1, especially early morning hours, generated disproportionate revenue impact vs. Day 2.; Category performance varied significantly, with Toys and Home-related categories leading growth.; 2024 pacing often outperformed 2023, particularly in opening hours.","Prime Day 2024 insights CommerceIQ; Prime Day 2024 vs 2023 sales comparison; Prime Day hourly revenue analysis; Prime Day ASP change by category; CommerceIQ REM Platform Prime Day data; Prime Day 2024 Toys revenue growth; Prime Day 2024 Pet category performance; Prime Day Day 1 vs Day 2 performance; Prime Day L6 Day Average comparison; Prime Day 2024 category benchmarks; Prime Day peak sales hours PST; Prime Day 2024 revenue percentage increase; Prime Day 2024 pricing and discounting trends; Prime Day Health & Personal Care performance; Prime Day Office Products hourly revenue","REM Platform Product Overview Deck – explains platform features and capabilities rather than event performance data.; Customer QBR Templates – account-specific performance reviews rather than aggregated category insights.; Prime Day 2023 Insights Report – prior year analysis without 2024 comparisons.; RMM Sales Deck – advertising solution positioning, not event analytics recap.","CommerceIQ REM Platform","","","+317% ordered revenue vs. L6 (Pets); +65% ASP vs. L6 (Pets); +226% ordered revenue vs. L6 (Health & Personal Care); +4% ASP vs. L6 (Health & Personal Care); +611% revenue growth (Toys); +410% ordered revenue vs. L6 (example segment); +63% ASP vs. L6 (example segment); Revenue growth range: 79%–611%; 4.6% more revenue generated in first nine hours vs. 2023","Hourly ordered revenue analysis; Average Selling Price (ASP) tracking; L6 Day Average baseline comparison; Year-over-year 2023 vs 2024 pacing comparison; Category-level industry breakdowns; Peak sales hour identification","","2024-07-16","Active"
"CommerceIQ-ContentStyleGuide.pdf","https://drive.google.com/file/d/13o95ZN7b287KQbJ4qogNlaB6kLpM_S4H/view?usp=drivesdk","13o95ZN7b287KQbJ4qogNlaB6kLpM_S4H","enablement-guide","Define and enforce CommerceIQ’s brand writing standards across all content.","This is the CommerceIQ Copy & Content Style Guide (CommerceIQ-ContentStyleGuide.pdf) - a comprehensive brand writing standards manual that defines CommerceIQ’s brand voice, editorial hierarchy, grammar and punctuation rules, capitalization standards, industry naming conventions, digital asset requirements, and approved terminology for all customer-facing and internal marketing content.","Use when creating or editing website copy, sales decks, email campaigns, press releases, social posts, metadata, executive bylines, BDR cadences or any public-facing CommerceIQ content.","Marketing team, content writers, sales enablement, BDRs, executives, and anyone creating customer-facing content for CommerceIQ.","About CommerceIQ (company boilerplate); Brand voice principles; General style rules (clarity, active voice, simplicity); Technical style notes (punctuation, capitalization, abbreviations); Headline and formatting hierarchy; Industry & category capitalization standards; Digital asset guidelines (web, email, social); Words to avoid and terminology standards; Brand and competitor mention rules; Style guide exceptions for SMEs and sales","Hierarchy of style: CommerceIQ style > AP style > Editor’s discretion; 900+ retailers and 2,200+ leading brands referenced in boilerplate; No Oxford comma unless necessary for clarity; Numbers less than 10 spelled out in body copy; Email subject lines limited to 45 characters (including emojis); Preferred email length: 150 words; Meta descriptions capped at 165 characters; Headlines use sentence case (title case only for press releases); Use “&” in headlines and industry names (except press releases); Brands treated as singular nouns (e.g., Nestle expanded its...); Avoid internal acronym “CIQ” in public-facing content; Preferred terms: customers (not clients or users), use (not utilize); Hashtag rules: #ecommerce lowercase, #DigitalCommerce capitalized per word; Double quotation marks required; No spaces around em dashes; spaces around ellipses","CommerceIQ prioritizes clarity, active voice and customer-first messaging.; There are strict formatting rules for headlines, capitalization and punctuation.; Digital assets (web, email, social) have defined character and formatting limits.; Certain words, acronyms and competitor references are restricted.; Brand consistency overrides AP style when conflicts arise.","CommerceIQ brand voice guidelines; CommerceIQ writing style rules; CommerceIQ headline formatting rules; Does CommerceIQ use Oxford comma?; CommerceIQ email subject line character limit; CommerceIQ meta description length; CommerceIQ preferred spellings ecommerce or e-commerce; CommerceIQ abbreviation rules; CommerceIQ industry category capitalization; CommerceIQ boilerplate description; CommerceIQ punctuation rules; CommerceIQ passive voice policy; CommerceIQ social media hashtag format; CommerceIQ competitor mention policy; CommerceIQ digital asset guidelines","Product decks (which describe product features and capabilities); Sales call decks (first call or second call presentations); Battle cards (competitive comparison sheets); Messaging frameworks (positioning and value proposition documents)","CommerceIQ AI-powered digital commerce platform; Retail Media Management (RMM)","","","900+ retailers; 2,200+ leading brands; 45 character email subject line limit; 150 word preferred email length; 165 character meta description limit","Brand voice framework; Editorial hierarchy of style; Headline formatting standards; Punctuation and capitalization rules; Industry naming conventions; Digital asset character limits; Approved terminology list; Competitor mention restrictions","","","Active"
"Product Success Plan + Training Deck Internal WIP","https://docs.google.com/presentation/d/1OLdvvxuSFyc2eeBgmazj8dpf13yogTtqkzPnfOP8hmg/edit?usp=drivesdk","1OLdvvxuSFyc2eeBgmazj8dpf13yogTtqkzPnfOP8hmg","training-deck","Enable AEs and CSDs to position, sell, and differentiate Product Success services","This is the Product Success Plan + Training Deck (Internal WIP) – a comprehensive internal sales enablement and training presentation covering CommerceIQ’s Product Success service model, including Success Plan (foundational services), Success Plan+ (advanced enablement and upskilling), and ExpertIQ (advanced insights & advisory services). It details the selling process, service packaging, pricing logic based on ARR, regional PSM support model, credit-based ExpertIQ menu, AMC and DSO report examples, AllyAI 1-click reports, and specific use cases, metrics, and action frameworks used to position and upsell services.","Use for internal training, onboarding new AEs/CSDs, preparing for second calls involving services, upsell strategy discussions, renewal planning, and when clarifying Success Plan vs ExpertIQ positioning.","Account Executives (AEs), Customer Success Directors (CSDs), Product Success Managers (PSMs), Sales Enablement Teams","Product Success service model overview; Success Plan vs Success Plan+ vs ExpertIQ comparison; Success Plan+ selling process (Discovery, Triage, Briefing, Review, Quarterly Planning); ExpertIQ credit-based insights menu; AMC and DSO analytics examples; AllyAI Media Teammate 1-click reporting; Regional PSM support model (5 regions); Share of Search and competitor benchmarking analysis; Shopper segmentation and RFMD cohorting; AE and CSD roles in selling and upselling services","Success Plan included with CommerceIQ products based on ARR; 5 PSM regions: NAM, LATAM, EMEA, MENA, APAC; 200 insight projects delivered monthly; 11 years average team tenure; Experts from Deloitte, McKinsey, Kantar, Nielsen, Dunnhumby, PwC, JP Morgan; Brand A: 31% organic share of search vs 19% Competitor 2 (12% gap); Brand A: 25% paid share of search; 3–4% gap vs key competitors; >50% share on strong generic terms; 61% of Multi-Purpose Shoppers repeat the same ASIN; 75% of repeat buyers focused on only 10 SKUs; 6% Champion Shoppers; 10% Potential Champions; AMC RFMD reporting (Recency, Frequency, Monetary, Diversity); Exposure overlap analysis: DSP + Search drives higher ROAS; NPD 3-stage review: Pre, During, Post launch; Annual credit subscription model with customizable briefs (example credit costs like 8, 50)","Success Plan is foundational and scales with ARR; Success Plan+ and ExpertIQ drive deeper adoption and strategic value.; ExpertIQ provides bespoke, credit-based advanced analytics beyond self-serve dashboards and AllyAI reports.; Clear differentiation is required between in-product AI reporting (AllyAI) and human-led advisory (ExpertIQ).; Data-driven insights (share of search, RFMD, exposure overlap) are central to upsell and strategic conversations.; Sales and Product Success collaboration is essential to successfully position and scope services.","What is Success Plan+?; Difference between Success Plan and ExpertIQ; How to sell ExpertIQ; CommerceIQ Product Success overview; ExpertIQ credit model explained; Success Plan pricing based on ARR; Product Success selling process; AMC RFMD reporting example; Exposure overlap DSP and Search analysis; Share of Search competitive benchmarking example; AllyAI vs ExpertIQ difference; Product Success regional support model; ExpertIQ insights menu; How to upsell ExpertIQ at renewal; Success Plan onboarding process","ExpertIQ Datasheet – external-facing summary of services only; AllyAI One-Pager – focused solely on AI 1-click reporting features; ExpertIQ Rate Card – pricing details without selling narrative; CommerceIQ Product Demo Deck – platform capabilities only, not services","CommerceIQ; Product Success; Success Plan; Success Plan+; ExpertIQ; AllyAI Media Teammate","Competitor 1; Competitor 2; Competitor 3; Competitor 4; Competitor 5","Brand A","31% organic share of search (Brand A); 19% organic share (Competitor 2); 25% paid share of search (Brand A); 12% organic share gap; 3–4% paid search gap vs competitors; 61% repeat same ASIN (Multi-Purpose Shoppers); 75% repeat buyers focused on 10 SKUs; 6% Champion Shoppers; 10% Potential Champions; 200 insight projects monthly; 11 years average tenure","Discovery, Triage, Briefing, Review, Quarterly Planning process; Annual credit subscription model; Customizable insight briefs; NPD 3-stage review (Pre/During/Post); Tentpole Plan/Do/Review cycle; Content benchmarking; Retailer algorithm analysis; Price execution tracking; Exposure overlap analysis (DSP + Search); AMC RFMD cohorting; AllyAI 1-click executive-ready reports","","","Work In Progress"
"Stackline Comparison","https://docs.google.com/presentation/d/1loydBk1pPRdeXHN16ASUrkAfd_tu71SuGqeFDoPu35E/edit?usp=drivesdk","1loydBk1pPRdeXHN16ASUrkAfd_tu71SuGqeFDoPu35E","battle-card","Enable sales teams to competitively position CommerceIQ against Stackline","This is the Stackline Comparison – a detailed competitive battle-card and side-by-side analysis comparing CommerceIQ vs. Stackline (Atlas / Market Share), covering market share analytics, digital shelf measurement, data accuracy, retailer breadth, scraping frequency, onboarding, customer success, and 2023 roadmap capabilities.","Use during competitive deals where Stackline (Atlas or Market Share) is mentioned, in late-stage evaluations, RFP responses, objection handling, or when differentiating on data accuracy, scraping frequency, and omnichannel coverage.","Sales executives, account executives, sales engineers, competitive intelligence teams","Market Share & Atlas Comparison; Category Sales & ASIN-Level Drilldowns; Paid vs Organic Share Analysis; Retailer Breadth & Omnichannel Coverage; Data Accuracy & Transparency; Scraping Frequency & Intraday Monitoring; Store-Level & Heat Map Capabilities; Sales & Revenue Estimation Models; Onboarding & Customer Success; 2023 Product Roadmap & Integrations","550+ retailers in 50+ countries; Digital Shelf measurement on 50+ mobile apps; Intraday scraping 1x–6x/day; top SKUs/keywords 24x/day; Stackline data refresh 1x per week; Thousands of keywords monitored vs. Stackline standard 250; 90% data accuracy (CommerceIQ); 6 weeks from contract to go-live; Revenue estimation model with weekly competitor sales projections; Amazon Market Share live; Walmart & Target expansion starting Q1 2023; Global heat maps down to country, county, zipcode; AMC (Amazon Marketing Cloud) integration; Amazon Marketing Stream hourly data integration; Example: Honeywell gaining share from Hunter Fan due to ad spend; Ability to delineate 1P vs 3P sellers; Store-level data for Walmart, Target, Kroger","CommerceIQ differentiates on data freshness, retailer breadth, and intraday scraping.; Stackline is perceived as Amazon-focused with weekly data refresh and customer trust concerns.; CommerceIQ provides deeper root-cause analysis by integrating POS, advertising, and availability data.; CommerceIQ offers broader keyword coverage and stronger Share of Voice measurement.; Roadmap highlights continued expansion in automation, retailer integrations, and global intelligence.","CommerceIQ vs Stackline comparison; Stackline Atlas competitive analysis; How does CommerceIQ compare to Stackline?; Stackline market share limitations; CommerceIQ scraping frequency vs Stackline; Stackline data accuracy issues; CommerceIQ retailer coverage vs Stackline; Stackline keyword coverage 250 terms; CommerceIQ intraday scraping 24x per day; Stackline Amazon focus vs omnichannel; CommerceIQ AMC integration; Stackline onboarding process comparison; CommerceIQ revenue estimation model; Stackline paid share vs organic share; Competitive battlecard Stackline","CommerceIQ First Call Deck – high-level product overview for initial meetings; CommerceIQ Product Box – defines product positioning, value proposition, and packaging; CommerceIQ Pricing Calculator – commercial pricing and ROI modeling tool; RMM Competitive Battlecards – focused on retail media competitors like Pacvue or Skai","CommerceIQ; Stackline; Stackline Atlas; Stackline Market Share; Amazon Marketing Cloud (AMC); Amazon Marketing Stream","Stackline","Honeywell; Hunter Fan","550+ retailers; 50+ countries; 50+ mobile apps; 1x–6x/day scraping; 24x/day top SKU measurement; 1x/week Stackline refresh; 250 keyword standard (Stackline); 90% data accuracy; 6 weeks to go-live","YoY Market Share by Brand; Category Sales Trend Visualization; ASIN-Level Drilldowns; Paid vs Organic Share Tracking; 1P vs 3P Delineation; Revenue Estimation Model; Store-Level Data & Heat Maps; Proprietary Content Score; Intraday Scraping; Customer-Facing Data Quality Dashboard","","","Active"
"Media Agent 1-Click Report MBR MoM Example Generic ","https://docs.google.com/presentation/d/1rA9tZCkZpMBQ8onkwwQEIs3yliAMGMk9fvtptU1UpCs/edit?usp=drivesdk","","enablement-guide","Enable and certify sales teams on Sales Agent pitch, demo, and competitive positioning.","This is the Media Agent 1-Click Report MBR MoM Example Generic - a comprehensive internal sales enablement and certification training deck that consolidates AllyAI/CommerceIQ Agent resources, Sales Agent pitch guidance, demo structure, competitive FUD positioning (Stackline, Shalion), Digital Shelf Analytics comparisons, and certification requirements for delivering a Sales Agent pitch and demo.","Use when preparing for Sales Agent certification, building a second-call deck narrative, conducting a Sales Agent demo, handling Stackline or Shalion objections, or aligning on Agent ecosystem messaging.","Sales representatives, account executives, sales managers, and PMMs preparing for Sales Agent certification and customer pitches.","Sales Agent pitch structure and demo guidance; Certification requirements and scoring criteria; Competitive FUD positioning (Stackline, Shalion); Digital Shelf Analytics (DSA) comparison; AllyAI Agents overview (Sales, Shelf, Content, Media); Automation and operational workflows; Gap-to-Plan and Root Cause Analysis; Internal training resources (SKO, recordings); Revenue recovery and dispute management; Unified data and Amazon Command Center positioning","70% passing certification score; Submission due Wednesday, April 1; feedback by Friday, April 10; $200+ Million deductions recovered; 2,500+ annual FTE hours saved; 3 Billion+ automations; 6 of the top 10 CPG are CommerceIQ customers; Ask Ally positioned as '24x7 Junior Analyst for Growth'; Stackline criticized for weekly data updates; Content Agent optimized for Amazon Rufus and GEO; Intraday scraping and store-level availability data; Country-based pricing (excluding market share); Direct integration with Amazon ticketing systems; Gap to Plan Recommendations & Root Cause Analysis; Unified platform across sales, operations, content, advertising; Dry run required 48 hours prior to first opportunity","Sales Agent unifies data and automates root cause analysis to close Gap-to-Plan faster.; CommerceIQ differentiates through automation scale, transparency, and real-time data vs competitors like Stackline.; Certification requires a structured pitch, demo, and recorded submission reviewed by leadership.; CIQ’s Digital Shelf and Agent ecosystem integrate sales, media, and content into one platform.","Sales Agent certification requirements; Sales Agent demo script guidance; Gap to Plan root cause analysis AllyAI; Stackline vs CommerceIQ competitive positioning; Shalion comparison CommerceIQ; Digital Shelf 360 vs DSA comparison; Ask Ally 24x7 Junior Analyst positioning; How to pitch Sales Agent second call; AllyAI automation metrics 3 billion automations; CommerceIQ deductions recovered 200 million; Sales Agent dispute management automation; Intraday scraping digital shelf; Sales Agent dry run requirements; SKO 2026 Sales Agent training recording; Country-based pricing Sales Agent","Sales Agent 2nd Call Deck (customer-facing presentation only); Sales Agent Product Box (formal product definition and packaging); Media Agent Pitch Deck (media-specific automation focus); Sales Agent Pricing Calculator (pricing tool only); Digital Shelf 360 Datasheet (product-specific one-pager)","AllyAI; Sales Agent; Shelf Agent; Content Agent; Media Agent; Digital Shelf 360; Ask Ally","Stackline; Shalion","","70% passing grade; $200+ Million deductions recovered; 2,500+ annual FTE hours saved; 3 Billion+ automations; 6 of the top 10 CPG are CommerceIQ customers","Gap to Plan Recommendations; Root Cause Analysis; Conversational AI (Ask Ally); Dispute Management Automation; Chargeback & Shortage Recovery; Unified Sales + Advertising + Content data; Intraday Scraping; Store-Level Availability Data; Direct Amazon ticketing integration; Automated reporting & alerts","","March 17, 2026 (Certification Training reference)","Work In Progress"
"AllyAI Media Teammate I 1-Click Report MBR MoM Example Generic ","https://docs.google.com/presentation/d/1rA9tZCkZpMBQ8onkwwQEIs3yliAMGMk9fvtptU1UpCs/edit?usp=drivesdk","","training-deck","Enable and certify sales teams to pitch and demo AllyAI Sales Agent and related Agents effectively.","This is the AllyAI Media Teammate I 1-Click Report MBR MoM Example Generic - a comprehensive sales enablement and certification training deck that consolidates AllyAI Agent resources (Sales Agent, Shelf Agent, Content Agent, Media Agent), pitch materials, demo guidance, competitive positioning (Stackline, Shalion, DSA), FUD talk tracks, digital shelf comparisons, automation metrics, and certification requirements into a single internal reference document.","Use for Sales Agent certification prep, SKO training, second-call demo preparation, competitive positioning against Stackline/Shalion, and internal alignment on messaging and automation metrics.","Sales reps, sales managers, PMMs, and internal enablement teams preparing to pitch and certify on AllyAI Sales Agent and related Agents.","Sales Agent pitch and demo training; Certification requirements and scoring; AllyAI Agent ecosystem (Sales, Media, Shelf, Content); Gap to Plan and Root Cause Analysis; Competitive positioning vs Stackline, Shalion, DSA; Digital Shelf Analytics comparison (Digital Shelf 360); Automation metrics and ROI proof points; FUD objection-handling questions; Internal resources (SKO, Slack, contacts); Pricing overview and calculator reference","3 Billion+ automations; $200+ Million deductions recovered; 2,500+ annual FTE hours saved; 6 of the top 10 CPG are CommerceIQ customers; 70% passing grade for certification; Certification deadline: April 1; feedback by April 10; Direct Amazon ticketing system integration; AMC Insights and incrementality reporting; Intraday scraping and store-level availability data; Country-based pricing (excluding market share); Conversational AI: Ask AllyAI; Gap to Plan recommendations; Root Cause Analysis automation; Optimization for Amazon Rufus and GEO; Competitors referenced: Stackline, Shalion, DSA","Sales Agent unifies sales, operations, advertising, and digital shelf data into one AI-driven platform.; AllyAI automates financial recovery and operational workflows at scale with measurable ROI.; Reps must pass a structured certification (70%+) including recorded pitch and demo.; Competitive differentiation centers on transparency, intraday data, automation maturity, and unified integrations.; Ask AllyAI replaces manual dashboard digging with conversational root cause analysis and recommendations.","Sales Agent certification requirements 70%; AllyAI Sales Agent demo script; Gap to Plan root cause analysis demo; Ask AllyAI example questions; Stackline vs CommerceIQ competitive positioning; Shalion comparison CommerceIQ; Digital Shelf 360 comparison DSA; 3 Billion automations CommerceIQ; $200M deductions recovered proof point; Sales Agent pricing calculator country based; Amazon ticketing integration automation; AMC insights incrementality reporting; SKO 2026 Sales Agent training recording; FUD questions Stackline weekly data updates; Intraday scraping store-level availability CIQ","Sales Agent 2nd Call Deck – customer-facing presentation only; Sales Agent Product Box – formal product definition and packaging document; Sales Agent Datasheet – external one-pager overview; Media Agent pitch deck – focused only on media capabilities","AllyAI Sales Agent; Media Agent; Shelf Agent; Content Agent; Digital Shelf 360; Ask AllyAI; Amazon Command Center","Stackline; Shalion; DSA","","3 Billion+ automations; $200+ Million deductions recovered; 2,500+ annual FTE hours saved; 6 of the top 10 CPG are CommerceIQ customers; 70% certification passing grade","Gap to Plan Recommendations; Root Cause Analysis; Conversational AI (Ask AllyAI); Unified Data & Insights; End-to-end workflow automation; Direct Amazon ticketing integration; AMC Insights; Intraday Scraping; Store-Level Availability Data; Country-Based Pricing Calculator","","","Work In Progress"
"Profitero Competitive Battle Card_101525 (Upadated Oct 2025)","https://docs.google.com/presentation/d/1esvEvZ79ebaKdfF32_u7Jiq_CyOwCnjtBhw0O0s3AaY/edit?usp=drivesdk","","battle-card","Equip sales teams to win competitive deals against Profitero using AI Agent differentiation and proof points.","This is the Profitero Competitive Battle Card_101525 (Updated Oct 2025) – a comprehensive sales enablement and competitive positioning hub that arms teams to sell AllyAI’s Sales, Shelf, Content, and Media Agents against Profitero and traditional agencies, including training links, pitch assets, messaging frameworks, case studies, ROI proof points, product coverage by retailer/geography, and upcoming roadmap highlights.","Use in competitive deal prep, second-call preparation, SKO training reinforcement, messaging alignment across agents, or when assembling assets for Sales/Shelf/Content/Media pitches.","Sales reps, sales engineers, marketing, product marketing, and enablement teams preparing for competitive conversations against Profitero.","Competitive positioning vs Profitero and traditional agencies; AllyAI Sales, Shelf, Content, and Media Agents overview; Training, certification, and SKO 2026 recordings; Retailer and geographic coverage; Performance metrics and ROI proof points; Case studies and customer validation; Messaging frameworks and pitch assets; Automated reporting and optimization capabilities; Consulting services and data add-ons; Product roadmap (Ask AllyAI, GEO, AEO)","35 min to <1 min PDP update stat (Newell/Coke); 4,500+ annual ticket resolutions vs 520 manual; 355 insight packs in 3 minutes vs 54 in 30 days; 4,000+ daily optimizations vs <100 traditional; 98% recovery rate on suppressed listings; 458 FTE hours saved annually; $100M+ Amazon revenue brand case study; Retailer coverage across 110 countries (DSO active); Amazon geo coverage: US, CA, MX, AU, UK, DE, IT, FR, ES, NL, PL; Ask AllyAI (Q1) and Ask AllyAI Diagnostics (Q1); GEO Optimization Q2; AEO for Walmart + others Q2; AllyAI Content Agent_datasheet.pdf; Sales Agent Certification (3/19 reference); SKO 2026 Day 1 & Day 2 training recordings","AllyAI positions AI Agents + Experts as delivering 10–100x performance vs agencies.; The platform unifies catalog, profit recovery, and advertising in one system.; Strong PMF signals from brands like Estee Lauder and Danone validate resonance.; Extensive retailer and global coverage strengthens competitive differentiation.; Enablement assets (decks, product boxes, demos, certifications) are centralized for execution.","Profitero competitive battle card; AllyAI vs Profitero comparison; Sales Agent vs Profitero; Shelf Agent competitive positioning; Content Agent ROI proof points; Retail media 4000 optimizations stat; suppressed listings 98% recovery case study; Newell Coke 35 min to 1 min stat; AllyAI retailer coverage countries; Ask AllyAI roadmap Q1; AI agents vs agency performance metrics; CommerceIQ Sales Agent messaging framework; SKO 2026 training recordings; Agent certification links; Digital Shelf Analytics 110 countries","Sales Agent Product Box – detailed product packaging and positioning only; AllyAI Content Agent Datasheet – 1–2 page feature summary; Second Call Decks – customer-facing deep dive presentations; Sales Agent Certification Deck – training-only material","AllyAI Sales Agent; AllyAI Shelf Agent; AllyAI Content Agent; AllyAI Media Agent; Ask AllyAI; Retailer Copilots (AVC); Digital Shelf Analytics","Profitero","Estee Lauder; Danone; Wahl Clipper; Newell; Coke; Leading Home Appliances Brand; Big Pet Food Brand","35 minutes to <1 minute PDP updates; 4,500+ annual ticket resolutions; 520 manual ticket resolutions; 355 insight packs in 3 minutes; 54 insight packs in 30 days; 4,000+ daily optimizations; <100 traditional optimizations; 98% recovery rate; 458 FTE hours saved annually; 10x to 100x performance claim","Automated Reporting (AskAllyAI); SEO Optimization; AEO Optimization BETA; Bid optimization; Budget pacing; Content Compliance; Content Syndication; Retail Media Management; Market Share add-on; Suppressed listing detection and ticketing","","October 15, 2025","Active"
"CommerceIQ-The-State-of-retail-Ecommerce-Q3-2025-report-Sept-va.pdf","https://drive.google.com/file/d/1DlVgZ7L64Ui_G9AS1lv-YdjY7gf59rnR/view?usp=drivesdk","1DlVgZ7L64Ui_G9AS1lv-YdjY7gf59rnR","enablement-guide","Provide quarterly, data-backed ecommerce industry insights for Amazon sellers across major retail categories.","This is the CommerceIQ ""The State of Retail Ecommerce: Q3 2025"" Report (Sept version) - a data-driven quarterly industry performance report analyzing Amazon ecommerce trends across multiple verticals using aggregated data from CommerceIQ’s REM Platform (April 2024–September 2025). The report covers Ordered Product Sales (OPS), unit margins, ad spend, ROAS, CPC, inventory levels, fulfillment metrics, out-of-stock (OOS) revenue loss, pricing and discount trends, glance views, and conversion rates across industries including Health & Personal Care, Pet Products, Tools & Home, Beauty, Furniture, Grocery, Toys, Office Products, and Patio, Lawn & Garden.","Use in QBRs, executive briefings, prospect education, industry trend discussions, Prime Day impact analysis, and category benchmark conversations.","Sales teams, customer success managers, ecommerce strategists, retail media specialists, and executives engaging in industry trend discussions.","Q3 2025 vs Q3 2024 YoY ecommerce performance recap; OPS vs Unit Margin trends; Ad Spend, ROAS, and CPC analysis; Revenue Loss Due to Out-of-Stock (OOS); On-Hand Inventory and Fulfillment metrics; Price Level vs Discount % and ASP trends; Glance Views and Conversion rate trends; Prime Day and tentpole event impact; Category-level performance breakdowns","Health & Personal Care OPS up 13.88% YoY; Unit margins down 2.17% in July (Prime Day impact); Ad spend up 33% YoY in Health & Personal Care; ROAS down 17.6% YoY; CPC up 11.6% YoY; Pet Products ROAS up 22.1% YoY; CPC down 10.2%; Pet revenue loss from OOS up 139% YoY; Tools & Home ad spend up 47.6% YoY; ROAS down 16.2%; Grocery revenue lost due to OOS up 108% YoY; Office Products revenue loss due to OOS down 62% YoY; Furniture inventory down 52% YoY; Furniture PO Fill Rate up 26.5% YoY; Health & Personal Care fill rate at 91% (18-month high); Glance views up 22.4% YoY in Health & Personal Care; Furniture glance views down 29.5% YoY; Beauty on-hand inventory up 3.3% YoY","Ad costs (CPC) are rising in many categories, pressuring ROAS despite sales growth.; Prime Day promotions significantly impacted margins and pricing dynamics.; Out-of-stock revenue loss is volatile, with sharp YoY increases in some categories (e.g., Grocery, Pet).; Inventory and fulfillment improvements are not always translating to reduced OOS revenue loss.; Category performance is highly uneven, requiring vertical-specific strategies.","CommerceIQ Q3 2025 ecommerce report; State of retail ecommerce Q3 2025 PDF; Amazon CPC trends Q3 2025; Q3 2025 ROAS decline data; Prime Day impact on margins 2025; Revenue loss due to OOS Q3 2025; Health & Personal Care ecommerce performance Q3 2025; Pet Products ROAS increase 2025; Tools & Home ad spend increase 2025; Furniture inventory decline 2025; Office Products CPC decline Q3 2025; Amazon fill rate 91% 18 month high; Q3 2024 vs Q3 2025 ecommerce comparison; CommerceIQ REM Platform aggregated data report; Category level ecommerce benchmarks 2025","CommerceIQ REM Platform Product Datasheet – focuses on product capabilities and features rather than industry trends.; CommerceIQ Sales Deck – used for pitching platform value and pricing.; Customer Case Studies – highlight individual brand performance rather than aggregated industry data.; Retail Media Management (RMM) Deck – focuses specifically on advertising solution capabilities.","CommerceIQ REM Platform","","","OPS +13.88% YoY (Health & Personal Care); Unit Margin -2.17% (July); Ad Spend +33% YoY; ROAS -17.6% YoY; CPC +11.6% YoY; Pet ROAS +22.1% YoY; Pet CPC -10.2% YoY; Tools & Home Ad Spend +47.6% YoY; Grocery OOS Revenue Loss +108% YoY; Office Products OOS Revenue Loss -62% YoY; Furniture Inventory -52% YoY; Fill Rate 91% (18-month high)","Aggregated Amazon performance benchmarking; Category-level YoY comparisons; OPS vs Margin analysis; Ad efficiency metrics (ROAS, CPC); OOS revenue impact analysis; Inventory and fulfillment tracking; Price and discount trend analysis; Glance views and conversion tracking","","September 2025","Active"
"CIQ Amazon Prime Big Deal Day Insights 2025","https://docs.google.com/presentation/d/1bQ3JLoAoEf6sD2bclfXp6pPLxKfHoA6N7DUtJWl4y-k/edit?usp=drivesdk","","enablement-guide","Prepare sales teams to pitch, demo, and competitively position AllyAI and Digital Shelf solutions for Prime events.","This is the CIQ Amazon Prime Big Deal Day Insights 2025 - a comprehensive internal sales enablement and certification deck covering AllyAI Sales Agent, Digital Shelf Analytics (DSA), competitive positioning vs Stackline and Shalion, FUD talk tracks, demo guidance, pricing references, training resources, and Prime event selling strategies.","Use when preparing for Prime Big Deal Day conversations, Sales Agent certification, competitive discussions vs Stackline/Shalion, or when aligning on AllyAI demo and pitch flow.","CommerceIQ sales representatives, sales managers, PMMs, and internal enablement teams","AllyAI Sales Agent pitch and demo enablement; Digital Shelf Analytics (Digital Shelf 360) positioning; Competitive positioning vs Stackline and Shalion; FUD talk tracks and objection handling; Certification requirements and scoring; Training schedules and SKO resources; Prime Big Deal Day sales strategy; Automation, dispute management, and profit recovery; Retail media reporting and AMC insights; Internal contacts and Slack channels","3 Billion+ automations; $200+ Million deductions recovered; 2,500+ annual FTE hours saved; 6 of the top 10 CPG are CommerceIQ customers; Certification passing grade: 70%; Certification due date: April 1; Feedback deadline: April 10; SKO dates: 2/2–2/5; eTail Customer Meeting: 2/23; Country-based pricing (excluding Market Share); Intraday scraping capability; Store-level availability data; Amazon Rufus and GEO optimization reference; Direct Amazon ticketing system integration; AMC Insights and incrementality reporting","Sales Agent positions AllyAI as a 24x7 AI analyst delivering root cause analysis and gap-to-plan recommendations.; CIQ differentiates through unified data across sales, content, media, and operations—not point solutions.; Digital Shelf 360 offers intraday scraping, retail media integration, and transparency vs competitors.; Automation drives measurable ROI: recovered deductions, saved FTE hours, and prevented revenue leakage.; Certification and dry-run rigor are required before pitching Sales Agent live.","CIQ Prime Big Deal Day 2025 insights; Sales Agent certification requirements; AllyAI Sales Agent demo script; CIQ vs Stackline comparison; CIQ vs Shalion digital shelf; Digital Shelf 360 capabilities; Ask AllyAI pitch messaging; Sales Agent pricing calculator; CommerceIQ FUD questions Stackline; Prime Day Amazon sales enablement deck; 3B automations CommerceIQ; $200M deductions recovered CIQ; intraday scraping digital shelf; Amazon Rufus content optimization CIQ; Sales Agent dry run process","Sales Agent 2nd Call Deck – customer-facing detailed pitch presentation; Sales Agent Product Box – formal product definition and packaging document; Sales Agent Datasheet – external summary of features and benefits; Competitive Battle Cards – single-competitor quick reference sheets","AllyAI; Sales Agent; Shelf Agent; Content Agent; Media Agent; Digital Shelf 360; Amazon Command Center","Stackline; Shalion","","3 Billion+ automations; $200+ Million deductions recovered; 2,500+ annual FTE hours saved; 6 of the top 10 CPG customers; 70% certification passing grade","Conversational AI (Ask AllyAI); Gap-to-Plan Recommendations; Root Cause Analysis; Intraday Scraping; Store-Level Availability Data; Retail Media Reporting; AMC Insights & Incrementality; Direct Amazon Ticketing Integration; Dispute Management & Chargeback Automation; Unified Sales, Content, Media & Operations Data","","","Work In Progress"
"Content Agent Training Deck","https://docs.google.com/presentation/d/1JtVl-TJ1-2QUl0CLVzes_YZYDGZGd86AJlHVnPvhso0/edit?usp=drivesdk","1JtVl-TJ1-2QUl0CLVzes_YZYDGZGd86AJlHVnPvhso0","training-deck","Train and enable internal teams to position, deploy, and scale Content Agent.","This is the Content Agent Training Deck - a comprehensive product training and enablement presentation covering CommerceIQ’s Content Agent vision, product capabilities, customer offer structure, GTM rollout plan, implementation requirements, and a detailed Newell case study demonstrating 100% PIM compliance and sub-1-minute content gap resolution.","Use for internal product training, Q1 rollout planning, CSD enablement, FDE onboarding, customer webinar preparation, and when referencing the Newell PIM compliance case study.","Internal sales, CSDs, Forward Deployment Engineers, marketing, enablement, and product teams","Vision: Retail AI Agents & automation pivot; Digital Content Workflow Challenge; Content Agent capabilities (augmentation, training, syndication); Newell case study & PIM compliance results; Forward Deployment Engineer (FDE) workflow; Digital Shelf Optimization & Copilot integration; Customer GTM rollout plan & webinar cadence; Offer structure & pricing (free for 1 brand/retailer); Retailer-specific optimization rules; Implementation requirements & change management","6,000+ SKUs on Amazon US for large brands; 30–35 minutes per SKU spent manually resolving content gaps; 5+ systems involved in updating content; 75 SKUs achieved 100% PIM compliance in 60 days; 80 SKUs aligned within 1 hour; Time to action reduced to <1 minute (~5 min with workflow); 29 meetings post-September 25 kickoff; Team composition: 2 AI Outcome Managers, 3 UI Designers, 12 Engineers, 3 Omni Enablement, 2 Digital Merchandising, 1 Salsify; Goal: 100% of DSO & Copilot customers deploy 1 Content Agent by end of Q1 2026; Free for 1 retailer (1 market) + 1 brand + 1 category; Retailers supported: Amazon, Walmart, Kroger, Costco; Two-way PIM integration with Salsify preferred; Amazon suppresses listings without 3 compliant images; Shorter titles rank higher on Walmart; EU sustainability guidelines risk delisting without green packaging","Content Agent automates content gap identification, prioritization, and actionability across PIM and PDP.; Two-way PIM integration enables measurable 100% compliance within 60 days.; The product is positioned as a free early-access deployment for existing DSO/Copilot customers.; Successful implementation requires brand KPI ownership and technical PIM lead engagement.; CommerceIQ is strategically pivoting from analytics to AI-driven automation.","Content Agent training deck; Content Agent Newell case study; 100% PIM compliance example; Content Agent free offer structure; DSO Copilot deployment Q1 goal; Two-way PIM integration Salsify; Content Agent implementation requirements; Retail AI Agents vision deck; Digital Shelf content gap automation; FDE workflow for Content Agent; Content Agent webinar GTM plan; Amazon Walmart automated syndication support; Content Agent early access details; How to reduce 30 min per SKU content updates; PIM PDP compliance dashboard example","Content Agent One-Pager – external high-level summary for customers; Sales Agent Product Box – formal product definition and pricing for Sales Agent; RMM Second Call Deck – retail media sales presentation; Competitive Battle Cards – head-to-head competitor positioning sheets","Content Agent; Digital Shelf Agent (DSA); Copilot; Sales Agent; Media Agent; Stock Agent; Ally AI Teammates; Retail Media Management (RMM)","","Newell; Salsify","6,000+ SKUs; 30–35 minutes per SKU manual effort; <1 minute time to action per SKU; 75 SKUs at 100% PIM compliance in 60 days; 80 SKUs aligned in 1 hour; 29 cross-functional meetings; 100% DSO & Copilot deployment goal by end of Q1 2026","Retailer-specific content augmentation; 1-click syndication; Two-way PIM integration; Custom content scoring logic; PIM-PDP compliance dashboards; Brand-context AI training via natural language; Retailer guideline indexing optimization; Gap prioritization across Copilot and Digital Shelf","","Q1 2026 rollout referenced","Draft"
"CommerceIQ-2025-Year-in-review-The State of-Retail-Ecommerce-report-Lookback.pdf","https://drive.google.com/file/d/1XAB1UbXwg2k47o339A7Cbix8Fo2aqJr5/view?usp=drivesdk","","enablement-guide","Provide an executive-level 2025 retail ecommerce trends recap and position CommerceIQ as the strategic AI platform of choice.","This is the CommerceIQ 2025 Year-in-Review: The State of Retail Ecommerce Report (Lookback) – a comprehensive annual industry report summarizing retail ecommerce performance trends, digital shelf evolution, retail media optimization, AI-driven automation (AllyAI Agents), competitive positioning, and revenue impact metrics across Amazon, Walmart, and global marketplaces. It combines industry insights, product capability overviews, automation results (3B+ automations, $200M+ deductions recovered, 2,500+ FTE hours saved), and strategic guidance for brands looking to grow market share, optimize content, and prevent revenue leakage in 2025 and beyond.","Use in executive QBRs, strategic prospect meetings, industry trend discussions, competitive differentiation conversations, and when demonstrating platform-wide ROI impact.","Enterprise sales teams, account executives, sales engineers, marketing leaders, and retail brand executives evaluating CommerceIQ’s platform.","2025 Retail Ecommerce Trends & Lookback; Digital Shelf Analytics & Optimization; Retail Media Management & Bid Optimization; AllyAI Agents (Sales, Shelf, Content, Media); Market Share & Share of Voice Growth; Automation at Scale & Revenue Protection; Competitive Positioning vs Stackline & Shalion; Geographic & Retailer Coverage Expansion; AI-driven SEO, AEO & GEO Optimization; Consulting & Managed Services Capabilities","3 Billion+ automations executed; $200+ Million deductions recovered; 2,500+ annual FTE hours saved; 6 of the top 10 CPGs are CommerceIQ customers; Coverage across 110 countries (DSO active); Amazon geographies: US, Canada, Mexico, Australia, UK, Germany, Italy, France, Spain, Netherlands, Poland; Geo Now: US, UK, AU, CA; Ask AllyAI (Q1 launch); Ask AllyAI Diagnostics (Q1); GEO Optimization (Q2); AEO for Walmart + others (Q2); Retailer Copilots (AVC); Digital Shelf Analytics: search ranking & share of voice; Real-time bid optimization & budget pacing; Competitive comparison vs Stackline weekly data updates and automations","Retail ecommerce success requires integrated automation across media, content, sales, and supply chain.; AI-driven optimization (AllyAI) enables measurable efficiency gains and revenue recovery at scale.; Digital shelf and retail media must be connected to drive market share and iROAS.; CommerceIQ differentiates through real-time data, automation maturity, and transparency versus competitors.","CommerceIQ 2025 state of retail ecommerce report; 2025 ecommerce trends Amazon Walmart; CommerceIQ year in review metrics; 3B automations CommerceIQ; $200M deductions recovered CommerceIQ; CommerceIQ vs Stackline comparison; Digital Shelf Analytics 110 countries; Ask AllyAI Q1 launch; GEO optimization Q2 CommerceIQ; AllyAI Agents overview 2025; Retail media bid optimization CommerceIQ; Prevent revenue leakage Amazon; CommerceIQ market share analytics; AI optimization for Amazon Rufus; Retail ecommerce executive presentation 2025","Sales Agent Product Box – focused on positioning and pricing of Sales Agent only; AllyAI Content Agent 2nd Call Deck – detailed sales presentation for Content Agent; Digital Shelf Analytics Datasheet – 1-2 page feature summary; Retail Media Management Second Call Deck – product-specific advertising deep dive","AllyAI; Sales Agent; Shelf Agent; Content Agent; Media Agent; Digital Shelf Analytics (DSA); Retail Media Management; Retailer Copilots (AVC); Ask AllyAI","Stackline; Shalion","","3 Billion+ automations; $200+ Million deductions recovered; 2,500+ annual FTE hours saved; 6 of top 10 CPGs as customers; 110 countries DSO coverage","Real-time bid optimization; Budget pacing; Content health & compliance monitoring; Search ranking & share of voice tracking; Automated reporting & alerts; Market share analytics; Competitive intelligence; Retail media tracker; GEO optimization; AEO optimization","2025 Year-in-Review (Lookback Edition)","2025","Active"
"Stackline Competitive Battle Card (Updated August 2025)","https://docs.google.com/presentation/d/1wBd8aMTqORuzwH4q7CfLqWxliJXMYuv8YbwFRps9Dgg/edit?usp=drivesdk","","battle-card","Equip sales teams to competitively position CommerceIQ against Stackline","This is the Stackline Competitive Battle Card (Updated August 2025) – a comprehensive sales enablement battle card designed to position CommerceIQ (CIQ) and AllyAI Agents against Stackline (and other Digital Shelf Analytics competitors like Shalion and DSA vendors), including FUD talk tracks, competitive differentiation, product strengths, proof points, training resources, certification requirements, and cross-agent positioning across Sales Agent, Shelf Agent, Content Agent, and Media Agent.","When preparing for or actively competing in a deal against Stackline or other Digital Shelf Analytics providers; when handling objections about data freshness, automation maturity, or transparency; when building competitive FUD talk tracks.","Account Executives, Sales Representatives, Sales Managers, PMMs, and GTM Enablement teams competing against Stackline","Competitive positioning vs Stackline; FUD talk tracks and objection handling; Digital Shelf Analytics (DSA) comparison; AllyAI Sales Agent value proposition; Automation and profit recovery capabilities; Retail media and AMC insights integration; Certification and training requirements; Internal resources and pitch guidance","3B+ automations executed; 6 of the top 10 CPGs are CommerceIQ customers; $200M+ deductions recovered; 2,500+ annual FTE hours saved; Weekly data updates critique of Stackline; Intraday scraping capability; Store-level availability data; Direct integration with Amazon ticketing systems; Gap-to-Plan recommendations and root cause analysis; Ask AllyAI as 24x7 junior analyst; Certification passing grade: 70%; Certification submission deadline: April 1; Feedback deadline: April 10; Country-based pricing (excluding market share); Content optimization for Amazon Rufus and GEO","CommerceIQ differentiates with unified, AI-driven automation across sales, content, media, and operations.; Stackline is positioned as slower (weekly updates), less transparent, and reliant on newer unproven automations.; Sales Agent closes the gap from insights to action through root cause analysis and automation.; Digital Shelf strength includes intraday scraping and comprehensive retailer coverage.","Stackline competitive battle card; CommerceIQ vs Stackline differentiation; How to compete against Stackline; Stackline weekly data updates objection; CIQ Digital Shelf vs Stackline; Stackline black box data concerns; Sales Agent competitive positioning; Intraday scraping vs weekly updates; CommerceIQ proof points 3B automations; How to handle Stackline in deals; CIQ vs Shalion comparison; Digital Shelf 360 vs DSA comparison; FUD questions for Stackline; Gap to Plan recommendations Sales Agent; Dispute automation vs Stackline","Sales Agent Second Call Deck – customer-facing deep dive presentation; Sales Agent Product Box – defines product packaging and positioning; Sales Agent Datasheet – external one-page summary; First Call Pitch Deck – high-level introductory presentation","AllyAI; Sales Agent; Shelf Agent; Content Agent; Media Agent; Digital Shelf 360; Digital Shelf Analytics (DSA); Ask AllyAI","Stackline; Shalion","","3B+ automations; 6 of the top 10 CPGs; $200M+ deductions recovered; 2,500+ annual FTE hours saved; 70% certification passing grade","Intraday scraping; Store-level availability data; Gap-to-Plan recommendations; Root cause analysis; Direct Amazon ticketing integration; Retail media reporting; AMC insights and incrementality; Dispute management automation; Unified data across Sales, POS, Advertising, and Availability; Content optimization for Amazon Rufus and GEO","","August 2025","Active"
"Retail Media - Competitive Intelligence","https://docs.google.com/presentation/d/1VSQuSIaMSTemiQk-3juknVUE4rTmEmMzJF3GDobiqss/edit?usp=drivesdk","1VSQuSIaMSTemiQk-3juknVUE4rTmEmMzJF3GDobiqss","battle-card","Enable sales teams to win competitive retail media deals with structured differentiation and FUD positioning.","This is the Retail Media - Competitive Intelligence document - a comprehensive competitive battlecard and enablement guide detailing CommerceIQ’s Retail Media Management (RMM) differentiation versus Skai, Profitero, Pacvue, Flywheel, and Tinuiti across Share of Voice optimization, budget automation, incrementality modeling, shelf-aware advertising, and AI-driven retail data integration.","Use in competitive deals against Skai, Pacvue, Profitero, Flywheel, or Tinuiti; during late-stage sales cycles; when preparing rebuttals; when building differentiation around SOV, incrementality, or automation depth.","Sales executives, account executives, sales engineers, and retail media specialists involved in competitive deals","Share of Voice (SOV) Optimization; Budget Optimization & Pacing; AI-Based Incrementality (iROAS); Shelf-Aware & Inventory-Aware Advertising; Unified Retail Data Integration; Flexible Automations; Event-Based Budget Over-Indexing (e.g., Prime Day); Competitive Keyword Tracking & Standard Shelves; FUD-Based Discovery Questions; Retail Media Management (RMM) Positioning","Tracks 4,000+ keywords daily covering >80% of category sales; Weighted SOV giving more value to higher positions; Item-level SOV tracking; Full SOV integration into automation; Limited keyword quota (several hundred) for Pacvue; Manual budget pacing noted for Flywheel; Mid-month budget optimization capabilities; Day-of-week budget optimization; Prime Day budget over-indexing; AI-based Incrementality using iROAS (Incremental Return on Ad Spend); Incorporates SOV, search rankings, shopper propensity, and relevancy; Tinuiti relies on TACoS and manual branded keyword testing; Integration requirements with Profitero, Pacvue, Skai, or Publicis (separate contracts); On-hand and open PO inventory integration; Inventory- and profit-aware advertising","CommerceIQ differentiates through full-funnel AI automation tied directly to retail data signals.; Competitors often provide insights but lack automation or require third-party integrations.; CommerceIQ’s incrementality model (iROAS) is positioned as more advanced than traditional ROAS or TACoS optimization.; SOV is not just tracked but integrated into bidding and budget automation, unlike many competitors.; Inventory-aware and shelf-aware advertising is a major competitive differentiator.","CommerceIQ vs Skai retail media; CommerceIQ vs Pacvue SOV comparison; CommerceIQ vs Profitero budget optimization; CommerceIQ vs Tinuiti incrementality; CommerceIQ iROAS explanation; Retail media share of voice automation; Prime Day budget pacing automation; Inventory-aware advertising CommerceIQ; Shelf-aware advertising comparison; Retail media competitive battlecard; Skai incrementality hub comparison; Pacvue keyword quota limitations; Flywheel manual budget pacing; Retail media AI automation differentiation; CommerceIQ competitive intelligence RMM","RMM Second Call Deck – customer-facing deep dive presentation; RMM First Call Deck – high-level introductory overview; Sales Agent Product Box – defines product packaging, pricing, and positioning; RMM Pricing Calculator – focuses on pricing and ROI modeling","CommerceIQ Retail Media Management (RMM); Commerce Incrementality Hub","Skai; Profitero; Pacvue; Flywheel; Tinuiti; Publicis","","4,000+ keywords tracked daily; >80% of category sales coverage; iROAS (Incremental Return on Ad Spend); Several hundred keyword quota limitation (Pacvue)","Weighted Share of Voice (SOV); Item-level SOV tracking; Full SOV automation integration; Mid-month budget optimization; Day-of-week budget optimization; Prime Day budget over-indexing; AI-based Incrementality model; Inventory-aware advertising; Profit-aware advertising; On-hand and open PO inventory integration; Competitive mapping and elasticity modeling; Flexible automations","","","Active"
"Agent Pitch - Customer Presentation","https://docs.google.com/presentation/d/1Dp3Fx3TGE1I1l2XA-mgm9-rALcEZoeISgXnSL40G8xI/edit?usp=drivesdk","","enablement-guide","Centralized hub for all AllyAI Agent customer pitch and enablement materials","This is the Agent Pitch - Customer Presentation - a centralized sales enablement hub and presentation framework that consolidates pitch decks, product boxes, messaging frameworks, demos, certifications, competitive FUD positioning, feature overviews, and contact ownership for AllyAI’s Sales Agent, Shelf Agent, Content Agent, and Media Agent across key retailers like Amazon and Walmart.","Use when preparing a first or second call Agent pitch, assembling retailer-specific decks (Amazon/Walmart), preparing for certification, responding to competitive pressure from Stackline or Shalion, or locating proof points and feature coverage across Sales, Shelf, Content, and Media Agents.","Sales reps, sales engineers, marketing, product marketing, and customer-facing AllyAI teams preparing retailer or agent-specific pitches","Agent-specific pitch materials (Sales, Shelf, Content, Media); Retailer-specific presentation assets (Amazon, Walmart); Internal trainings and certifications (SKO, eTail, recordings); Messaging frameworks and product boxes; Digital Shelf Analytics and Retail Media capabilities; Competitive positioning and FUD (Stackline, Shalion); Geographic and retailer coverage; Automation, reporting, and optimization features; Consulting and managed services offerings; Contact ownership and cross-functional coordination","2/2–2/5 SKO Trainings with Day 1 & Day 2 recordings; 2/13 First Call & Content Agent Certification & Training Recording; AllyAI Sales Agent 2nd Call Deck; AllyAI Content Agent_2nd Call Slides; AllyAI Content Agent_datasheet.pdf; 3 Billion+ Automations; 6 of the top 10 CPG are CommerceIQ customers; $200+ Million deductions recovered; 2,500+ annual FTE hours saved; 110 countries with DSO product active; Amazon geo coverage: US, CA, MX, UK, DE, IT, FR, ES, NL, PL; Ask AllyAI (Q1) and Ask AllyAI Diagnostics (Q1); AEO Optimization BETA; Competitive FUD against Stackline (weekly updates, black box data); Amazon Rufus and GEO optimization positioning","This is the master hub for all AllyAI Agent pitch and enablement materials.; It connects Digital Shelf, Media, Sales, and Content into a unified automation and iROAS story.; It arms teams with competitive talk tracks against Stackline and Shalion.; It documents global retailer and geographic coverage across 110 countries.; It highlights strong proof points (3B+ automations, $200M+ recovered, 2,500+ FTE hours saved).","Agent Pitch Customer Presentation; AllyAI Sales Agent 2nd Call Deck; Content Agent certification recording 2/13; Stackline competitive talk track; Shalion Digital Shelf comparison; AllyAI 3 Billion automations proof point; 200M deductions recovered CommerceIQ; Amazon geo coverage AllyAI; 110 countries DSO product active; Ask AllyAI Q1 features; AEO Optimization BETA details; Sales Agent Product Box link; Media Agent messaging framework; Walmart Amazon retailer pitch materials; Digital Shelf Analytics vs legacy SEO tools","Sales Agent Product Box – defines packaging and positioning for Sales Agent only; AllyAI Sales Agent 2nd Call Deck – customer-ready slide deck for a specific meeting stage; Content Agent Datasheet – one-page feature summary; Sales Agent Certification – training curriculum and assessment materials","AllyAI; Sales Agent; Shelf Agent; Content Agent; Media Agent; Ask AllyAI; Ask AllyAI Diagnostics; Digital Shelf Analytics (DSA); Retailer Copilots (AVC)","Stackline; Shalion","","3 Billion+ Automations; 6 of the top 10 CPG are CommerceIQ customers; $200+ Million deductions recovered; 2,500+ Annual FTE hours saved; 110 countries with DSO product active","Real-time bid optimization; Automated Reporting; Content Compliance; SEO Optimization; AEO Optimization BETA; Bid Optimization; Budget Pacing; Retail Media Tracker; Market Share Analytics; Competitive Intelligence; Retailer Copilots (AVC); Content Syndication","","","Work In Progress"
"ExpertIQ Training Deck Internal","https://docs.google.com/presentation/d/1x0EnJT04my13Ug6EaB6tZsoTAgm-B2RSZ8bAbCANuGo/edit?usp=drivesdk","1x0EnJT04my13Ug6EaB6tZsoTAgm-B2RSZ8bAbCANuGo","training-deck","Internal sales enablement and training for positioning and selling ExpertIQ Insights & Advisory services","This is the ExpertIQ Training Deck Internal - a comprehensive internal sales enablement and training presentation detailing ExpertIQ’s Insights & Advisory services, including service tiers (Customer Success, Product Success, ExpertIQ), AMC and DSO analytics offerings, credit-based pricing model (starting at $25K annually), sample insight deliverables (e.g., Market Content Review, Exposure Overlap Analysis, RFMD reporting), shopper cohorting strategies, search share analysis, and guidance for AEs on positioning, selling process, collateral, and upsell strategy.","Use for AE onboarding, preparing for second-call upsell discussions, explaining ExpertIQ pricing and credits, differentiating vs AllyAI, and training teams on AMC/DSO advisory capabilities.","Internal Account Executives, Sales, Customer Success, and Product Success teams","ExpertIQ positioning and Job-To-Be-Done (JTBD); Service ecosystem: Customer Success, Product Success, ExpertIQ; Insights & Advisory offerings (AMC, DSO, custom analytics); Shopper cohorting and RFMD segmentation; Share of Search (paid vs organic) and competitor benchmarking; Promotion and pricing analysis (e.g., Prime Day); Credit-based pricing model and annual subscription structure; AllyAI vs ExpertIQ differentiation; Sales process guidance for AEs; Collateral and internal/external resources","Annual subscription starts at $25K with volume discounts; Credit-based allocation model with flexible reallocation across the year; 42% of generic search terms captured by Brand A; 31% organic share vs 19% Competitor 2 (12% gap); Paid search gap of 3–4% vs key competitors; 6% Champion shoppers and 10% Potential Champions; 75% of repeat buyers concentrated in 10 SKUs; 61% of Multi-Purpose shoppers repeat the same ASIN; DSP as first touchpoint, Search as final purchase driver (Exposure Overlap Analysis); Promotion comparison: 8 vs 9–10 products on promotion; Competitor discount range 15%–40% vs Brand A 20%–30%; Average promotion price examples: $19.08 vs $13.52; 24% vs 29% average discount; Market Content Review deep dive across 3 retailers, 3 categories, 3 brands; NPD review, tentpole events, competitor benchmarking as add-on services; AllyAI Media Teammate 1-click AI-generated executive-ready reports","ExpertIQ provides bespoke, strategic advisory beyond in-product dashboards and AI summaries.; The service operates on a $25K+ annual subscription with a flexible credit model.; AMC and shopper cohorting analyses unlock actionable insights across exposure, retention, and hero SKU focus.; ExpertIQ is positioned as a strategic partner with global expertise and consistent points of contact.; AEs should use ExpertIQ to drive upsells, service stickiness, and long-term strategic value.","What is ExpertIQ?; ExpertIQ training deck internal; ExpertIQ pricing $25K subscription; ExpertIQ credit model explanation; How to sell ExpertIQ advisory services; ExpertIQ vs AllyAI 1-click reports; AMC Exposure Overlap Analysis example; RFMD shopper segmentation example; Share of Search paid vs organic analysis example; ExpertIQ service offerings list; ExpertIQ Menu and Rate Card internal; ExpertIQ upsell strategy; Product Success vs ExpertIQ difference; ExpertIQ case study examples anonymized","ExpertIQ Datasheet (external customer-facing overview); ExpertIQ External Menu (client-ready service list); AMC Report Examples (specific tactical deliverables); DSO Report Examples (standalone analytics samples); AllyAI Product Overview (in-product AI reporting only)","ExpertIQ Insights & Advisory; Customer Success; Product Success; AllyAI Media Teammate; CommerceIQ; Amazon Marketing Cloud (AMC)","Competitor 1; Competitor 2; Competitor 3; Competitor 4; Competitor 5; Competitor A","Brand A","Annual subscription starts at $25K; 42% generic search term share; 31% organic share vs 19% Competitor 2; 6% Champion shoppers; 10% Potential Champions; 75% repeat buyers concentrated in 10 SKUs; 8 vs 9–10 products on promotion; 15%–40% competitor discount range; 24% vs 29% average discount comparison","Credit-based annual subscription model; Custom SKU universe scoping; Exposure Overlap Analysis (DSP + Search); RFMD segmentation reporting; Share of Search (paid & organic) analysis; Market Content Review deep dive; Competitor benchmarking; Tentpole event analysis (Prime Day); Executive-ready PPT/Excel deliverables; Plan / Do / Review cycle","","","Active"
"Flywheel comparison","https://docs.google.com/presentation/d/1cfV_pMIB3IopA7BUwv_MmnqEWCJdVmpLaw80PBNhgeU/edit?usp=drivesdk","1cfV_pMIB3IopA7BUwv_MmnqEWCJdVmpLaw80PBNhgeU","battle-card","Equip sales teams to competitively position CommerceIQ against Flywheel","This is the Flywheel Comparison - a competitive battle card and enablement deck comparing CommerceIQ vs Flywheel across retail media capabilities, incrementality measurement, retail coverage, share of voice optimization, DSP/AMC integration, and enterprise readiness. It outlines specific differentiators including ML-driven incrementality ROAS (iROAS), automated hourly bid and budget optimization, inventory- and profit-aware advertising, 100+ retailer coverage, and integrated DSP/Amazon Marketing Cloud capabilities versus Flywheel’s manual budget pacing, limited retailer integrations (Amazon and Walmart), lack of share of voice tracking, and absence of AMC/DSP product support.","Use in competitive deals where Flywheel is shortlisted, incumbent, or being evaluated; during second/late-stage calls requiring differentiation on incrementality, retail coverage, or DSP/AMC integration.","Sales executives, account executives, sales engineers, and revenue leaders positioning against Flywheel in competitive retail media deals","Budget pacing and hourly bid optimization; Incrementality ROAS (iROAS) vs traditional ROAS; Enterprise vs 3P seller target market; Retail coverage across 100+ retailers; Retail-aware and inventory-aware advertising; Share of Voice (SOV) optimization; Competitive conquesting and OOS detection; DSP and Amazon Marketing Cloud integration; Unified omni-commerce positioning; Sales differentiation talk tracks","Automated hourly bid and budget optimization; Mid-month budget pacing adjustments; Machine Learning-based incrementality ROAS (iROAS); SOV + ROAS formula to measure true incremental impact; Tracks several thousand keywords driving >80% of sales; Weighted and item-level Share of Voice tracking; Retail coverage: Amazon, Walmart, Instacart, Kroger, Target, Albertsons, Best Buy, Lowe’s, Costco, 100+ retailers; Flywheel limited to Amazon and Walmart; Inventory-aware advertising using on-hand and open PO data; Item-level competitive mapping and elasticity modeling; Automated competitive OOS conquesting alerts; DSP and AMC fully integrated; Multi-touch attribution table; Search + Display + OTT performance measurement; No AMC or DSP product support from Flywheel","CommerceIQ differentiates through ML-driven incrementality (iROAS) tied to total POS, not just ad-attributed ROAS.; CommerceIQ offers enterprise-grade retail coverage (100+ retailers) and retail-aware automation versus Flywheel’s limited integrations.; Share of Voice tracking, competitive OOS conquesting, and DSP/AMC integration are major gaps for Flywheel.; CommerceIQ positions as a unified omni-commerce platform with technology-led consistency rather than service-led variability.","CommerceIQ vs Flywheel comparison; Flywheel competitive battle card; How is CommerceIQ different from Flywheel?; Does Flywheel support incrementality ROAS?; Flywheel AMC integration; Flywheel DSP support; CommerceIQ share of voice tracking; Inventory-aware advertising vs Flywheel; Retail coverage comparison CommerceIQ Flywheel; Enterprise retail media platform vs Flywheel; Flywheel budget pacing capabilities; CommerceIQ iROAS explanation; Flywheel vendor central integration; CommerceIQ competitive conquesting OOS; Omni-commerce platform vs Flywheel","CommerceIQ Product Overview Deck – general capabilities without competitor comparison; CommerceIQ First Call Deck – high-level introductory positioning; CommerceIQ Pricing Deck – commercial terms and packaging; Incrementality Deep Dive Deck – detailed methodology explanation without competitive framing","CommerceIQ; Flywheel; Amazon Marketing Cloud (AMC); Amazon DSP","Flywheel","","Tracks several thousand keywords driving >80% of sales; 100+ retailer coverage; Incrementality ROAS (iROAS); Search + Display + OTT measurement","Automated hourly bid optimization; Mid-month budget pacing; ML-driven incrementality modeling; Inventory-aware advertising; Profit-aware optimization; Item-level competitive mapping; Elasticity modeling; Weighted and item-level Share of Voice tracking; Competitive OOS conquesting alerts; DSP and AMC integration; Multi-touch attribution","","","Active"
"Ascential/Omnicom Competitive Battle Card (Updated May 2024)","https://docs.google.com/presentation/d/13WUXmDPUpxXHK0CG-EWKukO3pShZXjGz30K9W7G9T6U/edit?usp=drivesdk","13WUXmDPUpxXHK0CG-EWKukO3pShZXjGz30K9W7G9T6U","battle-card","Equip sales teams to competitively position CommerceIQ against Ascential/Omnicom (Flywheel/Edge).","This is the Ascential/Omnicom Competitive Battle Card (Updated May 2024) – a comprehensive competitive enablement document detailing CommerceIQ’s positioning against Ascential/Omnicom (including Flywheel and Edge), covering Digital Shelf (LBA), Retail Media Management (CommerceIQ Flywheel), and Market Share capabilities, with feature-by-feature comparisons, FUD questions, onboarding timelines, budget optimization differences, retailer breadth, and sales rebuttals.","Use in live competitive deals against Flywheel, Edge LBA, or Omnicom-owned ecommerce analytics and retail media solutions; during objection handling; when building competitive strategy; or when crafting FUD questions.","Account Executives, Sales Directors, Solutions Consultants, and Competitive Intelligence teams preparing for deals against Ascential/Omnicom (Flywheel/Edge).","Ascential/Omnicom (Flywheel/Edge) competitive overview; Edge LBA (Location-Based Analytics) feature breakdown; CommerceIQ Flywheel retail media capabilities; Market Share (MarketView and Scorecard) comparison; FUD questions for retail media and analytics; Budget optimization and dayparting comparison; Onboarding timelines and implementation; Retailer breadth and global coverage; Data accuracy and customization positioning","Edge LBA based on store-level (not zipcode) data; Coverage of 2,000 retailers with click-and-collect data; Overview tab: availability, distribution, promotions; Product tab filters: availability, in promotion, not in promotion, average price; Locations tab: sortable, searchable, filterable with store-level charts; Digital Shelf uses Share of Search as proxy for share of sales; Scorecard includes 6 sections explaining sales/share changes; Traffic, Conversion, Pricing, Availability = owned-item only metrics; CommerceIQ Flywheel hourly bid adjustments; Budget optimization by day of week and mid-month changes; Prime Day over-indexing capability; Onboarding: 8–12 weeks standard; 2–4 weeks for Market Share (Amazon catalog); First 5–10 Amazon categories free in bundled MS offer; 900+ retailers across 50+ countries; Machine crawling for product classification (not Amazon taxonomy dependent)","CommerceIQ differentiates on automation, AI-driven optimization, and hourly bidding versus more manual competitor approaches.; Edge LBA provides strong store-level visibility but lacks true share of sales and relies on proxy metrics.; CommerceIQ Market Share emphasizes customizable reporting, data reliability, and deeper competitive insights.; CommerceIQ positions itself as more scalable globally with broader retailer coverage and integrated ecosystem.","CommerceIQ vs Flywheel comparison; CommerceIQ vs Ascential battle card; Edge LBA limitations; Omnicom Flywheel competitive positioning; CommerceIQ hourly bidding vs competitor; Retail media budget pacing comparison; Market Share analytics vs Edge; CommerceIQ Prime Day budget optimization; Edge LBA store-level data explanation; CommerceIQ onboarding timeline vs Flywheel; Share of Search vs share of sales explanation; CommerceIQ global retailer coverage; FUD questions against Omnicom; CommerceIQ MarketView vs competitor; Flywheel manual budget pacing limitation","RMM Second Call Deck – detailed product walkthrough without competitive framing; Market Share Product One-Pager – standalone overview of MS features without competitor comparison; Digital Shelf Overview Deck – explains CommerceIQ capabilities but not Omnicom positioning; Generic Competitive Battle Cards (other competitors) – focused on Pacvue, Skai, etc., not Ascential/Omnicom","CommerceIQ Flywheel; Edge LBA (Location-Based Analytics); MarketView; Scorecard; AI-Driven Demand Forecasting; CommerceIQ Ecommerce Sales Management Solution","Ascential; Omnicom; Flywheel; Edge","","2,000 retailers tracked (LBA); 900+ retailers in 50+ countries (CommerceIQ coverage); 8–12 week onboarding timeline; 2–4 week Market Share implementation (Amazon catalog); First 5–10 Amazon categories free (Market Share bundle)","Hourly bid adjustments; Budget pacing with mid-month optimization; Day-of-week budget optimization; Prime Day budget over-indexing; Store-level availability tracking; Customizable category taxonomy; Machine crawling product classification; Data transparency dashboard; Granular AI-driven campaign optimization; Real-time insights and adjustments","","May 2024","Active"
"First Call Deck - Retail AI","https://docs.google.com/presentation/d/1KqFgvy7q1kWomwWKjYL6Qs_m8CADPQQ4TppG8GBTthI/edit?usp=drivesdk","","first-call-deck","Introduce Retail AI Agents in a first discovery call and position Content Agent as differentiated vs legacy digital shelf tools.","This is the First Call Deck - Retail AI (Content Agent Focus) - a first-meeting sales presentation and certification/training companion that introduces AllyAI’s Retail AI Agents (Sales Agent, Shelf Agent, Content Agent, Media Agent), with primary emphasis on the Content Agent, including positioning, digital shelf optimization capabilities, AI-driven content improvements (Rufus/GEO), competitive FUD talk tracks vs Stackline and Shalion, automation metrics (3B+ automations, $200M+ deductions recovered), and cross-functional value across Brand, Sales, Shopper Marketing, Supply Chain, and Finance.","Use during initial prospect meetings, Retail AI discovery calls, Content Agent introductions, competitive displacement conversations vs Stackline or Shalion, and when framing automation ROI before a second call.","Sales team, solution consultants, sales engineers, and product marketing managers running first-call Retail AI meetings.","Overview of AllyAI Retail AI Agents (Sales, Shelf, Content, Media); Content Agent capabilities and AI-driven optimization (Rufus, GEO, AEO); Digital Shelf Analytics (DSA) and content compliance; Retail Media Management and bid optimization; Automated reporting (AskAllyAI, brand & retailer insights); Competitive positioning vs Stackline and Shalion; Geographic and retailer coverage (Amazon, Walmart, 110 countries); Automation scale and ROI metrics; Consulting and managed services; Internal training and certification resources","3 Billion+ automations; $200+ Million deductions recovered; 2,500+ annual FTE hours saved; 6 of the top 10 CPG are CommerceIQ customers; AEO Optimization BETA; Amazon Rufus and GEO optimization positioning; Weekly data update criticism of Stackline; 110 countries with DSO product active; Amazon geos: US, CA, MX, AU, UK, DE, IT, FR, ES, NL, PL; Ask AllyAI (Q1 roadmap); GEO Optimization Q2 roadmap; AEO for Walmart Q2 roadmap; Retailer Copilots (AVC); Digital Shelf Analytics (DSA); Retail Media Tracker and budget pacing","AllyAI positions Content Agent as AI-native and optimized for emerging search experiences like Rufus and GEO.; The platform differentiates on automation scale, transparency, and real-time optimization vs competitors.; Retail AI integrates digital shelf, retail media, sales, and reporting into one unified system.; The solution delivers measurable efficiency gains and revenue protection at enterprise scale.","Retail AI first call deck; Content Agent first call presentation; AllyAI Content Agent overview; Retail AI competitive positioning vs Stackline; Shalion vs DSA comparison; Amazon Rufus content optimization deck; GEO optimization Q2 roadmap; Ask AllyAI Q1 launch; Retail AI automation metrics 3 billion automations; Digital Shelf Analytics first meeting slides; Retail AI agents overview deck; Content Agent certification recording 2/13; Retail AI geographic coverage 110 countries; Retail media bid optimization overview; Prevent sales leakage automation deck","AllyAI Content Agent_2nd Call Slides – deeper feature and workflow walkthrough; Product Box: Content Agent Draft – formal product definition and packaging document; Sales Agent Certification – internal training curriculum; AllyAI Content Agent_datasheet.pdf – one-page external summary; AllyAI Media Agent & Services 2nd Call Deck – media-specific deep dive","AllyAI Sales Agent; AllyAI Shelf Agent; AllyAI Content Agent; AllyAI Media Agent; Digital Shelf Analytics (DSA); Retailer Copilots (AVC); Ask AllyAI","Stackline; Shalion","","3 Billion+ Automations; $200+ Million Deductions Recovered; 2,500+ Annual FTE Hours Saved; 6 of the Top 10 CPG Customers; 110 Countries with DSO Active","Content Health and Compliance; Search Ranking and Share of Voice; Retail Media Tracker; Bid Optimization; Budget Pacing; Metric Selection; AskAllyAI Automated Reporting; AEO Optimization BETA; GEO Optimization; Retailer Insights and Brand Insights Dashboards","","","Work In Progress"
"DRAFT CommerceIQ Sales Agent - Product Box January 26 Internal","https://docs.google.com/document/d/1WU6dSPrlYF8wGmmKgZVRUxBIq33PhbZL8gMOmyp777Q/edit?usp=drivesdk","","product-box","Define and centralize the internal positioning, assets, and capabilities of the Sales Agent product.","This is the DRAFT CommerceIQ Sales Agent - Product Box January 26 Internal - a work-in-progress Product Box document defining the Sales Agent within the AllyAI agent suite, outlining its positioning, capabilities, integrations, training materials, competitive FUD messaging, supporting assets (decks, datasheets, demo scripts), and cross-functional enablement resources for internal sales and marketing teams.","Use for internal enablement when preparing Sales Agent pitches, aligning messaging, training reps, referencing automation metrics, or answering competitive questions vs Stackline or Shalion.","Internal Sales, Marketing, Product, and Enablement teams preparing to position and sell Sales Agent.","Sales Agent positioning and Product Box definition; Internal trainings and SKO recordings (2/2–2/5, 2/23 eTail); Supporting assets: decks, datasheets, demo scripts, messaging frameworks; Retailer and geographic coverage (Amazon, Walmart, 110 countries DSO); Automation, reporting, and optimization capabilities; Consulting and managed services add-ons; Competitive FUD vs Stackline and Shalion; Roadmap: Ask AllyAI, GEO Optimization, AEO; Market share, deductions recovery, and efficiency metrics","3 Billion+ automations; 6 of the top 10 CPG are CommerceIQ customers; $200+ Million deductions recovered; 2,500+ annual FTE hours saved; Amazon coverage: US, CA, MX, AU, UK, DE, IT, FR, ES, NL, PL, Pan EU; 110 countries where DSO product is active; Ask AllyAI (Q1) and Ask AllyAI Diagnostics (Q1); GEO Optimization (Q2); AEO Optimization BETA; Retailer Copilots (AVC); Digital Shelf Analytics (DSA); Bid optimization and budget pacing; Content Compliance and SEO Optimization; FUD vs Stackline weekly data updates; Digital Shelf comparison reference to Shalion","Sales Agent is positioned as part of a broader AllyAI agent ecosystem integrating sales, media, and digital shelf.; CommerceIQ differentiates on automation scale, transparency, and real-time optimization vs competitors like Stackline.; The Product Box centralizes all enablement assets (deck, demo, messaging, certification) for consistent GTM execution.; Global retailer and geo coverage is a core strength, including Amazon across multiple regions and 110 DSO countries.; Sales Agent ties directly to revenue protection, deduction recovery, and operational efficiency outcomes.","DRAFT CommerceIQ Sales Agent Product Box January 26; Sales Agent internal product box; Sales Agent automation metrics 3B automations; CommerceIQ vs Stackline FUD questions; Sales Agent retailer coverage 110 countries; Ask AllyAI Q1 roadmap; Sales Agent certification and training links; Sales Agent messaging framework doc; Sales Agent deduction recovery metrics; Sales Agent integration with DSA and Retail Media; CommerceIQ Amazon geo coverage list; Sales Agent demo script link; Sales Agent SKO training recordings; Digital Shelf comparison Shalion DSA; Sales Agent managed services slides","AllyAI Sales Agent 2nd Call Deck – customer-facing presentation; Sales Agent Certification – training curriculum only; CommerceIQ Sales Agent Messaging Framework.docx – focused messaging document; Product Box: Content Agent Draft – separate agent positioning; Product Box: Shelf Agent – separate product definition","Sales Agent; AllyAI; Shelf Agent; Content Agent; Media Agent; Digital Shelf Analytics (DSA); Retailer Copilots (AVC); Ask AllyAI","Stackline; Shalion","","3 Billion+ automations; 6 of the top 10 CPG customers; $200+ Million deductions recovered; 2,500+ annual FTE hours saved","Automated Reporting (AskAllyAI, Brand Insights, Retailer Insights); Bid optimization; Budget pacing; SEO Optimization; AEO Optimization BETA; Content Compliance; Campaign management; Action optimization & review; Retail Media Management; Market Share Analytics","January 26 Draft","","Work In Progress"
"Chorus Recording Link","https://docs.google.com/document/d/1AynzGDXQmOqGd0snkWGKgX3CyAglve2ICpt-LsDbh8U/edit?usp=drivesdk","1AynzGDXQmOqGd0snkWGKgX3CyAglve2ICpt-LsDbh8U","enablement-guide","Provide direct access to a recorded sales conversation for review and coaching","This is the Chorus Recording Link - a direct link to a recorded sales call hosted in Chorus (conversation intelligence platform), containing the full audio/video playback and transcript of a specific customer conversation.","Use when reviewing a specific customer call, validating what was said in a meeting, coaching a rep, onboarding new team members, or extracting customer language from a live conversation.","Sales managers, account executives, sales enablement, marketing, and cross-functional stakeholders reviewing customer conversations","Full sales call recording; Audio/video playback; Speaker-separated transcript; Timestamped conversation; Customer questions and objections; Product positioning discussion; Next steps and follow-up alignment","Hosted in Chorus (conversation intelligence platform); Includes full call playback; Searchable transcript; Speaker identification; Timestamp navigation; Potential objection handling moments; Discovery questioning; Competitive mentions (if discussed in call); Pricing discussion (if discussed in call); Next steps confirmation; Customer stakeholder participation; Internal comments/highlights capability; Keyword search functionality","Provides verbatim record of what was communicated to the customer; Enables coaching and performance review; Allows teams to extract authentic customer language; Serves as source-of-truth for deal discussions","Chorus recording link; customer call recording; sales call playback; call transcript link; Chorus sales meeting; recorded discovery call; deal review recording; customer conversation transcript; call audio link; what was said on the call; sales coaching recording; meeting recording link; Chorus transcript; customer objection recording","Call Summary Document – which provides written highlights and key takeaways; Sales Deck – which contains presentation slides used during the call; Talk Track – which outlines recommended messaging; Case Study – which formalizes customer results and outcomes","","","","","Audio/video playback; Speaker-separated transcript; Timestamp navigation; Searchable transcript; Commenting/highlighting","","","Active"
"Skai Competitive Battle Card (Updated Sept 2024)","https://docs.google.com/presentation/d/144vl17SkkyprH9ywJUZ8O_svpswmzUlEXf3bf3zbhE8/edit?usp=drivesdk","144vl17SkkyprH9ywJUZ8O_svpswmzUlEXf3bf3zbhE8","battle-card","Equip sales teams to competitively position against Skai in RMM deals","This is the Skai Competitive Battle Card (Updated Sept 2024) - an internal sales enablement battle-card that analyzes Skai as a Retail Media Management (RMM) competitor, detailing Skai’s company background (founded 2006, CEO Yoav Izhar-Prato, part of Kenshoo, backed by Bain Capital Ventures and Sequoia Capital Israel), pricing model (typically 1–2% of ad spend, often closer to 1%, with reports of flat-fee and sub-1% self-serve offers), product capabilities (Google Ads strength, bulk editing, cross-channel integrations), and weaknesses (UI/UX issues, inflexible reporting, delayed Amazon campaign launches), while positioning CommerceIQ’s differentiators in incrementality (AI-based iROAS), Share of Voice (4,000 keywords tracked daily), retail-aware media, budget optimization, and digital shelf integration.","Use in live competitive deals against Skai, when facing pricing pressure from 1% fee models, when prospects ask about Skai incrementality, or when differentiating on SOV, retail-aware media, and automation.","CommerceIQ sales reps, sales leaders, and competitive intelligence teams involved in RMM deals","Skai company overview and background; Pricing model and competitive intelligence; Why Skai wins vs why Skai loses; Incrementality comparison (iROAS vs Skai metric); Share of Voice and keyword tracking comparison; Dayparting and budget optimization capabilities; Retail-aware media and digital shelf integration; API automation and retailer coverage; FUD questions and objection handling; Recent product updates (Skai Labs, incrementality launch)","Founded 2006; CEO Yoav Izhar-Prato; Backed by Bain Capital Ventures and Sequoia Capital Israel; Operates in 13 countries; Pricing typically 1–2% of ad spend; often ~1% for agencies; Flat-rate deals driving effective fees below 0.5%; Self-serve offering below 1%; CommerceIQ tracks 4,000 keywords daily for SOV; Skai tracks ~50 keywords (per doc claim); 120+ retailers via API (CIQ) vs 100+ (Skai); AI-based iROAS optimization (CIQ); Skai incrementality launched April 2024 (not automated); Requires Profitero integration for some Skai competitive metrics; Known Skai clients: L’Oréal, Bose, Reckitt, Central Pet; Former clients: Emerson, McCaughey; Skai Labs custom dev service announced May 2024","Skai competes aggressively on price, often undercutting via % of ad spend or flat-fee models.; CommerceIQ differentiates on AI-driven incrementality (iROAS), retail-aware optimization, and integrated Share of Voice automation.; Skai’s strengths lie in Google Ads and cross-channel management, not deep retail-native intelligence.; Reporting flexibility, UI/UX, and automation depth are positioned as Skai weaknesses.; FUD-based discovery questions are critical to exposing gaps in Skai’s retail data integration and automation.","Skai competitive battle card; CommerceIQ vs Skai comparison; Skai pricing 1% of ad spend; Skai flat fee retail media; Skai incrementality April 2024; Skai Labs announcement May 2024; Skai share of voice capabilities; Does Skai track item-level SOV?; Skai vs CommerceIQ iROAS; Skai dayparting capabilities; Skai reporting limitations; Skai Amazon campaign delays; Skai Google Ads integration strength; How to compete against Skai RMM; Skai Profitero integration requirements","RMM Second Call Deck – full CommerceIQ product walkthrough, not competitor-focused; CommerceIQ Product Box – defines product packaging and positioning, not competitive tactics; Customer Case Study Deck – proof of performance, not competitive intelligence; RMM Pricing Calculator – pricing configuration tool, not competitor comparison","CommerceIQ Retail Media Management; AI-based iROAS; Skai Platform; Skai Labs","Skai; Profitero","L’Oréal; Bose; Reckitt; Central Pet; Emerson; McCaughey","1–2% of ad spend pricing; Below 1% self-serve pricing; Below 0.5% effective flat-fee pricing; 4,000 keywords tracked daily (CIQ); ~50 keywords tracked (Skai claim); 120+ retailers via API (CIQ); 100+ retailers via API (Skai); 13 countries presence","AI-based iROAS optimization; Retail-aware media optimization; Share of Voice tracking (weighted SOV); Standard shelves out of the box; Competitive OOS conquesting alerts; Hourly dayparting adjustments; Intra-day budget release functionality; Budget pacing and event over-indexing; API-based campaign automation; Skai Labs custom integrations","","September 2024","Active"
"First Call Deck - Agents","https://docs.google.com/presentation/d/1YpIABoaaU9mLa3OwAPWp2z0R9Vj0IK76WupcAos73sM/edit?usp=drivesdk","","enablement-guide","Centralized internal hub for Agent first-call sales enablement and training resources","This is the First Call Deck - Agents - a comprehensive internal sales enablement and training hub that consolidates first-call materials, certification recordings, product assets, messaging frameworks, demo resources, competitive FUD talk tracks, feature lists, and cross-agent positioning for Sales Agent, Shelf Agent, Content Agent, and Media Agent across Amazon, Walmart, and other global retailers.","Use when onboarding new reps, preparing for first customer calls, locating certification recordings, identifying correct product assets, or aligning on competitive messaging and retailer coverage.","Internal sales reps, sales engineers, marketing, and product teams supporting AllyAI Agents","Agent-specific sales materials (Sales, Shelf, Content, Media); Internal training recordings and certifications; Retailer and geographic coverage; Product messaging frameworks and product boxes; Digital Shelf Analytics and Retail Media capabilities; Competitive positioning and FUD talk tracks; Roadmap and upcoming features (Ask AllyAI, GEO, AEO); Demo links and scripts; Managed services and consulting offerings; Performance metrics and proof points","2/2–2/5 SKO Training (Day 1 & Day 2 recordings with passwords); 2/13 First Call & Content Agent Certification & Training Recording; 6 of top 10 CPGs are CommerceIQ customers; 3 Billion+ automations; $200+ Million deductions recovered; 2,500+ annual FTE hours saved; Amazon coverage: US, CA, MX, AU, UK, DE, IT, FR, ES, Pan EU, NL, PL; 110 countries supported for DSO; Ask AllyAI (Q1) and Ask AllyAI Diagnostics (Q1); GEO Optimization (Q2), AEO for Walmart + others (Q2); Competitive references to Stackline and Shalion; Content optimization for Amazon Rufus and GEO; Real-time bid optimization and budget pacing; Automated reporting: Brand, Retailer, Country Insights; Sales Agent, Shelf Agent, Content Agent, Media Agent Product Boxes","Central hub for all Agent first-call sales and training materials.; Comprehensive cross-agent coverage spanning Sales, Content, Shelf, and Media.; Strong proof points: 3B+ automations, $200M+ deductions recovered, 2,500+ FTE hours saved.; Global retailer and geographic coverage including 110 countries.; Clear competitive positioning against Stackline and legacy digital shelf tools.","First Call Deck Agents; Content Agent first call recording 2/13; Sales Agent certification link; AllyAI Agent training materials; Stackline competitive talk track; Shalion comparison DSA; Ask AllyAI roadmap Q1; GEO Optimization Q2 details; 110 countries DSO coverage; Amazon geo coverage list; Media Agent product box draft; Sales Agent messaging framework; AllyAI demo script link; SKO 2026 training recordings; Digital Shelf Analytics comparison","Sales Agent First Call Deck (customer-facing presentation); Content Agent 2nd Call Slides (deep product walkthrough); Individual Product Box documents (formal product definitions); AllyAI Content Agent Datasheet (external one-pager); Sales Agent Certification deck (standalone training document)","AllyAI Sales Agent; AllyAI Shelf Agent; AllyAI Content Agent; AllyAI Media Agent; Ask AllyAI; Digital Shelf Analytics (DSA)","Stackline; Shalion","","3 Billion+ automations; 6 of top 10 CPGs as customers; $200+ Million deductions recovered; 2,500+ annual FTE hours saved; 110 countries supported","Real-time bid optimization; Budget pacing; Content Health and Compliance; Search Ranking and Share of Voice; Retail Media Tracker; Automated Reporting; Brand Insights; Retailer Insights; Country Insights; Deduction dispute automation; GEO Optimization; AEO Optimization (BETA)","","","Work In Progress"
"May 2024 - Internal Competitive Update Slides","https://docs.google.com/presentation/d/1YLmJsIiY_Gdn9v1iN0vdR0bnPcKbnNgZRge8e2yO8Oc/edit?usp=drivesdk","1YLmJsIiY_Gdn9v1iN0vdR0bnPcKbnNgZRge8e2yO8Oc","training-deck","Equip sales teams with up-to-date competitive intelligence and positioning guidance","This is the May 2024 - Internal Competitive Update Slides - an internal sales enablement presentation compiling CommerceIQ’s latest competitive intelligence, battlecard updates, FUD talk tracks, retailer/market news, and positioning guidance against key competitors such as Flywheel/Ascential/Omnicom, Pacvue, Profitero, Skai, Stackline, Data Impact, Supplypike, and others.","Before competitive sales calls, during late-stage deal prep, when updating messaging against specific competitors, or when onboarding new reps on CIQ competitive positioning","CommerceIQ sales, sales engineering, customer success, and competitive intelligence teams","Integrated and unified platform positioning; Automation and AI-driven optimization capabilities; Global retailer breadth (900+ retailers, 50+ countries); Competitive battlecard updates (May 2024); FUD talk tracks for objection handling; Market Share solution positioning; AI-driven demand forecasting and ecommerce sales management; Intraday data scraping and real-time insights; Retailer and ecosystem news (AWS, Walmart, Salsify, Crisp, Circana); Seismic battlecard management process","Coverage of 900+ retailers across 50+ countries; Intraday data refresh 1–6 times per day; up to 24 times for top SKUs/keywords; AI-driven demand forecasting using predictive analytics; Automated campaign optimization and budget pacing; Customizable reporting and data transparency dashboard; Upcoming OmniCC and new AI-driven insights; Flywheel/Ascential/Omnicom competitive update (May 2024); Pacvue update including Helium 10 SMB leadership announcement; Skai incrementality announcement (April 2024 update); Data Impact Share of Voice revenue estimation methodology; Supplypike and Stackline updated May 2024; AWS €7.8B Germany investment and $8.88B Singapore expansion; Sam’s Club AI-powered exit tech in 120+ locations (23% faster exits); Circana ProScores available in Google Cloud BigQuery; Salsify + Vizit AI integration claiming up to 10% ecommerce sales lift","CommerceIQ differentiates on unified platform, automation, AI, and global retailer breadth.; FUD questions are a structured tool to expose weaknesses in competitor pacing, forecasting, integration, and data transparency.; Competitive intelligence is continuously updated in Seismic and Slack channels.; Retailer and ecosystem news can be leveraged strategically in sales conversations.","May 2024 competitive update slides; CommerceIQ competitive intelligence May 2024; CIQ vs Flywheel positioning; CIQ vs Pacvue May 2024; Data Impact Share of Voice revenue calculation; Skai incrementality announcement comparison; CommerceIQ FUD questions; CommerceIQ battlecards Seismic location; CommerceIQ intraday data scraping frequency; CommerceIQ 900 retailers 50 countries; OmniCC upcoming feature; AI-driven demand forecasting CommerceIQ; Retailer Beat May 2024; Supplypike Stackline competitive update; Market Share solution competitive insights","Individual Competitor Battlecards (single-competitor quick reference sheets); Customer-facing Sales Decks (external presentations); Product Datasheets (feature-specific documents); Quarterly Business Review templates (account performance reviews)","CommerceIQ Market Share Solution; CommerceIQ Ecommerce Sales Management Solution; OmniCC","Flywheel; Ascential; Omnicom; Pacvue; Helium 10; Skai; Data Impact; Profitero; Stackline; Supplypike; Tinuiti; Chargeguard; Dexi; Data Bricks; Salsify; Crisp; Circana","","900+ retailers; 50+ countries; 1–6 data refreshes per day; Up to 24 refreshes per day for top SKUs/keywords; €7.8 billion AWS Germany investment; $8.88 billion AWS Singapore investment; 120+ Sam’s Club locations with AI exit tech; 23% faster member exits; Up to 10% ecommerce sales lift (Salsify claim)","Integrated unified platform; Automated campaign optimization; Granular data-driven optimization; Customizable reporting; Data transparency dashboard; AI-driven demand forecasting; Intraday data scraping; Store-level data access; Seamless integration and scalability; Dedicated customer success and regional language support","","May 2024","Active"
"April 2024 - Internal Competitive Update Slides","https://docs.google.com/presentation/d/1JkImyzIkVNClT-xWDBA4dtHHTpuFu6zDyTo01wDPbao/edit?usp=drivesdk","1JkImyzIkVNClT-xWDBA4dtHHTpuFu6zDyTo01wDPbao","training-deck","Provide monthly internal competitive intelligence and sales enablement updates","This is the April 2024 - Internal Competitive Update Slides - a monthly internal sales enablement deck summarizing competitive intelligence, battlecard updates, retailer news, industry announcements, product launches, leadership changes, partnerships, and market movements relevant to commerce media, retail analytics, and retail media platforms.","When preparing for competitive sales conversations, updating battlecards, conducting QBR prep, aligning messaging against competitors, or reviewing retailer/industry changes from April 2024","Sales, sales enablement, competitive intelligence, product marketing, and leadership teams","Updated battlecards and DSA comparisons; Competitor product launches and feature updates; Leadership hires and organizational changes; Retailer news and legal developments; Industry partnerships and integrations; Measurement and analytics innovations; AI and generative AI deployments in retail; IPO and financial performance announcements; Consumer trends and market data insights","Data Impact Share of Voice revenue lift modeling (position 35 to 3 example); Data Impact reportedly offering enhanced Data Transparency; Pacvue scraping variation breaks every 3 hours; Abi Harmon joining Pacvue as EVP and GM of Helium 10 SMB; Skai incrementality announcement for omnichannel commerce media; Flywheel AdVonAI launched on Google Cloud Marketplace; Omnicom Q1 2024 acquisition revenue up 1.5% ($53M) driven by Flywheel; NielsenIQ Full View™ – Measurement launch; Brandbank Content Health+ (84% of brands miss top 3 attributes); Salsify + Vizit AI integration claiming up to 10% e-commerce sales lift; Crisp Honey Mama’s case study (1–2% spoilage management); Ibotta IPO filing with $320M 2023 revenue; Criteo MRC accreditation for Commerce Max and Commerce Yield; Kroger closing 3 e-commerce fulfillment centers; Jungle Scout: 71% of Amazon consumers prioritize price","Multiple competitors are investing heavily in AI-driven content, measurement, and incrementality capabilities.; Data Impact and Pacvue are enhancing Share of Voice and variation monitoring features.; Retailers are adopting AI for operations and customer experience while facing legal and operational pressures.; Industry consolidation and IPO activity (Ibotta) signal market maturity and capital movement.; Battlecards and competitive positioning require continuous updates due to frequent feature and leadership changes.","April 2024 competitive update; Pacvue April 2024 update; Data Impact Share of Voice revenue calculation; Skai incrementality announcement 2024; Flywheel AdVonAI launch; NielsenIQ Full View Measurement; Crisp Honey Mama’s case study spoilage; Ibotta IPO revenue 2023; Criteo MRC accreditation Commerce Max; Retailer news April 2024 Kroger Walmart Target; Battlecards updated April 2024; Salsify Vizit AI integration; Jungle Scout Q1 consumer trends 2024; Pacvue variation break scraping; Competitive intelligence April 2024 Seismic","Individual Competitor Battlecards – one-page or short-form direct comparisons for a single competitor; DSA Comparison Documents – detailed product feature comparison matrices; External Sales Decks – customer-facing presentations; Quarterly Business Reviews – account-specific performance summaries","Full View™ – Measurement; Content Health+; AdVonAI; Helium 10; Salsify PXM Advance; Conversion Optimizer App; Commerce Max; Commerce Yield","Flywheel; Ascential; Omnicom; Data Impact; Pacvue; Profitero; Skai; Stackline; Supplypike; Tinuiti; Chargeguard; Dexi; NielsenIQ; Salsify; Crisp; Ibotta; Criteo","Honey Mama’s; Kroger; Target; Best Buy; Walmart; Albertsons; Sam’s Club; Lindt","Revenue lift modeled from position 35 to position 3 (Data Impact SOV); 1.5% ($53M) Omnicom Q1 2024 acquisition revenue growth; $320M Ibotta 2023 revenue; Up to 10% e-commerce sales lift (Salsify/Vizit claim); 1–2% spoilage management (Crisp case study); 84% of brands miss one of top three searchable attributes; 71% of Amazon consumers prioritize price; $78B AUM Alaska Permanent Fund","Share of Voice revenue estimation modeling; Variation break scraping every 3 hours; Data Transparency reporting; AI-powered content generation and attribute extraction; Omnichannel measurement integration; AI-powered virtual assistant deployment; MRC-accredited impression and click measurement","","April 2024","Active"
"Press Deck - Agentic Commerce","https://docs.google.com/presentation/d/1kNB0QuoC1EDCMB4JHxQO0nfTWPEeXfOV_oEjUxN4XzA/edit?usp=drivesdk","","enablement-guide","Enable sales and marketing teams to position and pitch AllyAI Agentic Commerce with proof points and competitive framing.","This is the Press Deck - Agentic Commerce - a comprehensive sales and enablement presentation covering CommerceIQ’s AllyAI-powered Agentic Commerce platform, including Sales Agent, Shelf Agent, Content Agent, and Media Agent. The deck contains positioning for AI-driven Amazon growth, FUD-based competitive messaging against Stackline and Shalion, Digital Shelf Analytics (DSA) comparisons, automation metrics (3B+ automations, $200M+ deductions recovered, 2,500+ FTE hours saved), detailed Sales Agent demo guidance, certification requirements (70% passing score), pricing references, and first/second call sales resources.","Use for press briefings, SKO training, Sales Agent certification prep, second-call preparation, competitive positioning vs Stackline or Shalion, and when articulating the full Agentic Commerce vision.","Sales reps, sales managers, PMMs, product marketing, and GTM leadership preparing for Agentic Commerce pitches and certification.","Agentic Commerce positioning and narrative; AllyAI Sales Agent capabilities and demo flow; Digital Shelf Analytics (DSA) and Digital Shelf 360 comparison; Competitive FUD messaging vs Stackline and Shalion; Automation scale and financial impact metrics; Certification and training requirements; Sales process guidance (first call, second call, dry run); Retail media and AMC insights integration; Unified data and Amazon Command Center; Cross-functional team support (Sales, Supply Chain, Finance, Category)","3B+ automations executed; $200+ million deductions recovered; 2,500+ annual FTE hours saved; 6 of the top 10 CPG brands are CommerceIQ customers; 70% certification passing grade; April 1 submission deadline, April 10 feedback; Country-based pricing (excluding market share); Direct Amazon ticketing system integrations; Intraday scraping for digital shelf; Store-level availability data; Conversational AI: Ask AllyAI; Gap-to-plan recommendations and root cause analysis; AMC Insights and incrementality reporting; FUD messaging vs Stackline weekly data updates; Content optimization for Amazon Rufus and GEO","CommerceIQ’s AllyAI unifies sales, media, content, and operations into one AI-powered Amazon command center.; Sales Agent moves teams from dashboards to automated root cause analysis and actionable recommendations.; CommerceIQ differentiates through transparency, intraday data, automation scale, and financial recovery impact.; The platform drives measurable outcomes: recovered revenue, saved FTE hours, and improved in-stock and ad efficiency.","Press Deck Agentic Commerce; AllyAI Sales Agent pitch deck; Agentic Commerce positioning; Sales Agent certification requirements; Stackline vs CommerceIQ comparison; Shalion vs CommerceIQ DSA comparison; Digital Shelf 360 capabilities; 3B automations CommerceIQ; 200 million deductions recovered; Ask AllyAI demo flow; Gap to plan root cause AI; Amazon Command Center CommerceIQ; Sales Agent pricing calculator; SKO 2026 Sales Agent training; Content Agent Amazon Rufus optimization","Sales Agent 2nd Call Deck – customer-facing detailed pitch deck; Sales Agent Product Box – formal product definition and packaging; Demo Script – step-by-step live demo instructions; Pricing Calculator – tool for configuring Sales Agent pricing; First Call Pitch Deck - Agentic – high-level introductory deck","AllyAI; Sales Agent; Shelf Agent; Content Agent; Media Agent; Digital Shelf 360; Amazon Command Center","Stackline; Shalion","","3B+ automations; $200+ million deductions recovered; 2,500+ annual FTE hours saved; 6 of the top 10 CPG brands; 70% certification passing score","Conversational AI (Ask AllyAI); Gap-to-plan recommendations; Root cause analysis; End-to-end automation; Amazon ticketing integration; Intraday digital shelf scraping; Store-level availability data; Unified sales, POS, advertising, and availability data; AMC insights and incrementality; Retail media reporting","","","Work In Progress"
"Pacvue Competitive Battle Card - ESM (Updated Sept 25)","https://docs.google.com/presentation/d/1dquNJTKdp6uQvWJitTmoyG7vf4VIawMhPkk_lTMHKX0/edit?usp=drivesdk","1dquNJTKdp6uQvWJitTmoyG7vf4VIawMhPkk_lTMHKX0","battle-card","Enable sales teams to win competitive deals against Pacvue","This is the Pacvue Competitive Battle Card - ESM (Updated Sept 25) - a comprehensive sales enablement battle card that compares CommerceIQ’s ESM (Execute & Sales Management / Discover & Guide) and Retail Media (Activate) capabilities directly against Pacvue across content audit & optimization, share of voice tracking, budget optimization, customization, reporting, forecasting, and AI-driven automation. It includes detailed feature-by-feature comparisons, FUD (Fear, Uncertainty, Doubt) discovery questions, positioning talk tracks, and rebuttals to common Pacvue strengths such as customization and agency partnerships.","Use in active competitive sales cycles against Pacvue, during objection handling, executive positioning discussions, or when differentiating SOV, automation, inventory-aware bidding, or content compliance capabilities.","Account Executives, Sales Directors, Sales Engineers, and Competitive Intelligence teams involved in deals against Pacvue","Content Audit & Optimization comparison; Share of Voice (SOV) tracking and automation; Retail Media (Activate) competitive positioning; Budget Optimization and pacing tools; Customization and reporting differences; Inventory-aware advertising and OOS prediction; Market share insights and SKU-level sales estimates; Forecasting and automation capabilities; FUD discovery questions and objection handling; Competitive pitch positioning and rebuttal messaging","Automated content completeness measurement with PIM/DAM integration; Daily auto-ticketing of noncompliant content changes; Pacvue partnerships with Profitero and Vizit for content audits; Tracks several thousand keywords representing 80%+ of category sales; Pacvue limited to several hundred keywords for SOV; Weighted SOV and item-level SOV integration into automation; IROAS-based optimizations and Multiplier Adjusted CPC; Last Bid Change lookback option; Inventory and Profit-Aware Advertising; Predicts OOS events and supports Vendor Initiated Orders (VIOs); Differentiates 1P vs 3P sales at SKU level with AI-driven taxonomy; 90+ retailer integrations including Amazon, Amazon DSP, Walmart, Criteo, Instacart, Kroger/PromoteIQ; Pacvue forecasting across Advertising, Marketing, Sales, Supply Chain (accuracy unverified); Pivot table-like customizable reporting in Pacvue; Pacvue variation scraping confirmed every 3 hours","CommerceIQ positions itself as a unified, AI-driven, all-in-one platform vs Pacvue as a fragmented point solution.; CommerceIQ integrates SOV, inventory, profit, and market share data directly into automation logic, while Pacvue’s signals are more manual or siloed.; Automation (content compliance, OOS prediction, profit recovery) is a primary differentiator.; Pacvue’s key strength is sandbox-style customization and flexibility, but with added complexity.","CommerceIQ vs Pacvue ESM comparison; Pacvue competitive battle card; CommerceIQ vs Pacvue share of voice; Pacvue inventory aware advertising comparison; CommerceIQ IROAS vs Pacvue bidding; Pacvue content audit automation; CommerceIQ vs Pacvue retail media management; Pacvue forecasting accuracy concerns; CommerceIQ OOS prediction vs Pacvue; Pacvue customization vs CommerceIQ automation; CommerceIQ profit recovery automation; Pacvue keyword tracking limits; CommerceIQ DSP vs Pacvue DSP; Pacvue point solution vs all-in-one platform; Updated Sept 25 Pacvue battle card","RMM First Call Deck – high-level overview of Retail Media capabilities; RMM Second Call Deck – detailed product walkthrough and demo flow; ESM Product Box – product definition and positioning document; Pricing Deck or Deal Screenshots – commercial terms and packaging","CommerceIQ ESM (Discover & Guide); CommerceIQ Retail Media (Activate); Pacvue; PacvueXL","Pacvue; Profitero; Vizit","","Tracks several thousand keywords driving 80%+ of category sales; Limited to several hundred keywords (Pacvue); Variation scraping every 3 hours; 90+ retailer integrations","Content Completeness Measurement; PIM/DAM Integration; Automated Content Compliance Ticketing; Weighted Share of Voice (SOV); Item-Level SOV; IROAS Optimization; Multiplier Adjusted CPC; Last Bid Change Lookback; Inventory-Aware Advertising; Vendor Initiated Orders (VIOs); AI-Driven Taxonomy; Budget Optimizer Playbook","","Updated Sept 25","Active"
"Internal Competitive & Industry Experience SMEs ","https://docs.google.com/spreadsheets/d/1O-miPrCS1KF1uEbQ6JyBRfPZCSv26PMfiCK2n19Gyto/edit?usp=drivesdk","","enablement-guide","Centralized internal enablement and competitive resource hub for AllyAI Agents","This is the Internal Competitive & Industry Experience SMEs – a centralized internal enablement hub containing AllyAI Agent training materials, certification recordings, product boxes, messaging frameworks, competitive FUD questions, retailer coverage details, feature lists, and contact directories for Sales, Shelf, Content, and Media Agents across Amazon, Walmart, and global markets.","Use for onboarding new reps, locating training recordings, finding messaging frameworks or product boxes, preparing competitive positioning vs Stackline/Shalion, confirming retailer/geography coverage, or identifying product SMEs.","Internal Sales, Marketing, Product, and Customer Success teams","Internal Agent Trainings & SKO Recordings; Product Boxes, Messaging Frameworks & Datasheets; Retailer & Geographic Coverage; Digital Shelf Analytics & Retail Media Capabilities; Competitive Positioning & FUD Questions; Automation & ROI Proof Points; Consulting & Managed Services Offerings; Roadmap (Ask AllyAI, GEO, AEO); SME Contacts & Slack Channels","SKO 2/2–2/5 with Day 1 & Day 2 video recordings and passwords; 2/13 First Call & Content Agent Certification & Training Recording; 3B+ automations executed; $200M+ deductions recovered; 2,500+ annual FTE hours saved; 6 of the top 10 CPGs are customers; Amazon coverage: US, CA, MX, AU, UK, DE, IT, FR, ES, Pan EU (BO view), NL, PL; 110 countries supported via DSO product; Ask AllyAI (Q1) and Diagnostics (Q1); GEO Optimization Q2; AEO for Walmart Q2; AEO Optimization BETA; Retailer Copilots (AVC); Competitive FUD vs Stackline (weekly updates, black box data, unproven automations); Shalion comparison (geolocation data not unique); Slack channel: #product-connect","Central hub for all AllyAI Agent training, collateral, and competitive positioning.; AllyAI differentiates through automation scale, transparency, and real-time optimization.; Broad global retailer and geographic coverage across 110 countries.; Strong ROI proof points: $200M+ recovered, 3B+ automations, 2,500+ FTE hours saved.; Clear SME ownership and roadmap visibility for upcoming AI-driven features.","Internal Competitive & Industry Experience SMEs; AllyAI internal training links; SKO 2026 recordings password; Content Agent certification recording 2/13; Stackline competitive FUD questions; Shalion vs DSA comparison; Ask AllyAI roadmap Q1; GEO Optimization Q2 details; 110 country DSO coverage list; AllyAI automation metrics 3B; $200M deductions recovered proof point; Retailer Copilots AVC details; Agent Product Hub links; Who is the SME for Media Agent?; Digital Shelf Analytics capabilities list","Sales Agent Product Box – defines positioning, pricing, and value proposition for Sales Agent only; Content Agent Second Call Deck – customer-facing deep dive presentation; RMM Second Call Deck – retail media specific sales presentation; Competitive Battle Cards – one-page head-to-head competitor summaries","AllyAI; Sales Agent; Shelf Agent; Content Agent; Media Agent; Ask AllyAI; Retailer Copilots (AVC); Digital Shelf Analytics (DSA); AEO Optimization; GEO Optimization","Stackline; Shalion","","3B+ automations; $200M+ deductions recovered; 2,500+ annual FTE hours saved; 6 of top 10 CPG customers; 110 countries supported","Bid Optimization; Budget Pacing; Content Compliance; SEO Optimization; AEO Optimization BETA; Automated Reporting; Brand Insights; Retailer Insights; Country Insights; Competitive Intelligence; Market Share Analytics; Retail Media Tracker; Content Syndication","","","Work In Progress"
"Competition - Comparison Across Products","https://docs.google.com/presentation/d/1ANNJCUP8it3vnUY5-5WPnf-BHU9LUB01nPvjqfDfBe8/edit?usp=drivesdk","1ANNJCUP8it3vnUY5-5WPnf-BHU9LUB01nPvjqfDfBe8","battle-card","Equip sales teams with structured competitive intelligence and positioning guidance.","This is the Competition - Comparison Across Products document - a comprehensive competitive landscape matrix and SWOT analysis comparing major retail media management (RMM), eCommerce analytics, and marketplace advertising platforms across tech sophistication, agency services, strengths, weaknesses, win/loss scenarios, and strategic positioning guidance.","Use during deal prep, competitive displacement strategy, win/loss analysis reviews, second-call competitive objections, or leadership discussions on market positioning.","Sales teams, sales leadership, competitive intelligence, and product marketing teams","Competitive comparison matrix across retail media and eCommerce platforms; Tech solution vs. agency/professional services classification; Core strengths and weaknesses by competitor; Win/loss examples by customer/brand; Strategic positioning guidance (""What’s Our Play""); SWOT analysis for Pacvue; SWOT analysis for Skai; Market threats and commoditization trends; Integration capabilities (ERP, supply chain, DSM, paid social); Sophistication level indicators","Pacvue pricing typically ~3% of working spend (self-serve) plus minor platform fee; Pacvue strengths: simple UX, Excel exportability, Amazon 3P advertising, AOR partnerships; Pacvue weaknesses: point solution, limited modeling/ML, limited DSP capability; CommerceIQ positioned as more sophisticated ad platform threat; Stackline strength: slick UX and consultative storytelling; weakness: limited tech integration; Skai strength: integrations beyond retail (e.g., paid social); Skai weakness: limited native activation, reliance on partners; Teikametrics: self-serve UI, strong support, 3P focus; Helium 10: very low cost, Amazon & SMB centric, limited capability; Tinuiti: human retail media experts; weaker tech and omni-insights; Data Impact under Nielsen umbrella; ChannelAdvisor: 3P/Marketplace infrastructure; Opportunity: integrate PO data and dropship into supply chain signals; Opportunity: scraped coupons as ad optimization criteria (DSM integration); Win/loss brands: Sleep Innovation, Oil-Dri, Edge, Clorox, Canidae, Central Pet, Dimetyd, Driv","The competitive landscape splits between tech-first platforms and agency-led solutions.; Lower-cost tools (e.g., Pacvue, Helium 10) trade sophistication for simplicity and price.; Data integration and cross-channel capabilities (e.g., Skai) are becoming commoditized.; Future differentiation will rely on deeper ERP/supply chain integrations and platform consolidation.; Winning strategy should focus on full-platform value rather than feature-by-feature comparisons.","CommerceIQ vs Pacvue comparison; Stackline strengths and weaknesses; Skai SWOT analysis retail media; Teikametrics vs full platform comparison; Helium 10 limitations Amazon SMB; Tinuiti retail media capabilities; Data Impact Nielsen retail analytics; ChannelAdvisor marketplace infrastructure comparison; Pacvue pricing percentage of ad spend; limited DSP capability competitors; who integrates with paid social retail media; retail media agency vs tech platform comparison; RMM competitive landscape matrix; win loss analysis Clorox Edge; market shift to integrated advertising platforms","RMM First Call Deck – high-level product overview for prospects; RMM Second Call Deck – detailed feature, demo, and pricing presentation; RMM Pricing Calculator – ROI and cost modeling tool; Product Box – formal definition of product packaging, positioning, and pricing","CommerceIQ; Stackline; Pacvue; Profitero; Skai; Teikametrics; Jungle Scout; Tinuiti; Data Impact; Helium 10; ChannelAdvisor; Beekeeper","CommerceIQ; Stackline; Pacvue; Profitero; Skai; Teikametrics; Jungle Scout; Tinuiti; Data Impact; Helium 10; ChannelAdvisor; Beekeeper","Sleep Innovation; Oil-Dri; Edge; Clorox; Canidae; Central Pet; Dimetyd; Driv","Pacvue ~3% of working spend (self-serve); Minor platform fee (Pacvue); Limited share of voice in keyword count (Pacvue); Integration beyond retail media (Skai paid social); Inventory on hand integration expanding to PO data and dropship","Amazon 3P advertising; DSP capability; Share of voice tracking; Modeling / machine learning optimization; ERP integrations; Supply chain data integration; DSM integration (scraped coupons); Excel exportable UX; Self-serve UI; Paid social integration","","","Active"
"Britax Account Summary Slide.pdf","https://drive.google.com/file/d/1UrSYThv-P1-a1xXT6CcKpA5HLuagxi3V/view?usp=drivesdk","1UrSYThv-P1-a1xXT6CcKpA5HLuagxi3V","enablement-guide","To summarize Britax account performance, risks, and expansion strategy for EBRs and internal planning.","This is the Britax Account Summary Slide.pdf – a comprehensive QBR/EBR-style account review and internal prep deck summarizing Britax’s 2025 performance with CommerceIQ, including revenue recovery results ($158k PRA impact), $1.07B in tracked sales, market share trends (Car Seats -8.45% YoY, Strollers -18% YoY), product adoption status (Co-Pilot + ESM automations pending activation), stakeholder engagement risks, and 2026 expansion strategy (Agents pitch, Canada/EU expansion).","Use for Britax QBR/EBR prep, renewal discussions, account health reviews, expansion strategy meetings, or when assessing PRA/ESM adoption and ROI.","Account Executives, Customer Success Managers, Sales Leadership, and Revenue Operations teams managing or reviewing the Britax account.","2025 Year-to-Date Performance Recap; Profit Recovery (PRA) Results and ROI; Market Share and Category Trends; Feature Utilization and Adoption Health; Contracted Products (Co-Pilot + MS + ESM); Automation Activation Status; Stakeholder Engagement and Account Risks; Competitive Landscape (Graco); Pricing and ACV Comparison; 2026 Expansion Strategy (Agents, Canada, EU)","$158,572 PRA recovery in FY25; 7.9x return on PRA investment; $1.07B sales tracked in FY25; Car Seats category -8.45% YoY; Strollers category -18% YoY; Lost Buy Box revenue up 23% YoY; ASP increased 17.6% (tariffs); Only 3 active users (Carrie, Mallorie, Nancy occasional); Feature usage: Market Share 55%, Exports 20%, Business Overview 20%; No ESM automation value ($0); ACV $110k vs $150k pricing sheet benchmark; ESM churned 2024; reinstated 1/1/2026 (+10% price); FirstWon 2023; OPS/GVs down 14.4% / 28%; 1/16/26 Nancy/Guru Agent pitch","CommerceIQ has delivered strong PRA ROI but limited broader adoption.; Britax is under category pressure with increasing Buy Box losses despite ASP growth.; Account health is red due to low engagement and single-threaded relationships.; Major expansion opportunity exists via Agents, automation activation, and international growth.","Britax account summary; Britax QBR deck; Britax EBR 2025; Britax PRA recovery value; Britax $158k recovery; Britax market share performance; Britax vs Graco Amazon; Britax Lost Buy Box increase; Britax ESM automation status; Britax Co-Pilot adoption; Britax red health account; Britax expansion Canada EU; Britax 1/16/26 Agents pitch; Britax ACV pricing comparison; Britax stakeholder Nancy Carrie","CommerceIQ Product Box (defines product packaging and positioning, not account-specific performance); Generic Co-Pilot Sales Deck (broad product pitch, not Britax-specific metrics); RMM or Market Share Second Call Deck (solution-focused, not account health-focused); Competitive Battle Cards (feature-by-feature competitor comparison)","Co-Pilot; Market Share; PRA (Profit Recovery Automation); ESM; Content Agent; Sales Agent; Ally; Guru Agent","Graco","Britax","$158,572 PRA impact FY25; 7.9x ROI; $1.07B sales tracked; Car Seats -8.45% YoY; Strollers -18% YoY; Lost Buy Box +23% YoY; ASP +17.6%; OPS/GVs -14.4% / -28%; ACV $110k vs $150k benchmark","Business Overview Dashboard; Market Share (value and unit share, SKU-level data); Exports; Recommendations; ESM Automations; Shortage Claims Automation; Chargeback Dispute Automation; Buy Box analytics","","FY2025 recap; forward-looking milestones into January 2026","Work In Progress"
"AC Copilot - Competitive Intelligence","https://docs.google.com/presentation/d/1Y4UywKXgAam6FGYGCBJebZPMR2PX-cxajdE8hlIIY14/edit?usp=drivesdk","1Y4UywKXgAam6FGYGCBJebZPMR2PX-cxajdE8hlIIY14","battle-card","Enable sales teams to win competitive deals using structured differentiation and FUD questioning.","This is the AC Copilot - Competitive Intelligence enablement guide - a comprehensive competitive battlecard and FUD-driven positioning document that arms sales teams with side-by-side comparisons, objection-handling questions, and differentiated messaging across CommerceIQ’s Market Share (MS), eCommerce Sales Management (ESM), and Profit Recovery Analytics (PRA) solutions versus competitors such as Stackline, Profitero, CommerceIQ alternatives, Supplypike, Dimetyd, Data Impact, Flywheel, and others.","Use during competitive sales cycles, renewal defenses, displacement campaigns, objection handling around AI, automation, market share accuracy, OOS prediction, profit recovery, or unified platform positioning.","Account Executives, Sales Directors, Competitive Intelligence teams, and Sales Enablement managers","Market Share competitive comparisons; eCommerce Sales Management (ESM) differentiation; Profit Recovery Analytics (PRA) positioning; AI-powered predictive analytics and automation; Out-of-stock (OOS) forecasting and prevention; Sales leakage defense and revenue protection; Dynamic vs fixed categorization models; Content audit and optimization automation; Unified platform vs segmented vendor stack; FUD-based objection handling questions","Beacon & Beacon Pro (launched 2023); Profitero Autopilot via Salsify integration; Shelf Intelligent Content via Vizit and DAM/PIM integrations; Dimetyd Platform profit recovery comparison; Supplypike Platform & Services comparison; Data Impact Amazon Market Share comparison; Atlas market share comparison; Dynamic categorization using thousands of search terms; Fixed categorization via Amazon browse nodes (Stackline reference); Automated detection of suppressed ASINs and Andon Cords; Lost buy box identification and recovery; Vendor Initiated Orders (VIOs) for OOS prevention; Automated multiphase dispute process; Sales leakage defense and profit recovery automations; Item-level analytics with daily prioritized recommendations","CommerceIQ differentiates through AI-driven predictive automation across sales, operations, and profit recovery.; The platform provides a unified single source of truth versus competitors’ segmented or service-based models.; Dynamic categorization and customizable reporting deliver more accurate and actionable market share insights.; Proactive OOS forecasting and automated issue resolution reduce revenue leakage and operational risk.; CIQ positions itself as more proven and automation-led compared to newer or manual competitor features.","CommerceIQ vs Stackline competitive positioning; How to sell against Profitero Autopilot; CommerceIQ vs Supplypike profit recovery; Dimetyd vs CommerceIQ comparison; Beacon Pro vs CommerceIQ ESM; Dynamic categorization vs Amazon browse nodes; How to handle OOS forecasting objections; Sales leakage defense talking points; CommerceIQ unified platform differentiation; Market share data accuracy objections; How to position against Flywheel Retail Operations; CommerceIQ profit recovery automation advantages; Suppressed ASIN automation comparison; Andon Cord revenue loss mitigation; FUD questions for Amazon analytics competitors","ESM Second Call Deck – detailed product walkthrough and demo flow; Market Share Product Box – product definition and packaging overview; RMM or Advertising Decks – focused on retail media capabilities; Pricing Calculator – ROI and financial justification tool","CommerceIQ Market Share; CommerceIQ eCommerce Sales Management (ESM); CommerceIQ Profit Recovery Analytics (PRA); Beacon; Beacon Pro; Profitero Autopilot; Shelf Intelligent Content; Dimetyd Platform; Supplypike Platform & Services; Atlas; Amazon Market Share; Data Impact Amazon Market Share; Discover & Guide; Flywheel Retail Operations; Onespace; Whytespider; Retailer Excellence","Stackline; Profitero; Supplypike; Dimetyd; Data Impact; Flywheel; Onespace; Whytespider; Salsify; Vizit","","Capability comparison scales shown as 0%, 50%, 75%, 100%; Beacon & Beacon Pro launched 2023","Predicted OOS Forecasts & Actions; Vendor Initiated Orders (VIOs); Sales Leakage Defense; Profit Recovery Automations; AI-Powered Predictive Analytics; Automated Multiphase Dispute Process; Dynamic Categorization; Automated Content Completeness Measurement; PIM/DAM Integration; Lost Buy Box Identification; Suppressed ASIN Detection; Andon Cord Monitoring; Item-Level Daily Prioritized Recommendations; Unified Single Source of Truth","","","Active"
"chargeguard by Carbon6 Competitive Overview","https://docs.google.com/document/d/1IRVGj4pNK_gKw2G495ocxfz45DR9oh6h6CagWeZ4hZg/edit?usp=drivesdk","1IRVGj4pNK_gKw2G495ocxfz45DR9oh6h6CagWeZ4hZg","battle-card","Enable sales teams to competitively position CommerceIQ against ChargeGuard (Carbon6).","This is the chargeguard by Carbon6 Competitive Overview – a competitive battle card and positioning guide that analyzes ChargeGuard’s Amazon-focused profit recovery and vendor services offerings, compares them directly to CommerceIQ’s broader eCommerce platform, and outlines winning/losing scenarios, FUD angles, and differentiation talking points for sales teams.","Use during competitive deals involving ChargeGuard/Carbon6, Amazon fee recovery vendors, or when prospects prioritize Vendor Central cost recovery and operational efficiency over broader growth platforms.","CommerceIQ sales representatives, sales engineers, and revenue leaders preparing for competitive deals against ChargeGuard/Carbon6.","ChargeGuard (Carbon6) company overview; ChargeGuard product suite and capabilities; Target audience (Amazon 1P and 3P sellers); CommerceIQ vs ChargeGuard similarities; CommerceIQ vs ChargeGuard differences; Winning and losing areas analysis; FUD strategy and competitive positioning; Scope of services comparison (specialized vs holistic); Automation vs manual dispute handling; Platform integration and multi-channel coverage","ChargeGuard acquired by and now part of Carbon6; Focus on Amazon Vendor Central (1P) fee management and recovery; FBA Reimbursements automation for 3P sellers; 1P Vendor Cost Recovery via fee disputes and corrections; AI-powered Operations & Insights; Advanced Inventory and Demand Planning forecasting; Data Management & Wholesale Sourcing tools; External Traffic and Amazon PPC management; Listing Management & Seller Central Support; CommerceIQ offers retail media management and digital shelf analytics; CommerceIQ provides automated disputes and ticketing vs ChargeGuard’s manual specialist approach; ChargeGuard does not offer Co-op deductions management; ChargeGuard positioned as specialized recovery partner; CommerceIQ positioned as holistic growth and market share platform","ChargeGuard is highly specialized in Amazon fee recovery and vendor services.; CommerceIQ differentiates through a broader, integrated eCommerce growth platform.; Automation and cross-functional integration are key CommerceIQ advantages.; Specialization may appeal to some brands but can be reframed as limited scope.; This battle card provides structured FUD and objection-handling guidance.","CommerceIQ vs ChargeGuard comparison; ChargeGuard Carbon6 competitive overview; ChargeGuard Vendor Central recovery competitor; ChargeGuard FBA reimbursement automation; CommerceIQ vs Carbon6 battle card; Amazon fee recovery competitor analysis; ChargeGuard 1P cost recovery comparison; CommerceIQ automated disputes vs manual recovery; ChargeGuard PPC and listing management capabilities; How to compete against ChargeGuard; ChargeGuard strengths and weaknesses; CommerceIQ FUD strategy vs ChargeGuard; ChargeGuard co-op deductions support; ChargeGuard target audience 1P 3P sellers; CommerceIQ holistic vs specialized recovery positioning","CommerceIQ Product Overview Deck – high-level product capabilities without competitor framing; CommerceIQ Pricing or Packaging Documents – commercial terms and pricing tiers; First Call Deck – discovery-focused introductory presentation; Second Call Deck – deep dive solution presentation without competitor battle structure","ChargeGuard; Carbon6; CommerceIQ","ChargeGuard; Carbon6","","","FBA Reimbursements; 1P Vendor Cost Recovery; Operations & Insights (AI-powered); Inventory/Demand Planning; Data Management & Wholesale Sourcing; External Traffic & Amazon PPC; Listing Management & Seller Central Support; Automated Disputes and Ticketing (CommerceIQ); Retail Media Management (CommerceIQ); Digital Shelf Analytics (CommerceIQ)","","","Active"
"Tinuiti Competitive Battle Card (Updated Dec 23)","https://docs.google.com/presentation/d/11yIo8iI1X2V7s1qDuZki-__d1U9wmAk6wSpafIxiM6s/edit?usp=drivesdk","11yIo8iI1X2V7s1qDuZki-__d1U9wmAk6wSpafIxiM6s","battle-card","Enable sales teams to win competitive deals against Tinuiti.","This is the Tinuiti Competitive Battle Card (Updated Dec 23) - a comprehensive sales enablement battle card that equips CommerceIQ sellers with competitive positioning, FUD (Fear, Uncertainty, Doubt) questions, feature-by-feature comparisons, pricing intelligence, and response strategies to win against Tinuiti in Retail Media Management and broader eCommerce engagements.","Use during competitive deal strategy, when Tinuiti is shortlisted, when asked about incrementality differences, SOV tracking depth, retail data integration, automation capabilities, or agency pricing comparisons.","CommerceIQ sales representatives, account executives, sales leaders, and competitive strategy teams","Competitive overview of Tinuiti; FUD questions for sales conversations; Share of Voice (SOV) comparison; Budget optimization comparison; Incrementality and iROAS differentiation; Retail-aware advertising and inventory integration; Customization and automation capabilities; Pricing intelligence and agency fee model; CommerceIQ value pillars (Connected, Intelligent, Automated); Where Tinuiti plays across channels and retailers","Tinuiti charges 6–9% of ad spend (varies by client size); ≈3.5% fee for ‘Unilever-size’ client; ≈6% fee for ‘Quip-sized’ client; ≈12% fee for ‘Sharktank-sized’ client; 1–3% of OPS on commerce side; CommerceIQ tracks several thousand keywords driving >80% of sales; Tinuiti tracks 25–100 keywords scraped 1x/day; Tinuiti measures % visibility, not weighted SOV; CommerceIQ integrates weighted and item-level SOV into automation; AI-based iROAS (Incremental Return on Ad Spend); Tinuiti relies on TACoS and manual branded keyword testing; Budget optimization by day-of-week and mid-month pacing (CommerceIQ); Manual budget over-indexing during Prime Day (Tinuiti); Retail data integration includes on-hand and open PO inventory; Item-level competitive mapping and elasticity modeling","CommerceIQ positions as automation-first and AI-driven versus Tinuiti’s agency-led model.; Incrementality (iROAS) and retail-aware optimization are major differentiators.; CommerceIQ offers deeper SOV tracking and automation integration than Tinuiti.; Tinuiti’s pricing model is percentage-of-ad-spend and scales by client size.; CommerceIQ emphasizes end-to-end eCommerce management beyond media buying.","CommerceIQ vs Tinuiti comparison; Tinuiti competitive battle card; How does CommerceIQ compare to Tinuiti on incrementality?; Tinuiti pricing model percentage of ad spend; CommerceIQ iROAS vs TACoS; Tinuiti share of voice tracking limitations; Retail-aware advertising comparison Tinuiti; Tinuiti budget pacing capabilities; CommerceIQ automation vs agency model; Tinuiti keyword tracking limits; Prime Day budget optimization comparison; Tinuiti retail media management capabilities; CommerceIQ Transparency Dashboard vs competitors; Tinuiti SOV data accuracy; CommerceIQ competitive positioning against agencies","RMM Second Call Deck – customer-facing detailed product presentation; Commerce Product Box – defines product positioning and packaging; RMM Pricing Calculator – financial modeling tool for ROI and pricing; General Competitive Overview Deck – multi-competitor high-level summary","CommerceIQ; Retail Media Management (RMM); Digital Shelf Optimization; Profit Recovery; Commerce; iROAS (Incremental Return on Ad Spend); Transparency Dashboard","Tinuiti; Skai; MobiusX; Criteo; Citrus","","6–9% of ad spend pricing model; 3.5% fee for large enterprise client; 6% fee for mid-size client; 12% fee for small client; 1–3% of OPS; Tracks >80% of sales-driving keywords; 25–100 keyword tracking limit (Tinuiti); 1x/day keyword scraping frequency; AI-based iROAS metric","Weighted Share of Voice (SOV); Item-level SOV tracking; Full SOV automation integration; AI-based Incrementality (iROAS); Budget pacing and mid-month optimization; Day-of-week budget optimization; Event-based budget over-indexing; Inventory and open PO data integration; Item-level competitive mapping; Elasticity modeling; Custom strategy builder; Profit-aware advertising","","December 2023","Active"
"Why DSO is Different","https://docs.google.com/presentation/d/1D44RGvRsk20aLcbuTO2RvFyn3Pqa1L69SG9yfqxFDAw/edit?usp=drivesdk","","enablement-guide","Centralized DSO differentiation and agent enablement hub","This is the WHY DSO IS DIFFERENT - a comprehensive internal sales enablement hub and positioning guide that centralizes AllyAI / CommerceIQ Digital Shelf Optimization (DSO) messaging, agent training materials (Sales, Shelf, Content, Media), competitive FUD talk tracks, retailer coverage details, feature lists, automation metrics, and go-to-market resources across Amazon, Walmart, and 110+ global markets.","When aligning on DSO positioning, preparing competitive responses, onboarding new sales reps, locating agent training materials, or explaining CommerceIQ’s full-funnel digital shelf + retail media differentiation.","Internal sales, marketing, product, and enablement teams","Digital Shelf Optimization (DSO) differentiation; AllyAI Agents (Sales, Shelf, Content, Media); Internal trainings & certifications (SKO, eTail, 3/19 Sales Cert); Retailer & geographic coverage (Amazon, Walmart, 110 countries); Competitive positioning vs Stackline & Shalion; Automation metrics & proof points; Retail media & bid optimization capabilities; Content optimization for AI-driven search (Rufus, GEO, AEO); Consulting & managed services offerings; Roadmap (Ask AllyAI, GEO Optimization, AEO expansion)","3B+ automations executed; $200M+ deductions recovered; 2,500+ annual FTE hours saved; 6 of the top 10 CPG brands are customers; 110 countries with DSO active; Amazon coverage: US, CA, MX, AU, UK, DE, IT, FR, ES, NL, PL; SKO 2/2–2/5/26 training recordings (Day 1 & 2); 2/23 eTail Customer Meeting – Agent Pitch V3; Sales Agent Certification (3/19); Content Agent Datasheet (PDF); Ask AllyAI (Q1) and Diagnostics (Q1); GEO Optimization (Q2), AEO for Walmart (Q2); FUD vs Stackline weekly data refresh; Optimization for Amazon Rufus & AI-driven experiences; Retailer Copilots (AVC) and Digital Shelf Analytics","CommerceIQ DSO differentiates through automation at scale and AI-driven optimization.; AllyAI Agents unify sales, content, shelf, and media into a single integrated ecosystem.; The platform combines analytics, retail media, content optimization, and deduction recovery.; Competitive positioning emphasizes transparency, real-time data, and proven automation.; Extensive training, certification, and enablement resources support go-to-market execution.","Why is CommerceIQ DSO different from Stackline?; DSO vs Shalion comparison; AllyAI Agents training links; Sales Agent certification 3/19; Content Agent certification recording 2/13; Digital Shelf Optimization capabilities list; CommerceIQ automation metrics 3B automations; How many countries does DSO support?; Ask AllyAI roadmap Q1; GEO Optimization Q2 details; Amazon Rufus content optimization; Retailer Copilots AVC explanation; Deduction automation $200M recovered; Internal SKO 2026 recordings; DSO competitive FUD questions","Sales Agent Product Box – defines packaging, pricing, and positioning for Sales Agent only; Content Agent Second Call Deck – customer-facing deep dive presentation; Media Agent Messaging Framework – focused on retail media positioning only; DSA Battle Cards – competitor-specific comparison sheets","CommerceIQ Digital Shelf Optimization (DSO); AllyAI; Sales Agent; Shelf Agent; Content Agent; Media Agent; Ask AllyAI; Retailer Copilots (AVC)","Stackline; Shalion","","3B+ automations; $200M+ deductions recovered; 2,500+ annual FTE hours saved; 6 of top 10 CPG customers; 110 countries supported","Content Health & Compliance; Search Ranking & Share of Voice; SEO Optimization; AEO Optimization (BETA); GEO Optimization; Bid Optimization; Budget Pacing; Automated Reporting (AskAllyAI); Retail Media Management; Competitive Intelligence; Deduction dispute automation","","","Work In Progress"
"Account Summary Slide - KC Canada.pdf","https://drive.google.com/file/d/1pdmxXjyjQPWEt6jNYQwSDGnQfzBQaavP/view?usp=drivesdk","1pdmxXjyjQPWEt6jNYQwSDGnQfzBQaavP","enablement-guide","Provide an internal snapshot of KC Canada account performance, health, risks, and growth opportunities.","This is the Account Summary Slide - KC Canada - a customer account health and performance snapshot summarizing CommerceIQ’s value delivery, adoption status, product deployment, risks, and strategic opportunities for the K-C Canada (Kimberly-Clark Canada) account. It consolidates ROI metrics, automation impact, user adoption data, contracted products (Co-Pilot Core, ESM, PRA), executive relationships, competitive landscape (Stackline, Pacvue), and 2025 year-to-date performance into a single executive-facing account review format.","Use for QBR/EBR preparation, renewal planning, executive reviews, forecasting discussions, account risk assessment, and upsell strategy sessions.","Account Executives, Customer Success Managers, Sales Leadership, Revenue Operations, and Executive Sponsors","Account health scorecard (Overall, Operations, Adoption, Delivery, Strategy); 2025 Year-to-Date value delivery and ROI; Contracted products and pricing (Co-Pilot Core, ESM, PRA); Automation impact (Profit Recovery, Revenue Leakage Prevention); Adoption metrics and user activity; Executive sponsorship and relationship mapping; Competitive landscape (Stackline, Pacvue); Deployment status of Ally AI, Content Agent, Sales Agent; Operational performance metrics (OPS YoY growth); Account risks and expansion strategy","$148K ARR for 1 Yr Co-Pilot Core ($165K list); $1.5M PRA impact in 2025; $450K ESM automation value (Unavailable SKU primary driver); Up to $6.2M total value YTD cited in delivery section; 14x–23x ROI reported; 5,450+ hours of manual intervention offloaded; OPS up 15.3% YoY; Only 5 active users (below green benchmark); Adoption score: 1.67 (Red); Overall Health score: 7; Operations score: 10 (Green); Strategy score: 9.56 (Green); Ally AI Teammate 1 live as of December 1; Stackline owns market share and reporting; Evaluated Pacvue during vendor selection","CIQ is delivering strong financial ROI but struggling with depth of adoption.; Automation value (PRA + revenue leakage prevention) is the primary proof point.; Stackline poses strategic risk by owning reporting and market share insights.; Expansion opportunity lies in deeper Ally AI, Content Agent, and workflow embedding.; Executive engagement is strong, but usage remains below peer benchmarks.","KC Canada account health; K-C Canada ROI 2025; CommerceIQ value delivered to Kimberly-Clark Canada; KC Canada PRA impact; KC Canada adoption metrics; KC Canada ARR and pricing; KC Canada Stackline risk; KC Canada Pacvue evaluation; Ally AI deployment at KC Canada; KC Canada automation value; KC Canada executive sponsor; KC Canada account risks; KC Canada ESM automation value; KC Canada OPS growth; KC Canada active users","EBR Deck - customer-facing value presentation; Co-Pilot Product Box - defines product positioning and packaging; Pacvue Battle Card - competitive comparison document; Pricing Sheet - standard rate card and packaging document","Co-Pilot Core; ESM; PRA (Profit Recovery Automations); Ally AI Teammate 1; Content Agent; Sales Agent","Stackline; Pacvue; Edge","K-C Canada; Kimberly-Clark Canada; Delta","$148K ARR; $165K list price; $1.5M PRA impact; $450K ESM automation value; $6.2M total value YTD; 14x ROI; 23x ROI; 5,450+ hours saved; 15.3% OPS YoY growth; 5 active users; Adoption score 1.67; Overall Health score 7","Profit Recovery Automations; Revenue Leakage Prevention; Unavailable SKU correction; 3P Variant Removal; Business Overview Dashboard; Custom Reports; SKU Detail Pages; Ally AI Teammate; Out-of-Stock (OOS) automation; Market Share setup","","","Active"
"Dimetyd Battle Card (Updated Dec 23)","https://docs.google.com/presentation/d/1HrSDLMR717Y25Bir8aqUf6xq7o5PvCL2SAahBm9rpsA/edit?usp=drivesdk","1HrSDLMR717Y25Bir8aqUf6xq7o5PvCL2SAahBm9rpsA","battle-card","Enable sales teams to win competitive deals against Dimetyd","This is the Dimetyd Battle Card (Updated Dec 23) - a competitive enablement document that equips CommerceIQ sales teams to position Profit Recovery Automation (PRA) against the Dimetyd Platform, detailing feature-by-feature comparisons across chargebacks, shortages, co-op disputes, price variance, automation depth, pricing models, FUD questions, win/loss positioning, and known customer intelligence.","When Dimetyd is mentioned in a deal, when prospects compare contingency recovery vendors, during objection handling on automation depth, pricing structure, historical audits, or FinOps positioning.","CommerceIQ sales reps, account executives, sales engineers, and revenue leaders handling competitive PRA deals","Dimetyd company overview and positioning; Profit Recovery feature comparison (CIQ vs Dimetyd); Chargebacks automation comparison; Quantity shortages dispute process; Co-op deductions recovery comparison; Price variance analysis capabilities; Automation depth (full vs partial); Pricing models and tiers; FUD questions and objection handling; Win/loss analysis and competitive positioning","Dimetyd charges 30% of recovery (Tier 1 historical lookback); Tier 2: historical + quarterly disputes; Tier 3: ongoing disputes and chargebacks; Historical lookback up to 36 months (3 years); CommerceIQ automated 30-60-90 day disputes; Claimed 90% success rate by Dimetyd; Clients can save up to one FTE with automation; 25% reduction in deductions within first year (CIQ claim); Dimetyd operates in 6 countries; Founded 2021, CEO Rohan Thambrahalli; Acquired by Three Colts; Known clients: Colgate, EltaMD, Puma, Schwinn, Honest Company; Former client Positec now with CommerceIQ; Free audits with 5-day results (Dimetyd positioning); Chargeback categories: Rejected PO Rate, PO On Time, ASIN accuracy","CommerceIQ positions full automation and prevention vs Dimetyd’s partial automation and historical focus.; Dimetyd competes primarily on contingency pricing and deep historical lookbacks.; CommerceIQ differentiates on real-time automation, custom reporting, root cause prevention, and broader recovery coverage.","Dimetyd vs CommerceIQ; Dimetyd battle card; Dimetyd profit recovery comparison; Dimetyd pricing 30% recovery; Dimetyd historical lookback 36 months; CommerceIQ vs Dimetyd automation; Dimetyd chargebacks automation; Dimetyd co-op dispute recovery; Dimetyd FinOps positioning; Dimetyd known customers; Dimetyd free audit 5 days; Dimetyd shortage dispute process; Dimetyd tiered pricing model; Dimetyd acquisition Three Colts; Dimetyd success rate 90%","PRA Product Deck – broader product overview without competitive comparison; PRA First Call Deck – high-level introduction to Profit Recovery Automation; Customer Case Study Library – proof points and success stories; Pricing Calculator – internal financial modeling tool","CommerceIQ Profit Recovery Automation (PRA); Dimetyd Platform – Profit Recovery","Dimetyd","Colgate; EltaMD; Puma; Schwinn; Honest Company; Positec","30% of recovery pricing model; Historical lookback up to 36 months; 30-60-90 day automated disputes; 90% success rate (claimed); 25% reduction in deductions within first year; Savings up to one FTE; Free audit results in 5 days","Automated 30-60-90 day dispute engine; Root cause identification dashboard; Shortage control center dashboard; Custom reporting and strategy builder; Transparency dashboard; SKU-level price variance analysis; Co-op deduction automation; Chargeback category tracking","Updated Dec 23","December 2023","Active"
"Account Summary Slide - ABI.pdf","https://drive.google.com/file/d/1XvpvrN7_kADqYFe47ylnJR3F-om2TU1V/view?usp=drivesdk","1XvpvrN7_kADqYFe47ylnJR3F-om2TU1V","enablement-guide","Provide a strategic executive snapshot of the ABI account for renewal, expansion, and risk management.","This is the Account Summary Slide - ABI.pdf - a customer-specific executive account summary presentation outlining 2025 performance results, strategic initiatives, account risks, renewal status, expansion opportunities, and relationship mapping for AB InBev (ABI) across US and Canada, focused on Digital Shelf Analytics (DSA), Content Agent, and Retail Media Management (RMM).","Use during ABI renewal prep, executive business reviews, leadership briefings, account planning sessions, competitive defense against Profitero, and RMM or Content Agent expansion discussions.","Account Executives, Customer Success Managers, Sales Leadership, and Executive Sponsors managing the ABI account.","2025 performance results (Content & Search score improvements); Custom search scorecards & Digital Shelf reporting; DSA product footprint (US & Canada); RMM expansion discussions and competitive landscape; Content Agent & Agentic AI opportunity positioning; Account risks (banners, scraping, Salsify connectivity); Stakeholder mapping & executive sponsorship; Adoption and usage analysis; Renewal & 2-year contract context; 2026 strategic priorities (AI-driven acceleration)","8 custom search scorecards delivered monthly & quarterly; Monthly eCommerce insights reporting for Canada; 19% increase in Content Scores (Jan–Dec 2025); 8% increase in Search Scores (Jan–Dec 2025); DSA live in 2 markets (US & Canada); Ally™ 1 live across DSA; RMM discussions stalled in Canada due to budget holder departure; Profitero required by ABI global agency for RMM; Salsify PIM connectivity issues in US & Canada; Banner scraping limitations (login-protected marketplace pages, checkout page visibility); Deprecated search term issues in US; Small operational teams (US: 4 people, Canada: 2 people); Canada team turnover leaving 1 new joiner; Quarterly EBR cadence (US & Canada separate); 2-year renewal (historically 1-year contracts)","ABI saw measurable Digital Shelf performance gains in 2025 (Content +19%, Search +8%).; Account is stable but exposed to risk from banner capture issues, PIM connectivity, and competitive pressure from Profitero.; Significant expansion opportunity exists for Content Agent and RMM if executive engagement increases.; Relationship strategy must focus on Jessica (budget holder) and Karen (executive visibility).; 2026 strategy centers on AI-driven acceleration and deeper alignment to share-of-shelf metrics.","ABI account summary; AB InBev DSA performance 2025; ABI content score increase; ABI search score improvement; ABI RMM expansion status; Profitero competition ABI; ABI Salsify connectivity issues; ABI banner scraping issues; Jessica Menis CIQ account; Karen Renner eCommerce ABI; ABI 2-year renewal CIQ; ABI Canada eCommerce reporting; Custom search scorecards ABI; ABI executive business review summary; ABI account risks 2026","RMM Second Call Deck – product capability deep dive for prospects; Content Agent Product Box – defines positioning, features, and pricing; DSA Battle Card – competitive comparison snapshot; External ABI Case Study – customer-facing success story document","Digital Shelf Analytics (DSA); Retail Media Management (RMM); Content Agent; Ally™ 1; Sales Agent","Profitero; Salsify","AB InBev (ABI)","19% increase in Content Scores (Jan–Dec 2025); 8% increase in Search Scores (Jan–Dec 2025); 8 custom search scorecards delivered; Monthly eCommerce insights reporting (Canada); DSA deployed in 2 markets","Custom retailer-specific search scorecards; Digital Shelf metrics integration; Share of shelf vs. market share tracking; Banner monitoring & scraping; Search term tracking; Salsify PIM connectivity; AI-driven acceleration strategy; Agentic AI / AEO positioning","","","Active"
"CommerceIQ-Quarterly-Industry-Trends-2025-Q1-report-April-2025-va","https://docs.google.com/presentation/d/1iy4dRWKUOY-97vb00f9hDXszQ74XBQkreNICPMD5JBw/edit?usp=drivesdk","1iy4dRWKUOY-97vb00f9hDXszQ74XBQkreNICPMD5JBw","enablement-guide","Provide data-driven Q1 2025 ecommerce benchmarks and category insights for sales and executive conversations.","This is the CommerceIQ-Quarterly-Industry-Trends-2025-Q1-report-April-2025-va - a comprehensive Q1 2025 ecommerce industry performance report leveraging aggregated internal data from CommerceIQ’s REM Platform (October 2023 to March 2025) to analyze ad spend, ROAS, CPC, out-of-stock (OOS) impact, inventory levels, pricing, traffic, margins, and sales performance across major Amazon categories including Baby Products, Office Products, Patio, Lawn & Garden, Electronics, Grocery, Health & Personal Care, Home & Kitchen, Toys, Furniture, Pet Products, Beauty, and Tools & Home.","Use in QBRs, executive briefings, prospecting conversations, industry trend discussions, and when positioning CommerceIQ as a data authority on Amazon performance.","Sales teams, customer success managers, marketing, retail media strategists, and executive leadership engaging Amazon brands and retailers.","Total industry ecommerce performance in Q1 2025; Ad Spend, ROAS, and CPC trends; Revenue loss due to Out-of-Stocks (OOS) and RepOOS%; On-hand inventory trends by category; Traffic (Glance Views) and order volume trends; Margins (OPS vs. Unit Margin %) analysis; Pricing and discount rate trends; Category-specific performance deep dives; YoY comparisons (Q1 2024 vs Q1 2025); Impact of tentpole and peak events on performance","ROAS declined YoY despite increased ad spend; Dollars lost due to OOS increased 2.5% YoY in Q1; RepOOS% moved down from 4.1% Prime Day peak toward Amazon’s 2% benchmark; Unit margins declined approximately 7% across multiple categories; Office Products OOS revenue loss declined 25% YoY; Home & Kitchen OOS revenue losses surged 43% YoY; Furniture OOS revenue loss increased 192% YoY in March; Health & Personal Care ad spend up 10% YoY with 30% ROAS decline (March YoY); Beauty order volume increased 40% YoY; traffic up 14%; Pet Products inventory increased 31% YoY (18-month high); Patio, Lawn & Garden inventory rose 16% YoY; Tools & Home revenue lost due to OOS declined 32%; Grocery ASP fell 5% YoY with increased discount rate; Home & Kitchen ad spend increased 25% YoY; ROAS improved 2.5% in March; Tools & Home sales grew 1.6% YoY with margins near 18-month highs","Profitability pressure persists in Q1 2025, with declining ROAS and margin compression across many categories.; Out-of-stock performance is highly category-dependent, with some categories improving (Office, Tools) while others see sharp spikes (Furniture, Home & Kitchen).; Ad investment continues to rise in several categories despite mixed ROAS outcomes.; Inventory positions are strengthening in categories like Pet and Patio, but OOS risk remains a revenue driver.; Traffic and order growth remain strong in select categories such as Beauty.","CommerceIQ Q1 2025 industry trends report; State of ecommerce Q1 2025 Amazon data; ROAS trends Q1 2025 YoY; Amazon OOS revenue loss benchmarks 2025; RepOOS% benchmark Amazon 2%; Category performance Amazon Q1 2025; Home & Kitchen OOS surge 2025; Beauty order growth YoY 2025; Health & Personal Care ROAS decline March 2025; Tools & Home margin improvement 2025; Pet Products inventory 18-month high; Office Products OOS improvement 2025; Amazon CPC trends Q1 2025; Ecommerce margin trends Q1 2025; CommerceIQ REM Platform industry data","CommerceIQ Product Deck – focuses on platform features and capabilities rather than industry benchmarks.; CommerceIQ Pricing Guide – outlines pricing tiers and packaging, not performance data.; Customer Case Study Library – contains specific brand success stories rather than aggregated industry insights.; RMM Sales Deck – focuses on selling retail media management services, not macro industry analysis.","CommerceIQ REM Platform","","","ROAS declined YoY; Ad spend increased up to 25% YoY in some categories; CPC trends contributing to ROAS pressure; 2.5% YoY increase in dollars lost due to OOS (total industry); RepOOS% peak at 4.1% vs 2% benchmark; Unit margins declined ~7% in multiple categories; Office Products OOS revenue loss down 25% YoY; Home & Kitchen OOS revenue loss up 43% YoY; Furniture OOS revenue loss up 192% YoY (March); Beauty order volume up 40% YoY; Pet Products inventory up 31% YoY; Tools & Home OOS revenue loss down 32%","AD SPEND | ROAS | CPC analysis; Revenue Loss Due to OOS tracking; RepOOS% benchmark comparison; On Hand Inventory analysis; Glance Views (traffic) reporting; OPS vs. Unit Margin % tracking; Price Level vs. Discount % comparison; Q1 YoY category recaps","","April 2025","Active"
"Henkel: Winning the next wave of search: How generative AI is reshaping retail","https://docs.google.com/document/d/1yUxycedNputTb3wHDuQF25sRt4FxqN1WG-nQe0TOKnE/edit?usp=drivesdk","1yUxycedNputTb3wHDuQF25sRt4FxqN1WG-nQe0TOKnE","enablement-guide","Position CommerceIQ as the strategic partner for winning in generative AI-driven retail search (GEO).","This is the Henkel: Winning the Next Wave of Search – How Generative AI is Reshaping Retail – a strategic sales enablement deck outlining how generative engine optimization (GEO) is transforming ecommerce discovery and how CommerceIQ’s Digital Shelf Optimization (DSO), Retail Media Management (RMM), AllyAI, and AI Outcomes Manager help Henkel win in AI-driven retail environments. The document explains the shift from traditional SEO to agentic search, details retailer-specific AI strategies (Amazon Rufus vs. open LLM ecosystems), and provides 9 GEO-focused principles to drive AI visibility, review authority, content readiness, and unified paid/organic performance.","Use in executive strategy meetings, digital transformation discussions, GEO education sessions, or when positioning CommerceIQ’s DSO, RMM, and AllyAI as a unified solution for AI-driven commerce.","Enterprise sales teams, ecommerce leaders, retail media managers, and digital commerce executives at Henkel or similar CPG brands","Shift from traditional SEO to Generative Engine Optimization (GEO); Old shopper journey vs. new agentic AI-driven path; Retailer AI ecosystem divergence (Amazon Rufus vs open LLMs); Digital Shelf Optimization (DSO) for AI readiness; Retail Media Management (RMM) and paid/organic convergence; AllyAI Media Teammate and real-time iROAS optimization; Ratings & reviews as AI trust signals; 9 GEO-focused principles for brands; Content strategy: conversational SEO and intent-driven copy; Measurement and AI Outcomes management","Adobe statistic: Generative AI-powered shopping up 4,700%; New journey: Need > Ask > Answer > Purchase; Old journey: Need > Awareness > Search > Browse > Compare > Purchase; Persil Non Bio detergent used as example; LLMs show only a handful of product recommendations; Amazon Rufus described as proprietary closed-loop LLM; Open AI/Shopify ecosystem relies on broad syndication and schema; AllyAI makes thousands of bid and budget decisions daily; AllyAI analyzes 50+ data signals; Integration between DSO and PIM systems; Schema markup and SKU attribute completeness required; Hyper-relevance and personalization emphasized; Unified paid and organic visibility across retail channels; Review monitoring flags low volume, negative sentiment, unanswered Q&A; Emerging direct checkout experiences (e.g., Shop with Rufus)","AI-driven search drastically reduces visible SKUs and increases importance of structured data and reviews.; Brands must optimize differently for closed ecosystems like Amazon and open LLM environments.; Paid and organic search are converging in AI recommendation environments.; Reviews and sentiment directly influence AI recommendation visibility.; CommerceIQ provides an end-to-end GEO readiness solution spanning content, media, and measurement.","Henkel generative AI retail strategy deck; What is GEO generative engine optimization?; How is Amazon Rufus changing ecommerce?; CommerceIQ GEO strategy presentation; AI-driven retail search enablement; Old vs new shopper journey AI search; How reviews impact LLM recommendations; Digital Shelf Optimization for generative AI; AllyAI iROAS optimization explanation; Paid and organic convergence in AI search; Henkel AI search transformation; 4700% generative AI shopping Adobe stat; Conversational SEO for ecommerce brands; CommerceIQ strategy for AI retail; Agentic media optimization retail","RMM Second Call Deck – detailed advertising capabilities and pricing discussion; CommerceIQ Product Box – formal product definition and packaging; Competitive Battle Cards (Pacvue, Skai) – side-by-side competitor comparisons; DSO Datasheet – feature-level product specification sheet","CommerceIQ Digital Shelf Optimization (DSO); Retail Media Management (RMM); AllyAI Media Teammate; AI Outcomes Manager; Amazon Rufus","OpenAI; Shopify","Henkel; Persil","Generative AI-powered shopping up 4,700% (Adobe); AllyAI analyzes 50+ data signals; Thousands of bid and budget decisions daily","PIM integration for data validation; Schema markup and rich metadata enforcement; Review sentiment monitoring and automation; Competitive benchmarking for reviews; Unified paid and organic performance tracking; Real-time iROAS optimization; Agentic bid and budget allocation; Conversational SEO content optimization","","","Active"
"RMM First Call Deck ","https://docs.google.com/presentation/d/1Y_Rpyro9KsB0Av8fuoIMDearwUaFOz9FFYbz-8vbg-I/edit?usp=drivesdk","","first-call-deck","Introduce AllyAI RMM and Agent ecosystem in first customer meeting","This is the RMM First Call Deck - a comprehensive first-meeting sales presentation and enablement hub covering AllyAI’s Retail Media Management (RMM) and Agent ecosystem (Sales Agent, Shelf Agent, Content Agent, Media Agent), including training recordings, certification materials, messaging frameworks, product boxes, demo links, FUD talk tracks, competitive positioning vs Stackline and Shalion, retailer/geography coverage (Amazon, Walmart, 110 countries), automation metrics (3B+ automations, $200M+ deductions recovered), and cross-functional value for Brand, Sales, Shopper Marketing, Supply Chain, and Finance teams.","Use in initial discovery or first sales call to present AllyAI’s high-level capabilities, automation proof points, retailer coverage, and competitive differentiation before moving to product-specific deep dives.","Sales reps, sales engineers, marketing, and product teams preparing for first customer meetings","AllyAI Agent Ecosystem Overview (Sales, Shelf, Content, Media); Retail Media Management capabilities; Digital Shelf Analytics & Content Optimization; Automation, Reporting & AskAllyAI; Retailer & Geographic Coverage; Competitive Positioning & FUD (Stackline, Shalion); Consulting & Managed Services; Training, Certification & Internal Enablement Assets; Roadmap (Q1/Q2 features); Cross-functional value (Brand, Sales, Finance, Supply Chain)","3B+ automations; $200M+ deductions recovered; 2,500+ annual FTE hours saved; 6 of top 10 CPGs are customers; 110 countries with DSO active; Amazon geos: US, CA, MX, AU, UK, DE, IT, FR, ES, NL, PL, Pan EU BO view; Ask AllyAI (Q1) and Diagnostics (Q1); GEO Optimization (Q2); AEO Optimization BETA; Content optimization for Amazon Rufus and GEO; Sales Agent Certification (3/19); SKO 2026 Training Day 1 & 2 recordings; Competitive FUD vs Stackline weekly data updates; Shalion geolocation not unique; Retail Media features: bid optimization, budget pacing, metric selection","AllyAI unifies media, digital shelf, sales, and content into an AI-driven agent ecosystem.; The platform emphasizes automation at scale with measurable operational and financial impact.; Differentiation centers on AI-driven optimization (Rufus, GEO, AEO) and data transparency vs competitors.; Extensive global retailer and country coverage supports multinational brands.; The deck serves as both a customer-facing first-call narrative and an internal enablement hub.","RMM First Call Deck; AllyAI overview presentation; Retail Media Management first meeting slides; Sales Agent Shelf Agent Content Agent overview; AllyAI competitive positioning vs Stackline; Digital Shelf Analytics overview deck; Ask AllyAI roadmap Q1 Q2; AllyAI automation metrics 3B automations; AllyAI retailer coverage 110 countries; Content Agent first call certification recording; RMM capabilities summary; AllyAI FUD questions Stackline; Retail media bid optimization overview; AllyAI consulting services overview; Agent Product Hub links and training","RMM Second Call Deck – deeper feature walkthrough and pricing discussion; Sales Agent Product Box – formal product definition and packaging for Sales Agent only; Content Agent Datasheet – short external-facing summary; Sales Agent Certification Deck – internal training only; Media Agent Product Box – detailed scope of media services","AllyAI; Sales Agent; Shelf Agent; Content Agent; Media Agent; Retail Media Management; Digital Shelf Analytics; AskAllyAI; Retailer Copilots (AVC)","Stackline; Shalion","","3B+ automations; $200M+ deductions recovered; 2,500+ annual FTE hours saved; 6 of top 10 CPGs as customers; 110 countries supported","Bid optimization; Budget pacing; Metric selection; Content compliance; SEO Optimization; AEO Optimization (BETA); Automated Reporting; Market Share Analytics; Competitive Intelligence; Content Syndication","","","Work In Progress"
"SupplyPike Competitive Battle Card WIP (Updated Oct 2025)","https://docs.google.com/presentation/d/1MDn7_khrcZmWA84Vr_rP4H-pWsyWZJxcqpWDOBRaL1o/edit?usp=drivesdk","1MDn7_khrcZmWA84Vr_rP4H-pWsyWZJxcqpWDOBRaL1o","battle-card","Enable sales teams to win competitive deals against SupplyPike","This is the SupplyPike Competitive Battle Card WIP (Updated Oct 2025) - a competitive enablement battle card that equips CommerceIQ sales teams to position CIQ’s AI-powered Profit Recovery Automation against SupplyPike, including company background, win/loss analysis, pricing comparisons, objection handling, FUD questions, and differentiated messaging around predictive prevention, unified commerce intelligence, and end-to-end automation.","When a prospect mentions SupplyPike, during RFP preparation, handling flat-fee pricing objections, or preparing competitive positioning for Profit Recovery Automation deals","CommerceIQ sales representatives, account executives, sales engineers, and revenue leaders preparing for competitive deals against SupplyPike","SupplyPike company overview and acquisition details; Competitive positioning vs CommerceIQ; Why we win vs Why we lose analysis; Pricing comparison (flat fee vs value-based); AI-powered automation and predictive prevention; Unified commerce platform differentiation; Retailer coverage and brand scale; FUD questions and objection handling; Known competitive losses and clients; Core solutions overlap (PRA / Revenue Recovery)","SupplyPike acquired for $206M by SPS Commerce in August 2024; Founded in 2018; $25M Series B in 2022; 400+ suppliers served; Clients lost in RFP: Hamilton Beach Brands Inc., TTI Floorcare; Flat annual fee pricing, some quotes as low as $800/month; Stated ROAS of 25–38X; CommerceIQ reduces deductions by up to 30% over time; 3x faster dispute resolution; 40% higher success rates through intelligent automation; AI teammates handle 100% of shortage disputes; 2,200+ brands in CIQ data network; Coverage across 1,450+ retailers; 4-day data integration (SupplyPike ease of use claim); Strong carrier integration and automatic document retrieval (SupplyPike strength)","CommerceIQ differentiates on predictive prevention and unified commerce intelligence, not just recovery.; SupplyPike competes aggressively on flat pricing, retailer specialization, and simplicity.; CIQ’s AI automation claims measurable performance advantages (3x faster, 40% higher success rates).; The strategic narrative shifts the conversation from reactive recovery to proactive profit optimization.","SupplyPike vs CommerceIQ; CommerceIQ competitive battle card SupplyPike; How to compete against SupplyPike; SupplyPike pricing comparison; SupplyPike flat fee $800 per month; CommerceIQ predictive prevention 30%; 3x faster dispute resolution CommerceIQ; 40% higher success rates intelligent automation; SupplyPike acquisition SPS Commerce $206M; Hamilton Beach RFP loss SupplyPike; TTI Floorcare SupplyPike competition; Profit Recovery Automation competitor comparison; SupplyPike strengths and weaknesses; CommerceIQ unified commerce vs standalone PRA; FUD questions against SupplyPike","Profit Recovery Automation Datasheet – feature-focused, not competitor-focused; RMM Second Call Deck – broader retail media capabilities and implementation detail; CommerceIQ Pricing Calculator – ROI modeling tool without competitive messaging; General Competitive Overview Deck – multi-competitor summary rather than SupplyPike-specific","CommerceIQ AI-powered Profit Recovery Automation; Unified Commerce Intelligence; Revenue Recovery; Predictive Prevention","SupplyPike; SPS Commerce","Hamilton Beach Brands Inc.; TTI Floorcare","Acquired for $206M; $25M Series B; 400+ suppliers; $800/month pricing example; 25–38X ROAS; Reduce deductions by up to 30%; 3x faster dispute resolution; 40% higher success rates; 2,200+ brands; 1,450+ retailers; 4-day data integration","AI teammates for automated dispute handling; End-to-end profit recovery lifecycle automation; Predictive analytics for deduction prevention; Unified connection to sales, media, and shelf data; Retailer-specific portal expertise (SupplyPike); Carrier integration and automatic document retrieval (SupplyPike)","","October 2025","Work In Progress"
"AI Goal Optimizer Media Agent Sell Sheet June 2025","https://drive.google.com/file/d/1YmUoZAs9usjPyYIv1WgLSBUGXdeF56K0/view?usp=drivesdk","1YmUoZAs9usjPyYIv1WgLSBUGXdeF56K0","one-pager","To communicate the value and proven impact of AI Goal Optimizer in a concise, customer-ready format.","This is the AI Goal Optimizer Media Agent Sell Sheet June 2025 - a customer-facing one-pager that introduces CommerceIQ’s AI Goal Optimizer powered by AllyAI Media Teammate, outlining its AI-driven budget reallocation, multi-goal optimization (iROAS, ROAS, SOV), incrementality focus, and proven performance metrics including +75.6% and +88.7% growth improvements, -38.4% CPC reduction, +57.9% impression growth, up to 40% more clicks, and 77.1% time savings in campaign management.","Use in first or second sales meetings, follow-up emails after product overviews, when sharing a one-pager on AI-driven retail media optimization, or when prospects ask for proof of iROAS and incrementality performance.","Sales representatives, account executives, and retail media strategists sharing CommerceIQ’s AI advertising capabilities with brand marketing and eCommerce leaders.","AI Goal Optimizer overview; AllyAI Media Teammate AI agent; Multi-goal optimization (ROAS, iROAS, SOV); Incrementality and net-new revenue focus; Real-time budget reallocation and bid adjustments; Campaign automation and custom pacing; Performance metrics and proven impact; Customer testimonial (Pilgrim’s Pride); CPC, impressions, and clicks performance gains","Optimizes for ROAS, iROAS (incremental ROAS), and SOV; Powered by AllyAI Media Teammate; Uses deep learning across 50+ data points; +75.6% and +88.7% average growth improvements; -38.4% average CPC reduction; +57.9% average increase in impressions; Up to 40% increase in clicks; 77.1% time savings in day-to-day campaign management; Dynamic budget reallocation across campaigns; Real-time bid adjustments; Custom pacing, goals, and automation rules; Prevention of organic sales cannibalization; Customer quote from Aaron Conkey at Pilgrim’s Pride; Positioned as industry’s first AI-driven incremental revenue optimizer","AI Goal Optimizer prioritizes incremental revenue (iROAS) over vanity metrics.; The platform dynamically reallocates budgets and bids in real time using AI.; Brands can achieve significant CPC reductions while increasing impressions and clicks.; AllyAI Media Teammate drives measurable efficiency and time savings.; Proven customer validation supports performance claims.","AI Goal Optimizer one pager; AllyAI Media Teammate sell sheet; CommerceIQ iROAS optimization overview; incremental ROAS advertising solution; retail media AI budget reallocation; prevent organic sales cannibalization ads; Pilgrim’s Pride CommerceIQ case quote; AI media agent June 2025 sell sheet; multi-goal optimization ROAS SOV; CPC reduction AI advertising example; increase impressions and clicks with AI; CommerceIQ share of voice optimization; 77% time savings campaign management; AI retail media incrementality solution","AI Goal Optimizer Second Call Deck – deeper feature walkthrough, pricing, and implementation details; CommerceIQ Media Agent Training Deck – internal enablement for sales teams; Retail Media Management (RMM) Deck – broader platform overview beyond Goal Optimizer; Case Study Library – detailed multi-page customer success breakdowns","AI Goal Optimizer; AllyAI Media Teammate; Updated Campaign Optimizer","","Pilgrim’s Pride; Aaron Conkey","+75.6% average growth improvement; +88.7% average growth improvement; -38.4% average CPC reduction; +57.9% average increase in impressions; Up to 40% increase in clicks; 77.1% time savings in campaign management","Multi-goal selection (ROAS, iROAS, SOV); Dynamic budget reallocation; Real-time bid adjustments; AI-powered incrementality optimization; Deep learning across 50+ data points; Custom pacing and automation rules; Organic sales cannibalization prevention","","June 2025","Active"
"Pacvue Competitive Battle Card (Updated Sept 24)","https://docs.google.com/presentation/d/1VA967qiUDFUC69AXPFGOcQ0B85KBK5d3o5rb0W9BCAA/edit?usp=drivesdk","","battle-card","Equip sales teams to win competitive deals against Pacvue and similar platforms","This is the Pacvue Competitive Battle Card (Updated Sept 24) – a comprehensive internal sales enablement battle card compiling competitive positioning, FUD questions, product comparisons (especially Digital Shelf Analytics), AllyAI Agent messaging, training resources, feature matrices, and proof points used to position CommerceIQ/AllyAI against Pacvue, Stackline, Shalion, and other digital commerce platforms.","Use during competitive sales cycles, objection handling against Pacvue/Stackline/Shalion, preparing for second calls, or when crafting differentiation messaging around DSA, automation, and AI optimization.","Account Executives, Sales Leaders, Solutions Consultants, Sales Enablement, and Competitive Intelligence teams","Pacvue and competitive positioning strategy; FUD and objection-handling questions; Digital Shelf Analytics (DSA) comparison; AllyAI Agent ecosystem (Sales, Shelf, Content, Media); Retailer and geographic coverage; Automation, reporting, and optimization capabilities; Proof points and performance metrics; Training, certification, and enablement resources; Roadmap items (Ask AllyAI, GEO, AEO); Consulting and managed services","3+ billion automations executed; $200+ million in deductions recovered; 2,500+ annual FTE hours saved; 6 of the top 10 CPG are CommerceIQ customers; Amazon GEO coverage: US, CA, MX, UK, DE, IT, FR, ES, AU, NL, PL, Pan EU; 110 countries supported via DSO product; FUD on Stackline weekly data updates; FUD on unproven automations for OOS prevention; Real-time bid optimization positioning; Amazon Rufus and GEO optimization differentiation; Ask AllyAI (Q1) and Diagnostics (Q1); AEO Optimization BETA; Retail Media Tracker and budget pacing; Content Health and Compliance monitoring; Digital Shelf Analytics and Retailer Copilots (AVC)","CommerceIQ/AllyAI differentiates on real-time automation, transparency, and AI-driven optimization.; Legacy digital shelf tools relying on static SEO rules are positioned as outdated vs AI-native optimization.; The platform combines media, content, sales, supply chain, and deductions into a unified commerce engine.; Strong proof points (automation scale, deduction recovery, FTE savings) support competitive claims.; Structured FUD questions are central to competitive displacement strategy.","Pacvue competitive battle card; CommerceIQ vs Pacvue comparison; AllyAI vs Stackline objections; Digital Shelf Analytics competitive positioning; FUD questions for Stackline; How to compete with Pacvue; CommerceIQ automation proof points; AllyAI Content Agent differentiation; Real-time bid optimization vs competitors; CommerceIQ deduction recovery stats; DSA comparison Shalion; Amazon Rufus optimization positioning; Ask AllyAI roadmap Q1; Retailer coverage 110 countries DSO; Sales Agent FTE savings metrics","Sales Agent Product Box – defines Sales Agent features, pricing, and positioning only; AllyAI Content Agent Datasheet – customer-facing one-pager; RMM or Media Agent Second Call Deck – full presentation for customers; Internal SKO Training Decks – onboarding and certification materials","AllyAI; Sales Agent; Shelf Agent; Content Agent; Media Agent; Ask AllyAI; Retailer Copilots (AVC); Digital Shelf Analytics; Retail Media Tracker; AEO Optimization","Pacvue; Stackline; Shalion","","3+ billion automations; $200+ million deductions recovered; 2,500+ annual FTE hours saved; 6 of top 10 CPG customers; 110 countries DSO coverage","Real-time bid optimization; Automated reporting and alerts; Content Health and Compliance; Search Ranking and Share of Voice; Budget pacing; Bid optimization; Dispute management automation; Market share analytics; Retail media campaign tracking; AI-driven GEO/AEO optimization","","September 2024 (Updated Sept 24)","Active"
"First Call Deck - Agentic Commerce","https://docs.google.com/presentation/d/1OTAKoxgOvSILDwYb6ev6mzJoVm9EBH8eePk3XL5v_mE/edit?usp=drivesdk","","first-call-deck","Introduce and position the full Agentic Commerce platform in first customer meetings","This is the FIRST CALL DECK - AGENTIC COMMERCE - a comprehensive sales enablement and introductory presentation for AllyAI’s Agentic Commerce suite (Sales Agent, Shelf Agent, Content Agent, and Media Agent), including training links, certification resources, messaging frameworks, FUD talk tracks, product assets, retailer coverage, geographic availability, services overview, and proof points such as 3B+ automations, $200M+ deductions recovered, and 2,500+ annual FTE hours saved.","Use in initial prospect meetings, executive overviews, cross-agent platform introductions, competitive positioning discussions, and when aligning internal teams on Agentic Commerce narrative.","Sales executives, account executives, solutions consultants, sales leadership, and cross-functional GTM teams","Agentic Commerce platform overview; AllyAI Sales, Shelf, Content, and Media Agents; Retailer and geographic coverage; Training, certification, and enablement assets; Digital Shelf Analytics and Retail Media Management; Automation, reporting, and AI optimization; Competitive positioning and FUD talk tracks; Consulting and managed services; Roadmap (Ask AllyAI, GEO, AEO); Business impact and proof points","3B+ automations; $200+ million deductions recovered; 2,500+ annual FTE hours saved; 6 of the top 10 CPGs are CommerceIQ customers; Amazon geo coverage: US, Canada, Mexico, Australia, UK, Germany, Italy, France, Spain, Netherlands, Poland; 110 countries supported for DSO; SKO 2/2–2/5 with Day 1 and Day 2 recordings; 2/13 Content Agent certification training recording; Ask AllyAI (Q1) and Ask AllyAI Diagnostics (Q1); GEO Optimization Q2; AEO for Walmart and others Q2; Stackline weekly data update critique; Shalion Digital Shelf comparison reference; AI-driven optimization for Amazon Rufus; Bid optimization and budget pacing features; Automated reporting: Brand, Retailer, Country Insights","Agentic Commerce unifies sales, shelf, content, and media into one AI-driven platform.; AllyAI Agents automate execution at scale and drive measurable efficiency gains.; The platform differentiates through transparency, real-time optimization, and AI-native content strategy.; Extensive global retailer and geo coverage supports multinational brands.; Strong enablement infrastructure exists for sales training and certification.","Agentic Commerce first call deck; AllyAI Agents overview presentation; Sales Shelf Content Media Agent intro deck; CommerceIQ first meeting presentation; Agentic Commerce retailer coverage; Ask AllyAI roadmap Q1 Q2; Stackline competitive positioning FUD; Shalion Digital Shelf comparison; AllyAI automation proof points 3B automations; Content Agent Amazon Rufus optimization; Retail Media and Digital Shelf integrated solution; Agent certification training links SKO 2026; CommerceIQ deductions recovered $200M; AllyAI geo coverage 110 countries","Sales Agent 2nd Call Deck – deeper feature walkthrough for follow-up meetings; Product Box documents – define packaging, pricing, and feature sets per agent; Messaging Framework documents – structured narrative and positioning guide; Datasheets – condensed one-page feature summaries; Certification & Training Decks – internal onboarding materials","AllyAI; Sales Agent; Shelf Agent; Content Agent; Media Agent; Ask AllyAI; Ask AllyAI Diagnostics; Digital Shelf Analytics; Retail Media Management","Stackline; Shalion","","3B+ automations; 6 of the top 10 CPGs as customers; $200+ million deductions recovered; 2,500+ annual FTE hours saved; 110 countries DSO coverage","Automated Reporting; Content Compliance; SEO Optimization; AEO Optimization (BETA); Bid Optimization; Budget Pacing; Retail Media Tracker; Competitive Intelligence; Market Share Analytics; Content Syndication; Dispute Management Automation","","","Work In Progress"
"Product Box: Content Agent","https://docs.google.com/document/d/1fOQ1xZG1lxsJ-lhCAXnWBFYNh4FsELJB_fcEMCOdRmU/edit?usp=drivesdk","1fOQ1xZG1lxsJ-lhCAXnWBFYNh4FsELJB_fcEMCOdRmU","product-box","Define and position the AllyAI Content Agent product for sales and solution enablement.","This is the Product Box: Content Agent – a comprehensive sales enablement document defining CommerceIQ’s AllyAI Content Agent, including its AI-driven content optimization capabilities (Content Compliance, SEO, AEO, GEO), retailer-specific guideline enforcement (Amazon, Walmart), PIM integrations (Salsify, Stibo, Procat), autopilot vs co-pilot modes, agency service extensions, system requirements, supported geographies (110 countries), performance guarantees (90%+ PIM compliance), and Early Access pricing structure.","Use during product qualification, solution scoping, PIM integration discussions, retailer publishing capability questions, AI search/AEO positioning conversations, and when clarifying compliance guarantees or Early Access structure.","Sales, FDEs, Solutions Consultants, Product Marketing, and Customer Success teams positioning or implementing Content Agent.","AI-driven content optimization (SEO, AEO, GEO); Retailer-specific guideline compliance (Amazon, Walmart); PIM integrations and syndication requirements; Autopilot vs Co-pilot publishing modes; Agency and managed services; Share of Voice and AI engine monitoring; System requirements and geography availability; Early Access pricing model; Performance guarantees (90%+ PIM compliance)","90%+ PIM Compliance guarantee; 10+ point compliance improvement in current implementations; Amazon Rufus (beta) AEO optimization; Walmart Sparky support in Q2; GEO monitoring across ChatGPT, Perplexity, Gemini; Available in 110 countries where DSO is active; Salsify integration live; Stibo and Procat integrations targeted by end of Q1; New PIM integrations require 3–4 weeks of FDE time; Non-English SLA initially 2–3 weeks, improving to 1–2 weeks; Early Access: free for 1 brand/category and 1 retailer; Two-way synchronization: PIM ↔ retailer PDP; Account-level brand tuning (profile-level in development); Cannot publish to PDP without direct retailer connection in PIM; Amazon syndication via Salsify requires SKU property backfill","Content Agent automates and optimizes PDP content for both traditional search and AI answer engines.; Retailer compliance and PIM integration are core to publishing capability.; Early Access reduces commercial risk while proving 90%+ compliance improvements.; Agency services extend the product into a full-service content operations solution.; Autopilot publishing is planned but not currently available to customers.","What is AllyAI Content Agent?; Content Agent PIM integrations Salsify Stibo Procat; Does Content Agent support Amazon Rufus?; Walmart Sparky content optimization Q2; How does Content Agent publish to PDP?; 90% PIM compliance guarantee details; Content Agent autopilot vs co-pilot mode; Content Agent available geographies; Content Agent Early Access pricing; Does Content Agent require DSO?; Content Agent syndication requirements Amazon Salsify; Share of Voice monitoring ChatGPT Perplexity Gemini; Retailer-specific content guidelines Amazon Walmart; Can customers without a PIM use Content Agent?; Newell Content Agent case study results","Content Agent Demo Deck – customer-facing presentation slides; Content Agent Case Study (e.g., Newell) – proof of results only; Pricing Sheet – finalized commercial terms; Technical Integration Guide – API-level implementation documentation; AllyAI Platform Overview – broader platform capabilities beyond Content Agent","AllyAI Content Agent; CommerceIQ Retail Context Engine; Ask AllyAI; Amazon Rufus; Walmart Sparky; Procat; Salsify; Stibo","","Newell","90%+ PIM compliance; 10+ point compliance lift; 3–4 weeks for new PIM integration; Available in 110 countries; 2–3 week non-English SLA (improving to 1–2 weeks)","Content Compliance; Search Engine Optimization (SEO); Answer Engine Optimization (AEO); Generative Engine Optimization (GEO); Two-way PIM ↔ PDP synchronization; Autopilot mode (planned); Co-pilot mode; Retailer-specific guideline enforcement; Share of Voice monitoring; Automated QBR reporting","","","Work In Progress"
"Pacvue RMM Comparison","https://docs.google.com/presentation/d/1G1yJXrTDLm8YRpTIGeSPZ__c_9FNVDI0q6NpV-73FoE/edit?usp=drivesdk","1G1yJXrTDLm8YRpTIGeSPZ__c_9FNVDI0q6NpV-73FoE","battle-card","Equip sales teams to win competitive deals against Pacvue by clearly articulating CommerceIQ differentiation.","This is the Pacvue RMM Comparison – a competitive battle card that compares CommerceIQ’s Retail Media Management (RMM) capabilities directly against Pacvue across core advertising competencies including Share Growth, Dayparting, Budget Optimization, Customization, Retail-Aware Advertising, and Share of Voice (SOV) measurement. It includes detailed feature-by-feature comparisons, platform support listings (AMS, DSP, Walmart, Criteo, Citrus, Instacart), and a deep dive into CommerceIQ’s ‘DoubleClick’ Share of Voice methodology with up to 24 scrapes per day, weighted SOV tracking, and AI-driven keyword harvesting.","Use in competitive sales cycles where Pacvue is mentioned, during objection handling about SOV accuracy or retail-data integration, in RFP responses requiring feature-by-feature comparison, and in late-stage evaluation meetings.","Sales representatives, account executives, sales engineers, and revenue leaders involved in competitive retail media deals.","Share Growth capability comparison; Dayparting strategy comparison; Budget Optimization differentiation; Customization and strategy builder capabilities; Supported advertising platforms; Retail-Aware Advertising; Inventory and Profit-Aware Advertising; Share of Voice (SOV) Optimization; DoubleClick SOV measurement methodology; AI-driven keyword harvesting","Manual vs AI automation of generic/branded/conquesting keyword classification; Automatic flagging of competitive OOS conquesting opportunities; Hourly bid adjustments to maximize late-day ROI; Budget optimization by day of week; Ability to over-index budget during events like Prime Day; In-platform custom strategy builder; Ad-hoc optimization criteria (e.g., internal margin optimization); Supported platforms: AMS, DSP, Walmart, Criteo, Citrus, Instacart; Integration of on-hand and open PO inventory data; Item-level competitive mapping and elasticity modeling; Tracks several thousand keywords representing >80% of sales; Limited SOV tracking of only several hundred keywords (Pacvue); Up to 24 scrapes per day for paid SOV measurement; Traffic-weighted keyword and search position modeling; Automatic AI-driven keyword harvesting (no manual uploads required)","CommerceIQ provides deeper retail-data integration than Pacvue, including open PO inventory and elasticity modeling.; CommerceIQ’s SOV measurement is statistically robust, traffic-weighted, and integrated into automation.; Budget and bid optimization in CommerceIQ is more dynamic, including day-of-week and event-based over-indexing.; Customization extends beyond reporting to strategy-level automation and profit-aware optimization.; CommerceIQ positions SOV as a leading indicator of sales growth with measurable correlation.","CommerceIQ vs Pacvue comparison; Pacvue competitive battle card; CommerceIQ DoubleClick SOV; How does CommerceIQ measure Share of Voice?; CommerceIQ retail-aware advertising explanation; Pacvue vs CommerceIQ budget optimization; CommerceIQ dayparting capabilities; CommerceIQ Prime Day budget over-indexing; CommerceIQ inventory-aware advertising; CommerceIQ open PO inventory integration; Weighted Share of Voice methodology; AI keyword harvesting CommerceIQ; CommerceIQ supported ad platforms; Pacvue limitations SOV tracking; CommerceIQ conquesting automation","RMM First Call Deck – high-level overview of Retail Media Management capabilities; RMM Second Call Deck – detailed product walkthrough with customer case studies and ROI; RMM Pricing Calculator – commercial pricing and ROI modeling tool; Generic RMM Battle Card – broader competitive landscape beyond Pacvue","CommerceIQ; Retail Media Management (RMM); DoubleClick","Pacvue","","Up to 24 scrapes per day for SOV measurement; Tracks several thousand keywords driving >80% of sales; Limited to several hundred keywords (Pacvue SOV tracking)","Retail-Aware Advertising; Inventory and Profit-Aware Advertising; Weighted Share of Voice; AI-driven keyword harvesting; In-platform custom strategy builder; Day-of-week budget optimization; Event-based budget over-indexing; Item-level competitive mapping; Elasticity modeling; Competitive OOS conquesting automation","","","Active"
"ExpertIQ-Datasheet.pdf","https://drive.google.com/file/d/1fzWmkrGyBidwiC8ckT80ZUpfjJGV8Uul/view?usp=drivesdk","1fzWmkrGyBidwiC8ckT80ZUpfjJGV8Uul","datasheet","To define and sell the ExpertIQ credit-based advanced insights and advisory program.","This is the ExpertIQ-Datasheet.pdf – a product datasheet outlining CommerceIQ’s ExpertIQ program, a credit-based advanced insights and advisory service that provides specialized analytics, strategic reporting, and expert-led recommendations beyond the platform’s self-serve dashboards. It details the program structure, credit subscription model, use cases (NPD reviews, tentpole analysis, competitor benchmarking), reporting cadence, rollover policy (up to 10 credits), and a proof-point case study showing 6–14 point YoY market score improvements and 4.5K+ action recommendations delivered to a global beverage brand.","Use during sales, upsell, renewal, or strategic planning discussions when positioning ExpertIQ as an add-on to CommerceIQ’s core platform or when explaining the credit model and proof of impact.","Sales team, Customer Success Managers, Account Executives, and Revenue leaders positioning ExpertIQ to prospective or existing CommerceIQ customers.","Overview of ExpertIQ program; Credit-based subscription model; Advanced insights and advisory services; Specialized analytics offerings (NPD, tentpole, benchmarking); Annual credit usage and rollover policy; Standardized reporting structure; Quarterly value reporting; Customer engagement and discovery process; Proof of impact case study; Reasons to choose ExpertIQ (flexibility, transparent pricing)","Credit-based annual subscription model; Up to 10 unused credits allowed to roll into new contract; 500+ insight packs delivered to a global beverage brand; 4.5K+ action recommendations provided; 6–14 point YoY improvement in market-level scores; 8–25 point increases via search, content, and taxonomy optimization; Specialized analytics including NPD review; Tentpole event analysis; Strategic deep dives; Competitor benchmarking; Alignment to AMC & DSO insights; Quarterly value reporting cadence; Global team with cross-market and cross-category expertise; Menu of options for bespoke reporting; Focus on preventing wasted spend via standardized reporting","ExpertIQ is a structured, credit-based advisory service layered on top of CommerceIQ’s platform.; It delivers measurable performance improvements through specialized analytics and expert recommendations.; Customers gain flexibility and transparency with annual credits and limited rollover.; The program is designed to standardize reporting while enabling bespoke, agile insights.","What is ExpertIQ?; ExpertIQ datasheet; CommerceIQ ExpertIQ overview; ExpertIQ credit model explained; How do ExpertIQ credits work?; ExpertIQ rollover policy; ExpertIQ NPD review support; ExpertIQ tentpole event analysis; ExpertIQ competitor benchmarking; ExpertIQ case study beverage brand; ExpertIQ market score improvement 6-14 points; ExpertIQ 4.5K action recommendations; CommerceIQ advanced advisory services; ExpertIQ quarterly reporting; ExpertIQ vs self-serve dashboards","CommerceIQ Platform Overview Deck – focuses on core software capabilities, not advisory services; ExpertIQ Case Study – would provide deeper single-customer narrative detail; Pricing Calculator – models specific dollar pricing rather than explaining the credit framework; First Call or Second Call Sales Deck – broader sales presentations vs focused service datasheet","ExpertIQ; CommerceIQ","","Global beverage brand (unnamed)","6–14 point YoY market-level score improvement; 8–25 point improvement via search, content, taxonomy optimization; 500+ insight packs delivered; 4.5K+ action recommendations; Up to 10 credits rollover allowed","Credit-based subscription model; Advanced insights and advisory services; NPD review analytics; Tentpole event analysis; Strategic deep dives; Competitor benchmarking; Standardized reporting structure; Quarterly value reporting; Customer discovery sessions; Action recommendation reporting","","","Active"
"Agent Product Hub","https://docs.google.com/document/d/1J6qBG6orf29KRgsdSigkNvOYBHyPUaNY3dqsPidoHRw/edit?usp=drivesdk","","enablement-guide","Centralized repository for all Agent sales, product, and training enablement materials","This is the AGENT PRODUCT HUB - a centralized sales enablement and product resource repository containing all pitch decks, product boxes, messaging frameworks, datasheets, demo links, certifications, SKO recordings, retailer coverage details, competitive FUD talk tracks, and training materials for AllyAI’s Sales Agent, Shelf Agent, Content Agent, and Media Agent.","When looking for any Agent-related deck, certification, messaging doc, retailer coverage detail, demo script, competitive positioning, or SKO recording","Sales, Marketing, Product, Customer Success, and Enablement teams","Sales Agent, Shelf Agent, Content Agent, Media Agent resources; Internal trainings and SKO 2026 recordings; Retailer and geographic coverage; Messaging frameworks and product boxes; Demo links and scripts; Certifications and training recordings; Competitive positioning and FUD questions; Digital Shelf Analytics and Retail Media capabilities; Consulting Services and Managed Services; Product roadmap (Ask AllyAI, GEO, AEO)","2/2–2/5 SKO 2026 training recordings with passwords; 2/23 eTail Customer Meeting: Agent Pitch Deck; 2/13 First Call & Content Agent Certification Recording; 3B+ automations; $200M+ deductions recovered; 2,500+ annual FTE hours saved; 6 of top 10 CPG customers; 110 countries with DSO product active; Amazon geos: US, CA, MX, AU, UK, DE, IT, FR, ES, NL, PL, Pan EU; AEO Optimization BETA; GEO Optimization Q2 roadmap; Competitive FUD vs Stackline (weekly data, black box, unproven automations); AllyAI Content Agent_datasheet.pdf; CommerceIQ Sales Agent Messaging Framework.docx; Retailer Copilots (AVC)","Central source of truth for all AllyAI Agent sales and product materials; Covers full lifecycle from first call to certification to competitive positioning; Details retailer coverage, automation scale, and measurable proof points; Includes roadmap visibility for upcoming AI capabilities (Ask AllyAI, GEO, AEO); Provides structured resources for Sales, Marketing, and Product collaboration","Agent Product Hub; Sales Agent 2nd Call Deck link; Content Agent datasheet PDF; Media Agent Product Box draft; Shelf Agent training recording; SKO 2026 video links and passwords; AllyAI competitive positioning vs Stackline; Retailer coverage for AllyAI agents; Ask AllyAI roadmap Q1; GEO optimization Q2 details; CommerceIQ Sales Agent messaging framework; AllyAI demo script link; DSO country coverage list; Agent certification materials; FUD questions against Stackline","Sales Agent Product Box – detailed positioning and pricing for Sales Agent only; Content Agent 2nd Call Deck – customer-facing presentation; AllyAI Content Agent Datasheet – external 1–2 page summary; Shelf Agent Training Deck – specific certification material; RMM or DSA standalone decks – focused only on one product line","AllyAI Sales Agent; AllyAI Shelf Agent; AllyAI Content Agent; AllyAI Media Agent; Ask AllyAI; Digital Shelf Analytics (DSA); Retail Media Management","Stackline; Shalion","","3 Billion+ automations; $200+ Million deductions recovered; 2,500+ annual FTE hours saved; 6 of the top 10 CPG are customers; 110 countries with DSO coverage","Content Health & Compliance; Search Ranking & Share of Voice; SEO Optimization; AEO Optimization BETA; Bid optimization; Budget pacing; Retail Media Tracker; AskAllyAI Automated Reporting; Retailer Copilots (AVC); Digital Shelf Analytics","","","Work In Progress"
"DRAFT CommerceIQ Media Agent - Product Box January 26 Internal","https://docs.google.com/document/d/1sHTaStv5-IrFjyIhcQkrRTBS77lfKGKt75UI1dI9vxM/edit?usp=drivesdk","","product-box","Define and align on the internal positioning, scope, and enablement structure of the CommerceIQ Media Agent.","This is the DRAFT CommerceIQ Media Agent - Product Box January 26 Internal - an internal product definition and enablement hub outlining the Media Agent’s capabilities, services, positioning, training resources, retailer coverage, competitive messaging, and cross-functional integration within the AllyAI / CommerceIQ agent suite.","Use for internal sales enablement, product alignment, competitive positioning prep, retailer coverage questions, and when building or updating Media Agent decks, datasheets, or demos.","Internal Sales, Marketing, Product, and Enablement teams supporting Media Agent go-to-market","Media Agent product definition and scope; Retail Media Management capabilities; Integration with Sales, Shelf, and Content Agents; Training, certification, and SKO resources; Retailer and geographic coverage (Amazon, Walmart, 110 countries); Competitive positioning vs Stackline and Shalion; Automation, reporting, and analytics features; Consulting and managed services offerings; Roadmap items (Ask AllyAI, GEO, AEO, retailer expansion)","3 Billion+ automations; $200+ Million deductions recovered; 2,500+ annual FTE hours saved; 6 of the top 10 CPGs are CommerceIQ customers; Amazon coverage: US, CA, MX, UK, DE, FR, IT, ES, AU, Netherlands, Poland, Pan-EU (BO view); 110 countries supported via DSO product; SKO 2026 trainings (2/2–2/5) with password-protected recordings; 2/23 eTail Customer Meeting – Agent Pitch V3; Sales Agent Certification (3/19); AEO Optimization BETA and GEO Optimization (Q2); Competitive FUD vs Stackline weekly data refresh; Retail Media Tracker and bid optimization; AskAllyAI automated reporting and insights; Integration with Retailer Copilots (AVC) and Digital Shelf Analytics","Media Agent is positioned as an integrated retail media optimization and automation solution, not just campaign management.; The product ties media, digital shelf, sales, and content into a unified automation framework.; Competitive differentiation centers on transparency, real-time optimization, and proven automation scale.; The document acts as a central internal hub for assets, training, and positioning.","CommerceIQ Media Agent product box January 26; Media Agent internal definition; What is included in Media Agent services?; Media Agent vs Stackline comparison; CommerceIQ retail media management capabilities; Media Agent retailer coverage countries; AskAllyAI reporting features; Media Agent SKO training links; Retail Media Tracker CommerceIQ; AEO Optimization BETA details; GEO Optimization Q2 roadmap; Media Agent certification; CommerceIQ Media Agent messaging framework; Media Agent automation metrics 3 billion; Media Agent integration with DSA","AllyAI Media Agent 2nd Call Deck – customer-facing deep dive presentation; CommerceIQ Media Agent & Services Messaging Framework – narrative positioning document; Content Agent Product Box – focused on PDP and AI-driven content optimization; Sales Agent Product Box – focused on AI-generated sales presentations and CARS metrics","CommerceIQ Media Agent; AllyAI Media Agent; Sales Agent; Shelf Agent; Content Agent; Digital Shelf Analytics (DSA); Retailer Copilots (AVC); AskAllyAI","Stackline; Shalion","","3 Billion+ automations; $200+ Million deductions recovered; 2,500+ annual FTE hours saved; 6 of the top 10 CPGs as customers; 110 countries supported","Bid optimization; Budget pacing; Metric selection; Automated reporting (AskAllyAI); Brand/Retailer/Country Insights; Campaign management; Action optimization & review; SEO Optimization; AEO Optimization BETA; GEO Optimization (Q2); Retail Media Tracker; Content Compliance reporting; Consulting Services (Brand Planning, Event Strategy, Launch Strategy)","","January 26","Work In Progress"
"AllyAI Media Teammate ","https://docs.google.com/presentation/d/1_m50KB13PrTeJe0p6QYHT9zlRwcALL1DuuP1GLq_f2g/edit?usp=drivesdk","","enablement-guide","Centralized internal enablement hub for AllyAI Media and related Agents","This is the AllyAI Media Teammate - a centralized internal enablement hub containing sales decks, product boxes, messaging frameworks, training recordings, demo links, FUD battle questions, retailer coverage details, feature lists, consulting services overview, and contact ownership for the AllyAI Media Agent (and related Agents: Sales, Shelf, Content). It consolidates presentation materials (2nd call decks), certification recordings (including the 2/13 First Call & Content Agent Certification), SKO 2026 training assets, retailer-specific materials for Amazon and Walmart, roadmap items (Ask AllyAI Q1, GEO Optimization Q2), and competitive positioning vs Stackline and Shalion.","Use for onboarding, locating decks or product boxes, preparing for retailer-specific meetings (Amazon/Walmart), reviewing roadmap items, or accessing certification/training materials.","Internal sales, marketing, product, and enablement teams supporting AllyAI Media and related Agents","AllyAI Agent portfolio overview (Sales, Shelf, Content, Media); Sales decks and 2nd call presentation materials; Product Boxes and Messaging Frameworks; Training & Certification recordings (SKO 2026, 2/13 Certification); Retailer and geographic coverage (Amazon, Walmart, 110 countries); Retail Media Management and Digital Shelf capabilities; Roadmap items (Ask AllyAI Q1, GEO Optimization Q2); Competitive positioning vs Stackline and Shalion; Consulting & Managed Services offerings; Internal ownership and contact directory","2/13 First Call & Content Agent Certification & Training Recording; SKO 2026 Trainings Day 1 & Day 2 (with passwords listed); Amazon coverage: US, CA, MX, AU, UK, DE, IT, FR, ES, Pan EU, NL, PL; 110 countries where DSO product is active; Ask AllyAI (Q1) and Ask AllyAI Diagnostics (Q1); GEO Optimization Q2 and AEO for Walmart + others Q2; 3 Billion+ automations; 6 of the top 10 CPGs as customers; $200+ Million deductions recovered; 2,500+ annual FTE hours saved; Bid optimization and budget pacing features; AEO Optimization BETA; FUD positioning against Stackline (weekly data, black box concerns); Shalion comparison in Digital Shelf Analytics; Retailer Copilots (AVC) and Digital Shelf Analytics","AllyAI Media Agent is positioned as part of a broader AI Agent ecosystem covering media, content, sales, and shelf.; The company emphasizes automation at scale with quantified proof points (3B+ automations, $200M+ recovered).; Retailer and geo coverage is extensive, especially for Amazon and DSO markets.; Strong focus on linking media, digital shelf, and sales for iROAS and revenue protection.; Clear competitive positioning against Stackline and Shalion.","AllyAI Media Agent deck; Media Agent product box draft; Content Agent certification recording 2/13; SKO 2026 AllyAI training videos; AllyAI retailer coverage by country; Ask AllyAI Q1 roadmap; GEO Optimization Q2 details; Stackline competitive positioning AllyAI; Shalion vs DSA comparison; Retail Media Management features AllyAI; AllyAI consulting services overview; CommerceIQ automation metrics 3 billion; AllyAI Media Agent demo link; Who owns Media Agent product; AllyAI Digital Shelf Analytics capabilities","Media Agent Product Box (formal product definition and scope); AllyAI Media Agent 2nd Call Deck (customer-facing presentation); AllyAI Content Agent Datasheet (external one-pager); Sales Agent Certification Deck (role-specific training)","AllyAI Media Agent; AllyAI Content Agent; AllyAI Sales Agent; Shelf Agent; Retailer Copilots (AVC); Digital Shelf Analytics (DSA); Ask AllyAI","Stackline; Shalion","","3 Billion+ automations; 6 of the top 10 CPGs as customers; $200+ Million deductions recovered; 2,500+ annual FTE hours saved; 110 countries DSO coverage","Bid optimization; Budget pacing; AEO Optimization BETA; SEO Optimization; Content Compliance reporting; Market Share analytics; Retail Media Tracker; Automated Reporting (AskAllyAI); Content Syndication; Performance Insights","","","Work In Progress"
"AI Goal Optimizer - External Customer Deck","https://docs.google.com/presentation/d/19HptMAE3kaQhsIQsMd0x-cSL1_sHOzb6cAHebMBa2J4/edit?usp=drivesdk","19HptMAE3kaQhsIQsMd0x-cSL1_sHOzb6cAHebMBa2J4","second-call-deck","To drive second-call product deep dives and demonstrate incremental, AI-driven retail media optimization value.","This is the AI Goal Optimizer - External Customer Deck - a comprehensive sales presentation detailing CommerceIQ’s AI-powered retail media optimization solution, including real-time incrementality modeling, dynamic budget allocation, hourly bid optimization, AllyAI Media Teammate capabilities, a five-step setup process, and customer case studies from Pilgrim’s Pride and 10 multi-brand advertisers across Amazon and Walmart.","Use during second sales meetings, deep product demos, retail media strategy discussions, incrementality conversations, Amazon/Walmart optimization pitches, and when presenting case studies or performance proof.","Sales executives, account executives, retail media strategists, and prospective brand or agency customers evaluating AI-driven retail media optimization for Amazon and Walmart.","AI Goal Optimizer product overview; Incrementality modeling and digital shelf connectivity; Dynamic budget allocation and hourly bid optimization; AllyAI Media Teammate capabilities; Five-step campaign setup process; Rules-Based vs AI-driven optimization paths; Dashboard and budget pacing visibility; Case studies and performance results; Industry challenges in retail media management; Amazon and Walmart retailer coverage","Real-time budget performance monitoring and reallocation; Hourly bid adjustments across keywords; 4000+ optimizations per day with AI vs <10 human-only; 50+ signals across digital shelf, media, inventory, and sales; Three-phase incrementality model (establish, grow, saturate); +75% ad sales growth cited; -12.8% CPC reduction cited; +55% improvement in incremental sales efficiency across 10 brands; Pilgrim’s Pride case study with Aaron Conkey; Finalist in Walmart Connect Partner Network Awards; Budget allocation example: 30% allocated to 5 tentpole days; Optimization metrics: ROAS, iROAS, SoV; Available for Amazon & Walmart (others coming soon); Spend constraints by keyword, targeting, campaign type; AllyAI finds Efficient Bid Frontier","AI Goal Optimizer uses real-time incrementality, not just ROAS, to drive smarter budget allocation.; AllyAI automates thousands of optimizations daily using 50+ signals.; Digital shelf connectivity improves incremental sales efficiency and prevents cannibalization.; Brands have achieved measurable gains in iROAS, ad sales growth, and CPC reduction.; The product offers a structured five-step setup with customizable constraints and goals.","AI Goal Optimizer deck; CommerceIQ incrementality modeling presentation; AllyAI Media Teammate demo deck; AI Goal Optimizer case study Pilgrim’s Pride; How does CommerceIQ optimize iROAS?; AI retail media budget allocation Amazon Walmart; Incrementality vs ROAS deck; CommerceIQ 4000 optimizations per day; AI Goal Optimizer five step setup; Retail media AI bid optimization deck; Walmart Connect partner finalist case study; Digital shelf connected media optimization; AI Goal Optimizer performance metrics; AllyAI 50 signals optimization; CommerceIQ Amazon Walmart AI solution overview","AI Goal Optimizer One-Pager – high-level summary without detailed workflow and case studies; Internal AllyAI Training Deck – internal enablement and demo instructions; RMM Pricing Calculator – commercial and pricing model details; Competitive Battlecards – focused only on head-to-head positioning","AI Goal Optimizer; AllyAI Media Teammate; AllyAI Media Teammate II; CommerceIQ Incrementality Modeling","","Pilgrim’s Pride","+75% ad sales growth; -12.8% CPC reduction; +55% improvement in incremental sales efficiency; 4000+ optimizations per day; 50+ data signals used","Real-time budget performance monitoring; Hourly bid adjustments; Dynamic daily budget allocation; Incrementality-based optimization (iROAS); Digital shelf signal integration; Five-step campaign setup workflow; Spend constraints configuration; Seasonality and tentpole budget allocation; Optimization dashboard visibility; Efficient Bid Frontier modeling","","","Active"
"AllyAI Media Agent & Services","https://docs.google.com/presentation/d/1kt0aXqqNaR3eKwuTFxab5muYVq5l-H2PllQ3XVr4YFs/edit?usp=drivesdk","1kt0aXqqNaR3eKwuTFxab5muYVq5l-H2PllQ3XVr4YFs","second-call-deck","To position AllyAI Media Agent as an AI-powered incrementality optimization solution for retail media.","This is the AllyAI Media Agent & Services deck – a comprehensive sales presentation detailing CommerceIQ’s AI-powered retail media optimization solution focused on incrementality-based bidding, iROAS (Incremental ROAS) automation, digital shelf signal integration, and human + AI managed services. It explains how AllyAI optimizes thousands of keywords using 50+ signals, automatically shifts bids based on real-time incrementality, and drives higher total sales and organic share of voice while reducing wasted ad spend.","Use during second sales calls, deep-dive product demos, incrementality discussions, performance marketing evaluations, and when differentiating against ROAS-only bidding tools.","Retail media directors, eCommerce leaders, performance marketing teams, and sales executives positioning AI-driven retail media optimization.","Incrementality vs traditional ROAS optimization; Incremental ROAS (iROAS) and Incrementality Factor (IF); AI-powered bid and budget automation; Digital shelf + retail media signal integration; Organic Share of Voice (SOV) impact; Attribution window variations across retailers; Human + AI managed services model; Keyword-level automation phases; Performance case examples and metrics; Efficient Bid Frontier concept","Optimizes 1000s of keywords using 50+ signals; 4000+ optimizations per day vs <10 manual; +55% improvement across 10 brands; +75% ad sales growth; -12.8% CPC reduction; $100K ad spend example with ROAS $8 and 25% IF; $100K ad spend example with ROAS $5 and 80% IF; Incremental Sales: $200K vs $400K comparison; 3, 7, 14, 28, 30-day click and impression attribution models; Phase 1–4 automation maturity model; Organic SOV increases as incrementality improves; Cannibalization reduction through iROAS bidding; Retail Media + Digital Shelf = Incrementality framework; Efficient Bid Frontier optimization model; Real-time incrementality metrics (Proprietary CIQ Incrementality Metrics)","ROAS alone is insufficient; incrementality drives smarter budget allocation.; AllyAI dynamically shifts bids based on iROAS and organic rank signals.; AI + digital shelf integration significantly improves total sales efficiency.; Automation at scale (4000+ daily optimizations) outperforms manual management.; Incrementality-based optimization increases organic rank and reduces cannibalization.","AllyAI Media Agent deck February 2026; CommerceIQ incrementality automation presentation; What is iROAS in retail media?; AllyAI vs ROAS optimization; Retail media incrementality example $100K spend; 4000 optimizations per day AI bidding; Digital shelf and retail media integration deck; Incrementality Factor explanation CIQ; Organic SOV and paid search automation; Efficient Bid Frontier AllyAI; Retail media AI managed services presentation; How AllyAI reduces cannibalization; Incremental ROAS case study examples; Retail media attribution window comparison; CIQ proprietary incrementality metrics","AllyAI one-pager – high-level summary without detailed incrementality framework; Sales Agent Product Box – focused on AI sales presentation automation and CARS metrics; Retail Media Management pricing calculator – budget modeling tool; Competitive battle cards – side-by-side comparisons vs Pacvue or Skai","AllyAI Media Agent; CommerceIQ Incrementality; CIQ Incrementality Automation","","Oreo (illustrative example)","+55% improvement across 10 brands; +75% ad sales growth; -12.8% CPC reduction; 4000+ optimizations per day; <10 manual optimizations per day; ROAS $8 with 25% IF = iROAS $2; ROAS $5 with 80% IF = iROAS $4; $200K vs $400K incremental sales comparison","Incremental ROAS (iROAS) optimization; Incrementality Factor (IF); Real-time incrementality automation; 50+ signal AI bidding model; Digital Shelf + Retail Media integration; Efficient Bid Frontier modeling; Keyword-level automation phases; Automatic bid shifting based on organic SOV","","February 2026","Active"
"AllyAI Category Teammate","https://docs.google.com/presentation/d/1uUruwGH6HqqgV_OA-q-NOe_pg6bVMDo3A5rHRq2hj1s/edit?usp=drivesdk","","enablement-guide","Centralized internal enablement hub for the AllyAI Agent suite","This is the AllyAI Category Teammate – a centralized sales enablement and training hub that compiles all decks, product boxes, messaging frameworks, certifications, demo links, competitive FUD talk tracks, feature lists, geo/retailer coverage, and internal contacts for the AllyAI Sales Agent, Shelf Agent, Content Agent, and Media Agent. It serves as the master internal reference for positioning, training, rollout timelines, and cross-agent capabilities across digital shelf, retail media, content optimization, analytics, and automation.","Use for onboarding sales reps, locating decks or certifications, answering geo/retailer coverage questions, preparing competitive positioning vs Stackline or Shalion, or understanding full AllyAI Agent capabilities and roadmap.","Internal sales, marketing, product, and enablement teams","AllyAI Agent Suite Overview (Sales, Shelf, Content, Media); Internal Trainings & SKO 2026 Recordings; Product Boxes & Messaging Frameworks; Retailer & Geographic Coverage; Digital Shelf Analytics & Retail Media Capabilities; Automation, Reporting & Optimization Features; Competitive Positioning & FUD Talk Tracks; Certifications & Demo Assets; Consulting & Managed Services; Roadmap: AskAllyAI, GEO & AEO Optimization","SKO 2026 Trainings Day 1 & Day 2 video links with passwords; 2/13 First Call & Content Agent Certification & Training Recording; 3+ Billion automations executed; $200+ Million deductions recovered; 2,500+ annual FTE hours saved; 6 of the top 10 CPG are CommerceIQ customers; Amazon geo coverage: US, CA, MX, AU, UK, DE, IT, FR, ES, Netherlands, Poland, Pan EU; 110 countries supported via DSO product; AskAllyAI (Q1) and AskAllyAI Diagnostics (Q1); GEO Optimization Q2 and AEO Optimization BETA; Content Health & Compliance monitoring; Retail Media Tracker with bid optimization and budget pacing; Competitive FUD vs Stackline (weekly data, black box, unproven automations); Shalion comparison in DSA section; Messaging Framework docs for Sales, Content, and Media Agents","AllyAI Agents integrate digital shelf, retail media, content, and analytics into one automation-driven ecosystem.; The platform emphasizes automation at scale with measurable operational and revenue impact.; Extensive retailer and geographic coverage supports global brands.; Competitive differentiation centers on transparency, real-time optimization, and proven automation scale.; Comprehensive internal enablement materials exist for certification, pitching, and demos.","AllyAI Category Teammate; AllyAI Agent training materials; SKO 2026 AllyAI recordings; Content Agent certification recording 2/13; AllyAI geo coverage Amazon countries; AskAllyAI Q1 release; AEO Optimization BETA details; Stackline competitive positioning AllyAI; Shalion vs DSA comparison; AllyAI Media Agent product box; Sales Agent certification link; AllyAI automations 3 billion; deductions recovered 200 million; 110 country DSO coverage; Retail Media Tracker bid optimization","Sales Agent Product Box – defines Sales Agent packaging and positioning only; Content Agent 2nd Call Deck – customer-facing presentation; AllyAI Content Agent_datasheet.pdf – external one-page summary; Media Agent Product Box – specific to Media Agent packaging; RMM or DSA standalone decks – focused only on retail media or digital shelf","AllyAI Sales Agent; AllyAI Shelf Agent; AllyAI Content Agent; AllyAI Media Agent; AskAllyAI; AskAllyAI Diagnostics; Digital Shelf Analytics (DSA); Retail Media Tracker; Retailer Copilots (AVC)","Stackline; Shalion","","3+ Billion automations; $200+ Million deductions recovered; 2,500+ annual FTE hours saved; 6 of the top 10 CPG customers; 110 countries supported","Content Health & Compliance; Search Ranking & Share of Voice; Bid Optimization; Budget Pacing; AEO Optimization BETA; GEO Optimization; Automated Reporting; Market Share Analytics; Competitive Intelligence; Campaign Management","","","Work In Progress"
"Dexi Competitive Overview","https://docs.google.com/document/d/1tVVxqblqjbN-NwxXdz-HUwxlvoR0Yp9AgH1xH46DKL8/edit?usp=drivesdk","1tVVxqblqjbN-NwxXdz-HUwxlvoR0Yp9AgH1xH46DKL8","battle-card","Equip sales teams to position CommerceIQ against Dexi.io in competitive deals","This is the Dexi Competitive Overview - a competitive analysis and battle card outlining Dexi.io’s digital commerce intelligence capabilities, positioning, strengths, and weaknesses compared to CommerceIQ’s AI-driven eCommerce sales management platform. It details Dexi’s data extraction, competitor intelligence, product availability tracking, sentiment analysis, and automation triggers, alongside CommerceIQ’s rebuttal strategy and winning areas.","Use during active opportunities where Dexi.io is a competitor or when prospects prioritize digital shelf analytics, data extraction, or competitor intelligence tools.","Sales representatives, account executives, sales engineers, and competitive intelligence teams","Dexi.io overall positioning and summary; Competitive Claims & FUD Strategy; Winning & Losing Areas (CommerceIQ vs Dexi); Products & Solutions Overview; Product Availability & Assortment Tracking; Competitor Intelligence; Customer Sentiment Analysis; Category, Location, and Price Analytics; Content & Compliance Monitoring; Data Hooks and Triggers automation","Custom data capture robots; Extensive app integrations; Visual programming for tailored data solutions; Product Availability & Assortment Tracking including lost buy-box identification; Underperforming SKU detection; Competitor Intelligence for strategic insights; Customer Sentiment Analysis via ratings, reviews, and social monitoring; Category Analytics for real-time ad spend optimization; Location-based analytics for pricing and availability monitoring; Content & Compliance monitoring for online content accuracy; Price & Promotions Monitoring with catalog benchmarking; Data Hooks and Triggers for automation based on thresholds; CommerceIQ retail media management capabilities; CommerceIQ profit recovery automation; AI-driven forecasting, sales planning, and reporting","Dexi.io is strong in deep data extraction, integration, and competitor intelligence.; CommerceIQ differentiates with AI-driven, end-to-end eCommerce sales management and automation.; Dexi focuses on full data coverage, while CommerceIQ emphasizes actionable data for revenue impact.; CommerceIQ wins in holistic strategy and automated decision-making; Dexi wins in specialized data capture depth.","Dexi.io vs CommerceIQ; How do we compete with Dexi?; Dexi competitive battle card; Dexi digital commerce intelligence comparison; CommerceIQ rebuttal to Dexi claims; Dexi strengths and weaknesses; Dexi product availability tracking; Dexi competitor intelligence capabilities; Difference between Dexi and CommerceIQ; Dexi data extraction robots; Dexi data hooks and triggers; CommerceIQ vs Dexi digital shelf; When does Dexi win deals?; Dexi FUD strategy; Dexi integration capabilities","CommerceIQ Product Overview Deck – focuses only on CommerceIQ capabilities without competitive comparison; Retail Media Management Battle Card – specific to retail media competitors, not digital commerce intelligence platforms; Pricing Calculator or Pricing Sheet – this document does not include pricing details","CommerceIQ; Dexi.io","Dexi.io","","","Custom Data Capture Robots; Extensive App Integrations; Visual Programming; Product Availability & Assortment Tracking; Competitor Intelligence; Customer Sentiment Analysis; Category Analytics; Location-based Analytics; Content & Compliance Monitoring; Price & Promotions Monitoring; Data Hooks and Triggers; Retail Media Management; Profit Recovery Automation; AI-driven Forecasting and Sales Planning","","","Active"
"AllyAI Content Agent_datasheet.pdf","https://drive.google.com/file/d/18mgP0-_5ARrVL1yO2HE3rS6C9fuMO7jb/view?usp=drivesdk","18mgP0-_5ARrVL1yO2HE3rS6C9fuMO7jb","datasheet","Provide a clear, customer-facing overview of AllyAI Content Agent capabilities and outcomes.","This is the AllyAI Content Agent_datasheet.pdf - a product datasheet outlining the capabilities, features, use cases, and proven outcomes of AllyAI Content Agent, an AI-powered content operations solution that validates, enriches, optimizes, and syndicates PDP content across retailers while improving compliance, discoverability, and performance.","Use in first or second sales conversations when a prospect asks for an overview of AllyAI Content Agent features, compliance automation, AI optimization capabilities, or proof of impact.","Sales representatives, customer success managers, prospects evaluating content operations automation, and retail eCommerce leaders responsible for PDP compliance and optimization.","AllyAI Content Agent overview; AI Agent Skills (validation and optimization); AI Analyst Skills (analytics and reporting); SEO, AEO, and GEO optimization; Retailer chatbot and answer engine optimization; Content syndication and retailer compliance; Managed Services (CommerceIQ support); Proven Outcomes and case metrics; Integration with DAM, PIM, retailer data, and PDPs","Optimization for Amazon Rufus and Walmart Sparky; Tracks AI share of voice and answer rankings; Syndicates PIM content across retailers; Flags content gaps and recommends fixes; Improves SEO, AEO, and GEO performance; Ask Ally natural language Q&A capability; Automated Takeaways and dashboard pinning; Automated reporting in brand templates; Managed Services: Retailer Content Ops, Content Syndication, Content Optimization; Content Strategy, Performance Insights (A/B testing), Consulting Services; Global home & kitchen manufacturer case; 15,000 SKUs managed with Content Agent; 10+ point increase in PIM compliance in 2 weeks; 100%+ PIM compliance across major retailers; Ticket creation time reduced from 35 minutes to 1 minute","AllyAI Content Agent connects DAM, PIM, and retailer systems into a single AI-powered workflow.; The platform goes beyond insights by pairing recommendations with streamlined updates.; It improves compliance, visibility, and share of voice across retailer PDPs and AI answer engines.; Proven results include rapid compliance gains and major cycle time reduction.; Optional managed services extend internal teams for syndication and optimization.","What is AllyAI Content Agent?; Ally Content Agent datasheet; How does Ally improve PIM compliance?; Amazon Rufus optimization tool; Walmart Sparky content optimization; AI share of voice tracking retail; PDP content compliance automation; Content syndication across retailers without API; AI Analyst Skills Ask Ally; Reduce ticket cycle time content operations; SEO AEO GEO optimization retail; CommerceIQ managed services content; 15,000 SKU compliance case study; Automated reporting for PDP performance; DAM PIM retailer integration workflow","AllyAI Sales Deck – broader narrative pitch with competitive positioning and sales storyline; AllyAI Product Box – strategic definition of packaging, pricing, and positioning; Standalone Case Study – deep dive into a single customer success story; Internal Training Deck – detailed feature walkthrough for internal enablement","AllyAI Content Agent; Ally; Ask Ally; CommerceIQ Managed Services","","Global home & kitchen manufacturer (unnamed)","10+ point increase in PIM compliance in 2 weeks; 100%+ PIM compliance across major retailers; 15,000 SKUs managed; Ticket creation time reduced from 35 minutes to 1 minute","AI Agent Skills; AI Analyst Skills; Content validation and optimization; SEO, AEO, GEO recommendations; AI share of voice tracking; Answer engine optimization; Content syndication (API and manual); Automated Takeaways; Dashboard pinning; Automated reporting in brand templates; Retailer Content Ops; Performance Insights and A/B testing","","","Active"
"Tinuiti Comparison","https://docs.google.com/presentation/d/1qFM6h96qRKPP8zzh5MvSxwlSxnpw1s2qak2wgtFVOvs/edit?usp=drivesdk","1qFM6h96qRKPP8zzh5MvSxwlSxnpw1s2qak2wgtFVOvs","battle-card","Equip sales teams with clear competitive differentiation against Tinuiti.","This is the Tinuiti Comparison - a competitive battle-card style document that compares CommerceIQ and Tinuiti across budget optimization, incrementality measurement, retail-aware advertising, share of voice optimization, share growth capabilities, supported platforms, and Amazon Marketing Cloud integration. It outlines specific feature-level differences such as automated day-of-week budget optimization, iROAS (incrementality ROAS) powered by machine learning, full SOV automation, retail data integration (on-hand and open PO inventory), and AMC multi-touch attribution versus Tinuiti’s more manual workflows and limited keyword/SOV tracking.","Use in competitive deals against Tinuiti, during late-stage evaluations, RFP responses, objection handling, or when a prospect mentions MobiusX, Skai, or Tinuiti as alternatives.","Sales executives, account executives, sales engineers, and customer success managers competing against Tinuiti in retail media deals.","Budget Optimization; Incrementality (iROAS); Winning Omnichannel with CommerceIQ; Supported Platforms; Retail-Aware Advertising; Share of Voice Optimization; Share Growth Capability; Amazon Marketing Cloud Integration","Automated budget optimization by day of week; Mid-month budget pacing adjustments; Ability to over-index during events like Prime Day; First-of-its-kind incrementality ROAS (iROAS); Machine learning formula combining SOV and ROAS; Tracks several thousand keywords driving >80% of sales; Tinuiti tracks only 25–100 keywords scraped 1x/day; Weighted SOV and item-level SOV fully integrated into automation; On-hand and open PO inventory integrated into bidding; Item-level competitive mapping and elasticity modeling; Onboarding new retailers in 2–3 weeks; AMC fully integrated with multi-touch attribution table; Performance reporting across Search + Display + OTT; AI automation of generic/branded/conquesting keyword classification; Automatic competitive OOS conquesting detection","CommerceIQ provides deeper automation and AI-driven optimization than Tinuiti.; CommerceIQ integrates retail inventory and profit data directly into ad optimization, while Tinuiti relies on manual processes.; CommerceIQ offers advanced incrementality measurement (iROAS) versus traditional ROAS metrics.; Share of Voice tracking and automation are significantly more robust in CommerceIQ.; AMC integration is native and embedded in CommerceIQ, unlike Tinuiti’s custom reporting approach.","CommerceIQ vs Tinuiti comparison; Tinuiti MobiusX vs CommerceIQ; CommerceIQ incrementality ROAS vs Tinuiti; iROAS explanation; CommerceIQ Prime Day budget automation; Tinuiti share of voice tracking limits; CommerceIQ retail-aware advertising; CommerceIQ vs Skai for retail media; AMC integration CommerceIQ vs Tinuiti; CommerceIQ conquesting automation; Tinuiti keyword tracking limitations; CommerceIQ inventory-aware bidding; CommerceIQ weighted SOV; CommerceIQ onboarding new retailers timeline; CommerceIQ competitive battle card Tinuiti","CommerceIQ Product Box – defines overall product positioning and packaging, not competitor comparison.; CommerceIQ First Call Deck – high-level introductory overview.; CommerceIQ Second Call Deck – detailed feature walkthrough presentation.; CommerceIQ Pricing Calculator – ROI and financial justification tool.","CommerceIQ; Tinuiti; MobiusX; Skai; Amazon Marketing Cloud (AMC)","Tinuiti; MobiusX; Skai","",">80% of sales driven by tracked keywords; 25–100 keywords tracked by Tinuiti; 1x/day keyword scraping (Tinuiti); 2–3 weeks to onboard new retailers; Mid-month budget optimization; Search + Display + OTT performance breakdown","Incrementality ROAS (iROAS); Automated day-of-week budget optimization; Retail-aware advertising; Inventory and profit-aware bidding; Item-level competitive mapping; Elasticity modeling; Weighted Share of Voice (SOV); AI keyword classification (generic/branded/conquesting); Competitive OOS conquesting automation; AMC multi-touch attribution table","","","Active"
"Choosing ESM over Pacvue Commerce","https://docs.google.com/presentation/d/1Wmw4Z9dfIqxyluqdgCvlXvt0KxWhMqH8mjVvdUHWh08/edit?usp=drivesdk","1Wmw4Z9dfIqxyluqdgCvlXvt0KxWhMqH8mjVvdUHWh08","battle-card","Enable sales teams to competitively position CommerceIQ ESM against Pacvue Commerce","This is the Choosing ESM over Pacvue Commerce competitive comparison deck – a sales enablement presentation that positions CommerceIQ’s Ecommerce Sales Management (ESM) platform against Pacvue Commerce, highlighting gaps in automation integrity, supply chain management, and actionability, and using real-world customer impact examples to demonstrate revenue risk when switching platforms.","Use during competitive deals involving Pacvue, renewal risk conversations, executive justification for choosing CommerceIQ over Pacvue, or when addressing objections about Pacvue’s capabilities.","Sales representatives, account executives, sales engineers, and revenue leaders handling competitive deals against Pacvue","Automation Integrity positioning; Customer switch-to-Pacvue cautionary example; Feature-by-feature comparison: CommerceIQ vs Pacvue Commerce; Supply chain and availability management; Digital shelf optimization and content integrity; Intraday automations and PO error correction; Revenue risk management (OOS, CRaP, Buy Box); Partnership and strategic consulting comparison; Actionability and end-to-end value chain integration","2 Billion+ Automations executed; $515 Million+ Cumulative Impact; Rogue 3P Variants Proliferate after switch; Return of OOS Issues impacting sales; Automatic PO Error Correction capability; Quantified Lost Buy Box Impact tracking; SKU Suppression Ticketing; Variation Ticketing; 3P Catalog Correction; Intraday Automations; Consumption Forecasting comparison; Category Leaderboard Dashboard comparison; Amazon Fresh support comparison; Subscribe & Save Metrics comparison; Retailer Profitability Alerts","Switching to Pacvue can reintroduce revenue and availability risks previously controlled by CommerceIQ.; CommerceIQ ESM differentiates through automation integrity and closed-loop execution across the value chain.; CommerceIQ provides deeper supply chain, PO correction, and digital shelf remediation capabilities than Pacvue.; Scale and proven impact (billions of automations, $515M+ impact) reinforce CommerceIQ’s maturity.","CommerceIQ vs Pacvue Commerce comparison; Choosing ESM over Pacvue; Pacvue competitive battle card; CommerceIQ automation integrity; Pacvue supply chain gaps; CommerceIQ vs Pacvue feature comparison; Why not Pacvue Commerce; CommerceIQ PO error correction vs Pacvue; CommerceIQ 3P catalog correction; Pacvue OOS issues case example; CommerceIQ intraday automations; Pacvue digital shelf comparison; CommerceIQ cumulative impact metrics; CommerceIQ SKU suppression ticketing; Pacvue Buy Box impact tracking","ESM First Call Deck – high-level platform overview without competitive framing; ESM Second Call Deck – detailed product walkthrough for deeper discovery conversations; RMM Competitive Battle Cards – focused on retail media advertising competitors rather than ecommerce sales management; General ESM Datasheet – summary of features without side-by-side competitor comparison","CommerceIQ Ecommerce Sales Management (ESM); Pacvue Commerce","Pacvue Commerce","Large unnamed Amazon customer (case example)","2 Billion+ Automations; $515 Million+ Cumulative Impact","Automatic PO Error Correction; Intraday Automations; SKU Suppression Ticketing; Variation Ticketing; 3P Catalog Correction; Quantified Lost Buy Box Impact; Sales Drop Diagnostic; Content Integrity; Retailer Profitability Alerts; Consumption Forecasting; Shipment Forecasting; Availability Monitoring","","","Active"
"Demo_Content Agent","https://docs.google.com/document/d/13uwOSAVOPNJALbyX3givIDoAdRi987o48V_iUfQ8_Qg/edit?usp=drivesdk","13uwOSAVOPNJALbyX3givIDoAdRi987o48V_iUfQ8_Qg","talk-track","Provide a structured, persuasive demo script for presenting Content Agent to prospects.","This is the Demo_Content Agent – a structured demo script and talk track for presenting AllyAI’s Content Agent, covering the product’s core value proposition, problem framing, optimization capabilities (SEO, AEO, GEO), PIM-to-PDP comparison workflow, retailer rule monitoring, trend-based recommendations, and approval-to-publish process in minutes without adding headcount.","Use during live product demos, second-call walkthroughs, or when preparing sales reps to present Content Agent’s value proposition and workflow.","Sales representatives, solutions consultants, and customer-facing teams demoing Content Agent to brands and retail eCommerce teams.","Introduction hook and problem framing; Evolution from SEO to AEO and GEO; Retailer search and AI assistant impact; PIM vs live PDP discrepancies; Continuous content monitoring; Trend- and retailer rule-based recommendations; High-impact issue prioritization; Approval and publishing workflow; Headcount efficiency and automation; Proactive vs reactive content management","Continuous comparison between PIM and live PDPs; Flags highest-impact content issues; Recommendations based on keyword trends; Recommendations based on retailer rules and guidelines; Optimization for SEO (Search Engine Optimization); Optimization for AEO (Answer Engine Optimization); Optimization for GEO (Generative Engine Optimization); Content inconsistencies across retailer PDPs; Manual SKU auditing described as ‘whack-a-mole’; Retailer chatbots influencing shopper experience; AI assistants shaping product visibility; Generative search experiences impacting buying decisions; Approval and publish workflow completed in minutes; No additional headcount required for scaling optimization; Direct mention of Amazon title edits as example of content drift","Content Agent automates continuous PDP optimization across retailers.; The product reduces manual auditing and reactive content fixes.; Optimization now spans SEO, AEO, and GEO—not just traditional search.; Teams can identify and fix high-impact issues quickly through an approval-based workflow.; The tool keeps PIM and retailer PDP content aligned at scale.","Content Agent demo script; How to demo AllyAI Content Agent; Content Agent talk track; PIM vs PDP comparison demo; How does Content Agent optimize for SEO AEO GEO; Content Agent retailer rule monitoring; Content Agent approval and publishing workflow; Content Agent value proposition; How to position AEO and GEO in sales call; Content Agent continuous content monitoring; Retail PDP optimization demo; Content Agent headcount savings messaging; Content Agent Amazon content sync explanation; Content Agent proactive content optimization","Content Agent Product Box – defines pricing, packaging, and commercial structure rather than demo flow; Content Agent Datasheet – high-level feature summary without full demo narrative; Sales Agent Demo Script – covers a different product focused on AI-generated sales presentations; Case Study Library – contains quantified customer results rather than positioning talk track","AllyAI Content Agent; Content Agent","","","","Continuous PIM-to-PDP comparison; High-impact issue flagging; Trend-based content recommendations; Retailer rule-based optimization; SEO optimization; AEO optimization; GEO optimization; Approval and publish workflow; Retailer PDP monitoring","","","Active"
"Helium10 Comparison","https://docs.google.com/presentation/d/1rHrAXhAUL47JPp0l2cn2d1NTkW7Q5mQL8dTANoYZ2Ro/edit?usp=drivesdk","1rHrAXhAUL47JPp0l2cn2d1NTkW7Q5mQL8dTANoYZ2Ro","battle-card","Equip sales teams to win competitive deals against Helium 10","This is the Helium10 Comparison - a detailed competitive comparison document contrasting CommerceIQ’s Digital Shelf and Market Share capabilities against Helium 10 across data coverage, accuracy, integrations, global scale, scraping frequency, onboarding, customer success, and feature depth.","Use during competitive sales cycles where Helium 10 is mentioned, for objection handling, or when positioning CommerceIQ’s Digital Shelf and Market Share capabilities against Amazon-centric tools.","Sales representatives, sales engineers, account executives, and competitive intelligence teams","Market Share Coverage; Sales & Revenue Projections; Integrations (POS, Advertising, Availability); Historical Data at Launch; Global Scale; Mobile App Coverage; Data Accuracy; Scraping Frequency; Share of Voice Coverage; Store-Level Data; Onboarding & Customer Success; Customizability","550+ retailers covered in 50+ countries; Digital Shelf measurement on 50+ mobile apps; 90% data accuracy stated; Data gathered from millions of product listings daily; QC team validating extracted data; Data refreshes 2x per week; Pricing scraped multiple times per day; Store-level data for Walmart, Target, Kroger; Weekly revenue estimation model for every competitor brand in category; Market share available for Amazon, Walmart, Best Buy, Chewy, Target; Integration with POS, Advertising, Availability data; Machine-driven in-depth crawling for onboarding; Dedicated customer success team with regional language support; Helium 10 lacks live support and requires monitoring; Ability to scrape entire category and all competitors for share of search/shelf","CommerceIQ positions itself as a global, omnichannel solution versus Helium 10’s more limited marketplace scope.; CommerceIQ differentiates strongly on integrations, store-level data, and root-cause analysis.; Data accuracy, QC validation, and scraping depth are major competitive talking points.; Helium 10 is positioned as having limited advertising optimization and competitive comparison capabilities.; CommerceIQ emphasizes enterprise-grade onboarding and customer success support.","CommerceIQ vs Helium 10; Helium 10 competitive comparison; How does CommerceIQ compare to Helium 10?; Helium 10 market share coverage; CommerceIQ data accuracy vs Helium 10; Helium 10 store-level data; CommerceIQ scraping frequency; Helium 10 onboarding support; CommerceIQ global retailer coverage; Helium 10 advertising optimization capabilities; CommerceIQ share of voice coverage; Helium 10 limitations; CommerceIQ integration with POS and advertising; Helium 10 mobile app coverage; CommerceIQ competitive battle card Helium 10","CommerceIQ Digital Shelf Datasheet – feature overview without competitor comparison; CommerceIQ Market Share Product Overview – standalone product description; CommerceIQ Pricing Documents – contains commercial terms not included here; Other Competitive Battle Cards (e.g., Pacvue, Skai) – different competitors","CommerceIQ Digital Shelf; CommerceIQ Market Share; Helium 10","Helium 10","","550+ retailers; 50+ countries; 50+ mobile apps; 90% data accuracy; 2x per week data refresh; Pricing scraped multiple times per day","Weekly revenue estimation model; Share of search and share of shelf reporting; Store-level data for Walmart, Target, Kroger; POS and advertising integrations; Machine-driven in-depth crawling; Category customization; QC data validation team; Dedicated customer success team; Regional language support","","","Active"
"AllyAI Product Hub","https://docs.google.com/document/d/1MAP6MkhW7IZrAGWFLrFZHCSIT4B2E3cRj4DUscZyrMw/edit?usp=drivesdk","","enablement-guide","Centralized internal hub for AllyAI sales and product enablement assets","This is the AllyAI Product Hub – a centralized internal sales enablement and product resource library containing pitch decks, Product Boxes, messaging frameworks, datasheets, demo links, certification trainings, SKO recordings, competitive FUD questions, feature lists, geo/retailer coverage details, and contact owners for all AllyAI Agents (Sales Agent, Shelf Agent, Content Agent, Media Agent). It serves as the single source of truth for go-to-market assets, product positioning, training materials, and cross-agent capabilities.","Use when searching for any AllyAI Agent deck, Product Box, messaging framework, certification training, demo script, competitive positioning, geo coverage details, or product contact owner.","Internal Sales, Marketing, Product, Enablement, and Customer-facing teams","Agent-specific assets (Sales, Shelf, Content, Media); Pitch decks (First Call, Second Call); Product Boxes and messaging frameworks; Training & certification recordings (SKO, webinars); Digital Shelf Analytics & Retail Media capabilities; Competitive positioning & FUD talk tracks; Geo and retailer coverage; Automation metrics & ROI proof points; Consulting & managed services offerings; Product roadmap (Ask AllyAI, GEO, AEO)","3B+ automations; 6 of top 10 CPG customers; $200M+ deductions recovered; 2,500+ annual FTE hours saved; Amazon coverage across US, CA, MX, UK, DE, IT, FR, ES, AU, NL, PL, Pan EU; 110 countries with DSO active; SKO 2/2–2/5 with GTM Kickoff Austin Deck 2/3/26; Content Agent_datasheet.pdf; Sales Agent Certification and Shelf Agent Training; Ask AllyAI (Q1) and Ask AllyAI Diagnostics (Q1); GEO Optimization (Q2) and AEO for Walmart (Q2); Competitive FUD vs Stackline weekly data updates; Shalion comparison for DSA; Retailer Copilots (AVC); iROAS optimization linking media, sales, and digital shelf","This is the central source of truth for all AllyAI GTM assets.; AllyAI spans Sales, Shelf, Content, and Media Agents with shared automation backbone.; Strong proof points: automation scale, enterprise CPG adoption, financial impact.; Broad geo and retailer coverage across Amazon and 110 DSO markets.; Clear competitive positioning vs Stackline and Shalion.","AllyAI Sales Agent 2nd Call Deck; Content Agent certification recording 2/13; AllyAI Product Box Sales Agent; Media Agent messaging framework; DSA comparison vs Stackline; Shalion competitive positioning; Ask AllyAI roadmap Q1; Amazon geo coverage list AllyAI; SKO 2026 training recordings; AllyAI automation metrics 3B automations; Retailer Copilots AVC details; Content Agent datasheet pdf; AllyAI demo script link; Who owns Content Agent product; AllyAI FUD questions Stackline","Sales Agent Product Box – detailed positioning and pricing for Sales Agent only; AllyAI Sales Agent 2nd Call Deck – customer-facing deep dive presentation; Content Agent Datasheet – external summary one-pager; Media Agent Battle Card – competitive comparison document","AllyAI; Sales Agent; Shelf Agent; Content Agent; Media Agent; Ask AllyAI; Retailer Copilots (AVC); Digital Shelf Analytics (DSA)","Stackline; Shalion","","3B+ automations; 6 of top 10 CPG customers; $200M+ deductions recovered; 2,500+ annual FTE hours saved; 110 countries DSO coverage","Bid optimization; Budget pacing; Metric selection; SEO Optimization; AEO Optimization BETA; Content compliance reporting; Retail Media Tracker; Competitive Intelligence; Automated reporting; Dispute management automation","","","Work In Progress"
"Content Agent FAQ","https://docs.google.com/document/d/1k65CnPFcC4C4Xn4WupAX11scdADL1BYHQlA3t_RTpR4/edit?usp=drivesdk","1k65CnPFcC4C4Xn4WupAX11scdADL1BYHQlA3t_RTpR4","enablement-guide","Standardize internal answers to implementation, compliance, and pricing questions about Content Agent.","This is the Content Agent FAQ - an internal, confidential Q&A document covering implementation details, PIM integrations, retailer guideline optimization, pricing structure, Early Access terms, and the 90% PIM Compliance guarantee for the Content Agent product.","Use during sales calls, technical validation discussions, PIM integration planning, compliance guarantee conversations, and Early Access pricing objections.","Sales representatives, solutions consultants, customer success managers, and sales leadership supporting Content Agent deals","PIM integration strategy; Salsify one-click integration; Non-Salsify PIM integrations (2-week timeline); Procat implementation path for non-PIM customers; 90% PIM Compliance guarantee; Compliance improvement performance (10+ point lift); Early Access pricing model; Retailer guideline optimization (Amazon, Walmart); Brand context tuning via natural language; Expansion pricing beyond 1 brand/category","Brand context adjustments currently at account level; Profile-level context adjustments in development; Salsify integration code already built; Non-Salsify PIM integrations completed in ~2 weeks; Procat used for customers without a PIM; Named contact: Srujay Gautam for PIM questions; 90% PIM Compliance guarantee referenced; 10+ point compliance improvement achieved in current implementations; Newell case study slide cited as proof point; Early Access includes free use for life of contract (1 brand/category, 1 retailer); Expansion pricing provided after 60 days post–go live; Retailer specifications include character counts and brand-name-first rules; Supports Amazon and Walmart guideline optimization; Brand can tune output via natural language context engine; Customers retain control to accept or reject recommendations","Content Agent is low-risk with a free Early Access structure and strong compliance results.; Salsify is the fastest integration path, but other PIMs can be integrated in about two weeks.; The product is retailer-aware and incorporates Amazon and Walmart guidelines automatically.; The team is confident in achieving over 90% compliance based on current implementations.","Content Agent FAQ; Content Agent PIM integration details; Salsify integration Content Agent; Non-Salsify PIM integration timeline; Content Agent 90% compliance guarantee; What happens if we don’t hit 90% compliance?; Content Agent Early Access pricing; Free Content Agent for life of contract; Content Agent expansion pricing after 60 days; Does Content Agent optimize for Amazon guidelines?; Does Content Agent support Walmart specifications?; Brand context tuning Content Agent; Procat integration Content Agent; Who handles PIM integrations?; Newell compliance case study Content Agent","Content Agent Product Box – broader product definition and positioning document; Content Agent First Call Deck – high-level sales overview presentation; Newell Case Study – detailed customer results document; RMM or Sales Agent materials – separate products and value propositions","Content Agent; Procat; Salsify","","Newell","90% PIM Compliance guarantee; 10+ point compliance improvement; 1 brand/category included in Early Access; 1 retailer included in Early Access; 60 days post–go live before expansion pricing; ~2 weeks for non-Salsify PIM integration","Retailer guideline optimization; Natural language context engine tuning; Account-level brand context controls; Profile-level controls (in development); One-click Salsify integration; PIM compliance scoring; Accept/reject recommendation control","","","Active"
"Competitive Comparisons","https://docs.google.com/presentation/d/1HRjFsZMuSaYpiTZJaBUskplFvOO6mOYkeh9dbwS8dNU/edit?usp=drivesdk","1HRjFsZMuSaYpiTZJaBUskplFvOO6mOYkeh9dbwS8dNU","battle-card","Equip sales teams with a comprehensive competitive benchmarking and differentiation tool.","This is the Competitive Comparisons - a comprehensive cross-portfolio competitive analysis deck that benchmarks CommerceIQ against key competitors (Flywheel/Ascential/Omnicom, Pacvue, Profitero, Stackline, Skai, Tinuiti, Data Impact, Supplypike, Dimetyde) across ESM, RMM, DSA, Market Share, and Profit Recovery Automations capabilities using side-by-side feature matrices and percentage-based strength indicators.","Use in competitive deals, RFP responses, renewal defenses, consolidation pitches, and when positioning CommerceIQ against Pacvue, Profitero, Stackline, Flywheel, Skai, Tinuiti, Supplypike, or Dimetyde.","Sales representatives, account executives, sales engineers, customer success managers, and revenue leaders involved in competitive deals","Total Platform Comparison; ESM (Ecommerce Sales Management) Capabilities; RMM (Retail Media Management) Capabilities; DSA (Digital Shelf Analytics) Capabilities; Market Share Capabilities; Profit Recovery Automations (PRA) Capabilities; AI-Driven Innovation; Connected All-in-One Solution Positioning","100% / 75% / 50% / 0% capability scoring key; Predicted Out of Stocks (OOS Forecasts & Actions); Automated Detail Page Ticketing; Retailer Margin Improvements; Automated Sales Leakage Prevention; Retail-Aware Advertising; Share of Voice Optimization; Dayparting and Budget Optimization; Automated Bidding and Incrementality; Intraday Scraping; Store-Level Availability Data; Data Accuracy & Reliability; AI-Powered Predictive Analytics; Automated, Multiphase Dispute Process; Shortages Prevention and Chargeback Disputes","CommerceIQ offers an integrated, end-to-end ecommerce platform versus point solutions or agency-led models.; CIQ differentiates strongly through AI-driven automation across sales, media, digital shelf, market share, and profit recovery.; Competitors often rely on integrations or partial capabilities rather than native, connected workflows.; CommerceIQ’s advantage increases in enterprise use cases requiring predictive analytics and automation.","CommerceIQ vs Pacvue comparison; CommerceIQ vs Profitero digital shelf; CommerceIQ vs Stackline market share; CommerceIQ vs Flywheel agency; CommerceIQ vs Skai retail media; CommerceIQ vs Supplypike profit recovery; CommerceIQ competitive landscape; CIQ all-in-one vs point solutions; CommerceIQ RMM comparison; CommerceIQ ESM capabilities vs competitors; CommerceIQ DSA intraday scraping comparison; CommerceIQ PRA automation comparison; Retail-aware advertising comparison; AI-powered dispute automation comparison","RMM Second Call Deck – detailed product walkthrough with implementation and pricing; First Call Deck – high-level introductory presentation; Product Box – product definition, positioning, and packaging document; Pricing Calculator – financial ROI and cost modeling tool","CommerceIQ; ESM; RMM; DSA; Market Share; Profit Recovery Automations","Flywheel; Ascential; Omnicom; Pacvue; Profitero; Stackline; Skai; Tinuiti; Data Impact; Supplypike; Dimetyde; Salsify; VIZIT; Publicis","","100% / 75% / 50% / 0% capability benchmark scale","Predicted OOS Forecasts & Actions; Automated Detail Page Ticketing; Retailer Margin Improvements; Automated Sales Leakage Prevention; Retail-Aware Advertising; Automated Bidding; Incrementality Measurement; Intraday Scraping; Store-Level Availability Data; AI-Powered Predictive Analytics; Automated Multiphase Dispute Process","","","Active"
"Databricks Competitive Comparison & Overview","https://docs.google.com/document/d/1jckmA_8JEEwTzxVWg9KlGV98YwgyDNi7crNZ4HKp-ys/edit?usp=drivesdk","1jckmA_8JEEwTzxVWg9KlGV98YwgyDNi7crNZ4HKp-ys","battle-card","Enable sales teams to position CommerceIQ against Databricks in competitive deals","This is the Databricks Competitive Comparison & Overview - a detailed competitive analysis and positioning document outlining Databricks’ platform capabilities (Delta Lake, Apache Spark, MLflow, Databricks SQL, collaborative workspace), pricing model (DBU-based compute, storage, enterprise add-ons), and a side-by-side comparison with CommerceIQ, highlighting differences in target audience, technology stack, and use cases such as eCommerce optimization vs. enterprise-wide data engineering and AI/ML.","Use during competitive sales cycles when Databricks is mentioned as an alternative, especially if a prospect considers building custom analytics infrastructure instead of buying CommerceIQ.","Internal sales teams, sales engineers, and competitive intelligence stakeholders at CommerceIQ","Overview of Databricks company and platform; Key Databricks offerings (Delta Lake, Spark, MLflow, Workspace, SQL); Data Science and Engineering capabilities; Pricing model (DBUs, storage, enterprise add-ons); Target audience comparison (broad industries vs eCommerce brands); Technology stack comparison; CommerceIQ product suite overview; Competitive positioning and differentiation; Use case comparison (AI/ML vs eCommerce optimization)","Databricks founded by creators of Apache Spark; Unified analytics platform combining data engineering, data science, and BI; Delta Lake as open-source storage layer for reliable data lakes; Apache Spark as core analytics engine; MLflow for managing ML lifecycle; Databricks SQL optimized for lakehouse architecture; Interactive notebooks with multi-language support; Automated cluster management; Subscription-based pricing using Databricks Units (DBUs); Compute costs based on DBU consumption; Storage costs based on data volume processed and stored; Enterprise features and support increase total cost; CommerceIQ Profit Recovery Automation; CommerceIQ Digital Shelf Analytics and Optimization; CommerceIQ Retail Media Management and eCommerce Sales Management","Databricks is a generalized data and AI infrastructure platform, not an eCommerce-specific solution.; CommerceIQ is purpose-built for eCommerce brands with operational workflows and profit-focused automation.; Databricks pricing is usage-based (DBUs and storage), often requiring custom quotes.; Both companies leverage AI, but serve different target audiences and use cases.","Databricks vs CommerceIQ comparison; How do we compete with Databricks?; Databricks competitive battle card; Databricks pricing model DBU explanation; Difference between Databricks and CommerceIQ; Is Databricks an eCommerce solution?; Databricks Delta Lake overview; CommerceIQ vs Databricks positioning; Databricks SQL lakehouse explanation; When to position CommerceIQ against Databricks; Databricks target industries; CommerceIQ profit recovery vs Databricks; Databricks subscription pricing details; Databricks MLflow and Spark capabilities","CommerceIQ Product Overview Deck – focuses only on CommerceIQ capabilities without competitor framing; CommerceIQ Pricing Sheet – details CommerceIQ pricing tiers, not competitor pricing; Retail Media Management Battle Card – focuses on advertising competitors, not data platforms like Databricks; Technical Integration Guide – provides implementation details rather than competitive positioning","Databricks; Delta Lake; Apache Spark; MLflow; Databricks Workspace; Databricks SQL; CommerceIQ; Profit Recovery Automation; Digital Shelf Analytics and Optimization; Retail Media Management; eCommerce Sales Management","Databricks","","Databricks Units (DBUs) for compute consumption","Delta Lake storage layer; Apache Spark analytics engine; MLflow ML lifecycle management; Databricks SQL lakehouse warehouse; Interactive notebooks with multi-language support; Automated cluster management; Profit Recovery Automation; Digital Shelf Analytics; Retail Media Management","","","Active"
"Quartile - Competitive Overview","https://docs.google.com/document/d/1C-84_-wMXEXQvW5qRhB3CuF5MmVL4gp-CYcr71NCIvM/edit?usp=drivesdk","1C-84_-wMXEXQvW5qRhB3CuF5MmVL4gp-CYcr71NCIvM","battle-card","Equip sales teams to competitively position CommerceIQ against Quartile","This is the Quartile - Competitive Overview - a detailed competitive comparison document outlining Quartile’s advertising-focused capabilities versus CommerceIQ’s broader e-commerce platform, including product-by-product comparisons (Retail Media Management, Ecommerce Sales Management, Digital Shelf Optimization, Profit Recovery Automation, Market Share), AI-driven optimization features, incrementality measurement (iROAS), target customer segmentation, strengths and weaknesses, and competitive positioning/FUD strategy.","Use during competitive sales cycles when Quartile is mentioned, in late-stage deals requiring differentiation, in objection handling around AI-driven ad optimization, or when positioning CommerceIQ’s broader platform vs ad-only solutions.","Sales representatives, account executives, solution consultants, and sales leadership involved in competitive deals against Quartile","CommerceIQ vs Quartile product comparison; Retail Media Management (RMM) capabilities; AI-based Incrementality Estimation (iROAS); Digital Shelf Optimization (DSO); Profit Recovery Automation (PRA); Market Share tracking and competitive insights; Cross-channel ad management (Amazon, Walmart, Instacart, Google, Facebook); Strengths and weaknesses analysis; Target customer segmentation; Competitive claims and FUD strategy","AI-based Incrementality Estimation Module using iROAS; Automated bid and spend adjustments (hourly adjustments based on real-time demand); Inventory-aware advertising; Full funnel retail media optimization; SKU-level reporting; Cross-retailer reporting and taxonomy-based customized reporting; Sponsored Products, Sponsored Brands, Sponsored Display, SBV, DSP support; Amazon DSP, Google Ads, Walmart Ads, Instacart Ads, Facebook Ads management; Digital Shelf Optimization with generative AI content creation; Profit Recovery Automation focused on chargebacks and revenue recovery; Market Share tracking across retailers and categories; Real-time KPI reporting; Dynamic share of voice and search ranking optimization; Enterprise focus across CPG, electronics, apparel; Quartile positioned as ad-specialized vs CommerceIQ as integrated platform","CommerceIQ offers a broader, integrated e-commerce platform beyond just advertising.; Quartile specializes in AI-driven ad optimization but lacks broader operational capabilities.; Incrementality measurement via iROAS and inventory-aware advertising are major CommerceIQ differentiators.; CommerceIQ is better suited for large enterprises with cross-functional needs.; Quartile is positioned as ideal for sellers focused primarily on maximizing marketplace ad ROI.","CommerceIQ vs Quartile comparison; How does CommerceIQ compare to Quartile?; Quartile competitive battle card; CommerceIQ incrementality vs Quartile; iROAS vs Quartile AI optimization; Quartile strengths and weaknesses; Inventory-aware advertising vs Quartile; CommerceIQ RMM vs Quartile; Quartile FUD response; Is CommerceIQ only for ads?; Quartile Amazon ad optimization comparison; CommerceIQ digital shelf vs Quartile; Profit recovery vs Quartile; CommerceIQ enterprise vs Quartile SMB focus","RMM Product Deck – focuses on CommerceIQ features without competitive positioning; First Call Deck – high-level introduction without deep competitive analysis; Pricing Calculator – financial ROI modeling tool; General Competitive Overview (multi-competitor) – broader landscape vs single-competitor focus","Ecommerce Sales Management (ESM); Retail Media Management (RMM); Digital Shelf Optimization (DSO); Profit Recovery Automation (PRA); Market Share (MS); AI-based Incrementality Estimation Module; Sponsored Product Ads; Sponsored Brands Ads; Sponsored Display Ads; Amazon DSP","Quartile","","iROAS (incremental Return on Ad Spend); Hourly automated bid and budget adjustments","Inventory-aware advertising; Full funnel optimization; Automated bid and spend adjustments; Real-time KPI reporting; Cross-retailer reporting; Customized taxonomy-based reporting; Generative AI content optimization; Dynamic share of voice optimization; SKU-level reporting; Incrementality reporting and optimization","","","Active"
"Teikametrics Comparison","https://docs.google.com/presentation/d/16DCsGMLvvzsk7NT5XEGn7rUoetihb5uuGqpZCsgVb8M/edit?usp=drivesdk","16DCsGMLvvzsk7NT5XEGn7rUoetihb5uuGqpZCsgVb8M","battle-card","Enable sales teams to competitively position CommerceIQ against Teikametrics.","This is the Teikametrics Comparison - a competitive battle card-style document that provides a side-by-side capability comparison between CommerceIQ and Teikametrics across retail media, share of voice optimization, Amazon Marketing Cloud integration, budget automation, incrementality measurement, and supported retail platforms.","Use during competitive sales cycles, RFP responses, renewal defense conversations, objection handling when Teikametrics is mentioned, and when prospects ask about AMC, SOV, incrementality, or retail-aware automation differences.","Sales executives, account executives, solutions consultants, and revenue enablement teams involved in competitive deal cycles against Teikametrics.","Share Growth Capability; Amazon Marketing Cloud Integration; Supported Advertising Platforms; Retail-Aware Advertising; Share of Voice (SOV) Optimization; Budget Optimization; Incrementality and iROAS; Keyword Classification Automation; Inventory-Aware Advertising; Omnichannel Retail Media Coverage","Automatic flagging of competitive OOS conquesting opportunities; Full market SOV and traffic insights at all retailers; AI automation of generic/branded/conquesting keyword classification; Manual keyword classification by Teikametrics; AMC fully integrated into CommerceIQ platform; Search + Display and Search + Display + OTT performance reporting; Multi-touch attribution table in AMC; Teikametrics lacks in-platform AMC capabilities; CommerceIQ supports AMS, DSP, Walmart, Criteo, Citrus, Instacart, Kroger (Q3); New retailer onboarding in 2–3 weeks; Tracks several thousand keywords driving >80% of sales; Teikametrics tracks 75–200 keywords; Weighted SOV and item-level SOV vs Brand Coverage in Search (BCS); Automated day-of-week budget optimization and event over-indexing (Prime Day); Incrementality ROAS (iROAS) built via Machine Learning combining SOV and ROAS","CommerceIQ positions itself as more automated and AI-driven than Teikametrics.; CommerceIQ offers deeper retail and inventory integration into ad optimization.; CommerceIQ provides native AMC integration and multi-touch attribution, unlike Teikametrics.; CommerceIQ differentiates strongly on weighted SOV tracking and incrementality measurement.; Teikametrics relies more heavily on manual processes and traditional ROAS metrics.","CommerceIQ vs Teikametrics comparison; How does CommerceIQ compare to Teikametrics?; Teikametrics competitive battle card; CommerceIQ AMC integration vs Teikametrics; Weighted SOV vs Brand Coverage in Search; Does Teikametrics support incrementality ROAS?; CommerceIQ iROAS explanation; Teikametrics keyword tracking limits; CommerceIQ inventory-aware advertising; CommerceIQ supported retailers list; Teikametrics AMC capabilities; CommerceIQ Prime Day budget optimization; CommerceIQ conquesting OOS automation; Teikametrics DSP integration details; CommerceIQ omnichannel retail media support","CommerceIQ Product Overview Deck – provides general platform capabilities without competitor comparison.; CommerceIQ First Call Deck – high-level introductory sales presentation.; CommerceIQ Pricing Sheet – outlines commercial terms and packaging.; CommerceIQ Case Study Library – contains customer results rather than feature comparisons.","CommerceIQ; Teikametrics; Amazon Marketing Cloud (AMC); AMS; DSP; Criteo; Citrus; Instacart; Kroger","Teikametrics","","Tracks several thousand keywords driving >80% of sales; Teikametrics tracks 75–200 keywords; New retailer onboarding in 2–3 weeks","Competitive OOS conquesting automation; Full market Share of Voice tracking; AI keyword classification; Native AMC integration; Multi-touch attribution table; Inventory and profit-aware advertising; Item-level competitive mapping and elasticity; Weighted SOV and item-level SOV; Automated day-of-week budget optimization; Incrementality ROAS (iROAS)","","","Active"
"AGO - Chorus Recording / Demo Video Links","https://docs.google.com/document/d/1fwLWPNbVMpP8wOEyaYpkY75TTa0c7y5vrdZ2GztKXLs/edit?usp=drivesdk","1fwLWPNbVMpP8wOEyaYpkY75TTa0c7y5vrdZ2GztKXLs","enablement-guide","Centralized access point for AGO call recording and demo video","This is the AGO - Chorus Recording / Demo Video Links - a centralized reference document containing direct links to the AGO Chorus call recording and associated product demo video for sales review and enablement purposes.","Use when a team member needs the AGO Chorus call recording, the AGO demo video, or wants to review a prior sales conversation or product walkthrough.","Account Executives, Sales Managers, Sales Enablement, and cross-functional stakeholders reviewing AGO calls or demos","AGO Chorus call recording link; AGO demo video link; Sales call review resource; Product demonstration access; Internal enablement asset hub","Includes a Chorus Recording link; Includes a Demo Video link; Focused specifically on AGO-related content; Designed for quick access to recorded assets; No embedded slides or presentation content; No pricing information included; No feature breakdown included; No competitive comparison included; No customer case studies included; Intended for internal sales enablement use","Provides a single source of truth for AGO call and demo recordings; Enables sales teams to review real customer conversations; Supports training, coaching, and deal follow-up with recorded content","AGO Chorus recording link; AGO demo video; AGO sales call recording; Chorus link for AGO; AGO product demo recording; AGO call replay; AGO demo walkthrough video; AGO recorded demo; AGO sales enablement recording; Where is the AGO demo link?","AGO First Call Deck – structured introductory sales presentation; AGO Second Call Deck – detailed product and pricing deep dive; AGO Product Box – positioning, features, and value proposition definition; AGO Battle Card – competitive comparison document; AGO Case Study – quantified customer success story","AGO","","","","","","","Active"
"Shalion Competitive Comparison","https://docs.google.com/document/d/1mFqLkUQq2lfegCTqKIQA6jacVWre4fwonrLaJ0GwOFg/edit?usp=drivesdk","1mFqLkUQq2lfegCTqKIQA6jacVWre4fwonrLaJ0GwOFg","battle-card","Equip sales teams to position CommerceIQ against Shalion in competitive deals.","This is the Shalion Competitive Comparison - a detailed side-by-side competitive analysis comparing CommerceIQ (CIQ) and Shalion across digital shelf optimization, retail media tracking, geolocation data, regional marketplace insights, competitive intelligence, AI-driven automation, and unified eCommerce management capabilities. The document outlines each company’s key offerings, claimed unique differentiators (e.g., geolocation data and advanced competitive intelligence), and provides guidance on which type of brand each platform is best suited for.","Use when Shalion is mentioned in a deal, during competitive objection handling, in RFP comparisons, or when prospects ask about geolocation, marketplace-level insights, or competitive intelligence differences.","Sales representatives, account executives, solutions consultants, and sales enablement teams involved in competitive deals against Shalion.","CommerceIQ vs Shalion overview; Unified platform vs specialized solution positioning; Digital Shelf Optimization capabilities; Retail Media tracking and optimization; Geolocation data and regional marketplace insights; Competitive intelligence tools comparison; AI-driven automation and predictive analytics; Market share analytics and real-time data integration; Data transparency and custom reporting; Positioning guidance and ideal customer fit","CommerceIQ Unified Platform (Sales Management, Digital Shelf, Retail Media, Profit Recovery); AI-driven insights and predictive analytics for demand forecasting; Real-time data integration across platforms; Market Share Analytics across retailers; Shalion Digital Shelf Optimization (Content Health and Compliance); Search Ranking and Share of Voice monitoring; Retail Media Tracker to optimize ROI; Geolocation data for regional performance analysis; Marketplace-level insights across local and regional marketplaces; Advanced and customizable competitive intelligence tools; Custom dashboards and data transparency reporting; Positioning: CIQ = comprehensive integrated platform; Positioning: Shalion = regional insights + competitive analysis focus","CommerceIQ differentiates with an end-to-end, AI-driven unified platform.; Shalion emphasizes geolocation data, regional marketplace insights, and competitive intelligence depth.; The right solution depends on whether a brand prioritizes full-stack automation or regional/competitive specialization.; Some of Shalion’s claimed unique capabilities (e.g., geolocation) are not fully unique.","CommerceIQ vs Shalion comparison; How does CIQ compare to Shalion?; Shalion competitive intelligence vs CommerceIQ; Does CommerceIQ offer geolocation data?; Shalion regional marketplace insights comparison; CommerceIQ unified platform vs Shalion; Shalion digital shelf optimization features; CIQ vs Shalion retail media tracker; CommerceIQ competitive battle card Shalion; When to choose CommerceIQ over Shalion; Shalion share of voice tracking; CommerceIQ market share analytics vs Shalion; Shalion competitive analysis tools; Difference between CommerceIQ and Shalion; Shalion in competitive deal positioning","CommerceIQ Product Overview Deck – general product capabilities without competitor comparison; RMM Second Call Deck – detailed retail media presentation for customer meetings; CommerceIQ Pricing Sheet – commercial and packaging details; General Competitive Intelligence Framework – methodology document rather than company-specific comparison","CommerceIQ; Shalion","Shalion","","","Unified Platform; eCommerce Sales Management; Digital Shelf Analytics; Retail Media Management; Profit Recovery Automation; AI-Driven Insights and Automation; Predictive Analytics; Real-Time Data Integration; Market Share Analytics; Digital Shelf Optimization; Content Health and Compliance; Search Ranking and Share of Voice; Retail Media Tracker; Geolocation Data; Competitive Intelligence Tools; Custom Reports and Dashboards","","","Active"
"Expert Insights FAQ - Internal","https://docs.google.com/document/d/1_l8U7aqQ-wpRgJcG_2pUquRSCH_R0l26nzd4qks7Rkc/edit?usp=drivesdk","1_l8U7aqQ-wpRgJcG_2pUquRSCH_R0l26nzd4qks7Rkc","enablement-guide","Provide internal sales and account teams with definitive policy and pricing guidance for ExpertIQ subscriptions and credits","This is the ExpertIQ Expert Insights FAQ – Internal - a comprehensive internal FAQ document covering ExpertIQ credit packages, pricing structure, ARR eligibility, credit expiration rules, contract terms, global usage, report options (DSO Insights and Amazon Marketing Cloud), and operational processes for quarterly planning and subscription management.","Use when structuring ExpertIQ deals, answering ARR eligibility questions, explaining credit expiration, planning quarterly deliverables, or clarifying pricing tiers and bundle options","Internal sales representatives, account managers, sales leadership, finance partners, and customer success teams","ExpertIQ credit package options; Annual subscription pricing and volume discounts; Ad-hoc 10-credit bundles; ARR eligibility rules; Credit expiration policies; Quarterly planning cadence; Global client credit usage; Report options (DSO Insights, AMC Reports); Contract term considerations; Operational workflow with Insights Manager","$25,000 minimum annual spend for 120 credits; $70,000 for 360 annual credits (3 packages, $5K discount); $150,000 for 840 annual credits (7 packages, $25K discount); Additional 10 credits for $2,100 per bundle; Subscription packages count toward ARR; ad-hoc bundles do not; Credits valid for one year under annual subscription; Up to 10 credits can be carried over if base subscription retained; Ad-hoc credits expire in 90 days or at contract end (whichever earlier); Example: 9/1 purchase with 9/30 contract end → expire 9/30; Quarterly planning cadence with flexibility; Support email: expertiq@commerceiq.ai; Reports include DSO Insights and Amazon Marketing Cloud (AMC); Menu updates communicated quarterly; Credits can be used across global markets with planning","ExpertIQ is a credit-based annual subscription with a $25K minimum; Only annual subscription packages count toward ARR goals; Credit expiration rules differ significantly between subscription and ad-hoc bundles; Quarterly planning with an Insights Manager is central to delivery; Global clients can allocate credits across markets with structured planning","ExpertIQ pricing; ExpertIQ $25K 120 credits; ExpertIQ ARR eligibility; Do ExpertIQ credits expire?; ExpertIQ 10 credit package $2100; ExpertIQ contract term less than one year; ExpertIQ carry over credits; ExpertIQ global client credit usage; ExpertIQ quarterly planning cadence; ExpertIQ DSO Insights credits; ExpertIQ AMC report cost; ExpertIQ SKU list internal; ExpertIQ expiration 90 days rule; Does ExpertIQ count toward sales quota?; ExpertIQ minimum annual spend","ExpertIQ External Menu – customer-facing report and credit menu; ExpertIQ Datasheet – high-level marketing overview; ExpertIQ SKU List and Rate Card – detailed internal pricing tables; RMM or ACP product FAQs – separate base product documentation","ExpertIQ; DSO Insights; Amazon Marketing Cloud (AMC); RMM; ACP; DSO","","","$25,000 minimum annual spend; 120 annual credits; $70,000 for 360 credits; $150,000 for 840 credits; $2,100 per 10-credit bundle; 90-day expiration for ad-hoc credits; Up to 10-credit carryover","Credit-based annual subscription; Quarterly planning sessions; Global credit allocation; ARR eligibility clarification; Credit expiration rules; Insights Manager support model; Quarterly menu updates","","","Work In Progress"
"Pacvue Commerce","https://docs.google.com/presentation/d/156Q3rD7XuaJRfdOZt1f8BaY2cSvVJAcazNCQpKDOfjU/edit?usp=drivesdk","156Q3rD7XuaJRfdOZt1f8BaY2cSvVJAcazNCQpKDOfjU","battle-card","Competitive feature comparison against Pacvue Commerce","This is the Pacvue Commerce – ESM by CIQ Feature Comparison document - a competitive feature comparison matrix outlining Pacvue Commerce capabilities versus CommerceIQ’s ESM (Enterprise Sales Management) solution across Category Analytics, Digital Shelf, Supply Chain, Reporting, and Customer Success. It itemizes specific functionality such as Market Share Measurement & Diagnostic, SKU Suppression Ticketing, Automatic PO Error Correction, Quantified Lost Buy Box Impact, and Intraday Automations to highlight capability differences.","Use during competitive sales cycles involving Pacvue, RFP responses, objection handling, or when a prospect requests a side-by-side capability comparison.","Sales executives, account executives, sales engineers, and revenue enablement teams involved in competitive deals against Pacvue","Category Analytics; Digital Shelf Monitoring; Digital Shelf Optimization; Supply Chain Capabilities; Reporting & Analytics; Retailer Profitability & Alerts; Automation Features; Customer Success Partnership; Feature Comparison Matrix","Market Share Measurement & Diagnostic; Category Leaderboard Dashboard; Availability monitoring; Content and Reviews tracking; Pricing & Promotion analysis; Competitive Alerts; Amazon Fresh support; SKU Suppression Ticketing; Variation Ticketing; 3P Catalog Correction; Consumption Forecasting; PO and Shipment Tracking; Automatic PO Error Correction; Quantified Lost Buy Box Impact; Price Elasticity analysis","CommerceIQ ESM includes advanced supply chain features like Automatic PO Error Correction.; CIQ provides profitability and margin-focused reporting such as Contribution Margin and Lost Buy Box Impact.; The platform extends beyond digital shelf into intraday automations and retailer profitability alerts.; Customer Success includes QBRs and strategic consulting, not just software access.","Pacvue Commerce vs CommerceIQ; ESM by CIQ feature comparison; Pacvue digital shelf capabilities; CommerceIQ vs Pacvue supply chain features; Does Pacvue support PO error correction?; Pacvue vs CIQ contribution margin reporting; Quantified Lost Buy Box Impact Pacvue comparison; Pacvue SKU suppression ticketing; Pacvue price elasticity analysis; Pacvue Amazon Fresh support; Pacvue intraday automations; Pacvue retailer profitability alerts; Pacvue Chrome plugin reporting; CommerceIQ competitive battle card Pacvue","CommerceIQ First Call Deck – high-level product overview without competitive breakdown; CommerceIQ Second Call Deck – deep dive into CIQ capabilities without side-by-side comparison; RMM Battle Cards – focused on retail media competitors rather than commerce/digital shelf; Pricing Calculator – models ROI and commercial terms instead of feature comparison","Pacvue Commerce; ESM by CIQ; CommerceIQ","Pacvue","","","Market Share Measurement & Diagnostic; Category Leaderboard Dashboard; Digital Shelf Monitoring; SKU Suppression Ticketing; Variation Ticketing; 3P Catalog Correction; Retailer Profitability Alerts; Intraday Automations; Consumption Forecasting; Automatic PO Error Correction; Quantified Lost Buy Box Impact; Price Elasticity; Customized Reporting; Quarterly Business Reviews","","","Active"
"ICP 1,2,3 Definitions","https://docs.google.com/presentation/d/1NTJ0XU3y_hoNzHP-VguvGHbqFGD-hKrIIOX8gJ4eL9Y/edit?usp=drivesdk","1NTJ0XU3y_hoNzHP-VguvGHbqFGD-hKrIIOX8gJ4eL9Y","enablement-guide","Define and standardize Ideal Customer Profile tiers for sales targeting.","This is the ICP 1,2,3 Definitions - a segmentation framework document that defines CommerceIQ’s Ideal Customer Profile (ICP) tiers by revenue thresholds and product categories across CPG and Hardlines. It outlines three ICP segments (ICP 1: Enterprise CPG, ICP 2: Mid-Market CPG, ICP 3: Enterprise Hardlines) with explicit annual revenue bands (>$1B and $300M–$1B) and detailed category coverage including Grocery, Beauty, Pet Supplies, Home & Kitchen, Electronics, and more.","Use when qualifying accounts by revenue band, defining enterprise vs mid-market, clarifying CPG vs Hardlines segmentation, aligning territory coverage, or determining ICP eligibility.","Sales, Sales Leadership, Marketing, RevOps, Territory Planning teams","ICP 1: Enterprise CPG definition; ICP 2: Mid-Market CPG definition; ICP 3: Enterprise Hardlines definition; Annual revenue thresholds by segment; CPG category coverage; Hardlines category coverage; Enterprise vs Mid-Market segmentation logic; Revenue qualification criteria in USD","ICP 1 revenue threshold: Greater than or equal to $1B USD; ICP 2 revenue range: $300M to less than $1B USD; ICP 3 revenue threshold: Greater than or equal to $1B USD; ICP 1 categories: Health & Household; ICP 1 categories: Grocery & Gourmet Food; ICP 1 categories: Pet Supplies; ICP 1 categories: Beauty & Personal Care; ICP 1 categories: Baby Products; ICP 1 categories: Alcohol; ICP 1 categories: Toys & Games; ICP 3 categories: Home & Kitchen; ICP 3 categories: Tools & Home Improvement; ICP 3 categories: Sports & Outdoors; ICP 3 categories: Automotive; ICP 3 categories: Electronics","Enterprise status is defined as ≥$1B USD in annual revenue.; Mid-market CPG is defined as $300M–<$1B USD in revenue.; CPG and Hardlines are segmented separately under distinct ICP tiers.; Category inclusion is explicitly defined to guide account qualification.","What is ICP 1 definition?; ICP 2 revenue threshold; ICP 3 Hardlines definition; Enterprise CPG revenue requirement; Mid-market CPG revenue range; Does $500M brand qualify as ICP 2?; What revenue qualifies as enterprise?; Hardlines ICP criteria; CommerceIQ ICP segmentation; CPG categories included in ICP; Is Electronics considered ICP 3?; ICP revenue bands in USD; Difference between ICP 1 and ICP 2; Target revenue threshold for sales qualification; CommerceIQ ideal customer profile definition","Target Account List – lists specific company names within ICP tiers; Product Box – defines product features and value proposition; Pricing Guide – outlines commercial models and pricing tiers; Sales Deck – presents product capabilities and case studies","","","","≥ $1B USD annual revenue (Enterprise threshold); $300M–<$1B USD annual revenue (Mid-Market CPG range)","ICP tier segmentation (1, 2, 3); Revenue-based qualification framework; Category-based vertical segmentation; CPG vs Hardlines classification","","2024","Active"
"Content Agent Messaging Framework","https://docs.google.com/document/d/1RQIltQVN7XE4uEUHziILcqDtpqHkEkDbjH22KRknIeU/edit?usp=drivesdk","1RQIltQVN7XE4uEUHziILcqDtpqHkEkDbjH22KRknIeU","talk-track","To standardize how Content Agent is positioned to Commercial and Sales buyers.","This is the Content Agent Messaging Framework – a structured messaging guide that defines how to position AllyAI’s Content Agent for the Commercial / Sales Buyer, including core value propositions, buyer-specific pain points, differentiation, proof points, objection handling, and talk tracks tailored to revenue-driving sales teams.","Use during call preparation, messaging refinement, persona-based sales training, or when tailoring Content Agent positioning to revenue-focused stakeholders.","Sales reps, account executives, sales leaders, and sales enablement teams positioning Content Agent to Commercial / Sales buyers","Commercial / Sales buyer persona definition; Core value proposition for Content Agent; Revenue-focused messaging pillars; Feature-to-benefit translation for sales audiences; Differentiation vs manual processes; Objection handling guidance; Proof points and impact framing; Discovery questions for sales conversations; Digital shelf and PDP optimization positioning","AllyAI Content Agent positioning for Commercial / Sales Buyer; Messaging tailored to revenue-driving stakeholders; Focus on PDP (Product Detail Page) performance; Emphasis on digital shelf optimization; AI-powered content gap identification; Proactive optimization recommendations; Alignment with retailer requirements; Support for joint business planning conversations; Conversion improvement positioning; Faster time to content correction; Reduced manual workflows between sales and marketing; Scalable content optimization across accounts; Objection handling for sales-led conversations","Content Agent should be positioned as a revenue driver, not just a content tool.; Commercial buyers care about conversion, retailer performance, and sales impact.; Messaging must translate AI features into measurable business outcomes.; Sales teams need structured talk tracks to align Content Agent with quota and growth goals.","Content Agent messaging framework; How to position Content Agent to VP of Sales; Content Agent talk track for Commercial buyer; AllyAI Content Agent sales messaging; Content Agent value proposition for revenue leaders; How to sell Content Agent to Sales teams; Commercial buyer positioning for Content Agent; Content Agent objection handling guide; Digital shelf messaging for Sales; PDP optimization messaging framework; AllyAI Content Agent sales narrative; Content Agent revenue impact messaging; Sales enablement messaging for Content Agent","Content Agent Product Box – defines packaging, pricing, and commercial structure; Content Agent First Call Deck – high-level introductory presentation; Content Agent Second Call Deck – detailed feature and demo walkthrough; Content Agent Battle Card – competitive comparison against specific vendors","AllyAI Content Agent","","","","AI-powered content gap identification; Proactive optimization recommendations; Digital shelf performance insights; PDP content analysis; Retailer compliance alignment","","","Active"